{ "path": [2,16,5,18,12,13,14,3,19,17,4,15,9,1,10,11,7,6,8],"timedPath": [[1, 0],[15, 188.01039864469809],[4, 207.51063810632232],[17, 214.86766071027748],[11, 237.86785361047842],[12, 249.67019678855306],[13, 267.35738112772464],[2, 278.1242645533233],[18, 2371.626577584767],[16, 722387.8864497964],[3, 1442400.3255544319],[14, 2162411.1068701223],[8, 2882422.4451357457],[0, 3602432.3363126093],[9, 4322449.379348864],[10, 5042459.487213171],[6, 5762474.159625256],[5, 6482483.666564351],[7, 7202493.5577412145]],"pathLength": 7202493.5577412145}
{ "path": [3,13,12,2,14,1,15,7,16,4,10,11,19,17,18,9,6,5,8],"timedPath": [[2, 0],[12, 261.0312195418814],[11, 270.83356271995603],[1, 284.25187938990587],[13, 311.8996954276244],[0, 561.2388849208382],[14, 567.8200237509225],[6, 578.7875283475785],[15, 585.9170170707753],[3, 592.7197927085073],[9, 609.3560626339506],[10, 619.463926940858],[18, 720626.8106149142],[16, 1440643.0704871258],[17, 2160667.171461505],[8, 2880687.411439997],[5, 3600694.17920695],[4, 4320716.5727322465],[7, 5040734.589815039]],"pathLength": 5040734.589815039}
{ "path": [18,12,5,2,3,14,1,19,7,6,17,16,10,9,15,11,4,13,8],"timedPath": [[17, 0],[11, 143.00019290020094],[4, 184.28364777673406],[1, 206.53387546173747],[2, 307.46978116893007],[13, 366.23666459452875],[0, 378.5758540877425],[18, 395.15628843187443],[6, 412.15657778023785],[5, 422.66351687456785],[16, 430.11442373621],[15, 443.45268935947877],[9, 530.42969894481],[8, 565.9696337827845],[14, 577.3078994060534],[10, 588.4768179138273],[3, 600.0474808264345],[12, 720612.2378486118],[7, 1440619.9586532314]],"pathLength": 1440619.9586532314}
{ "path": [5,14,2,12,3,13,1,7,17,6,16,19,10,11,15,4,9,18,8],"timedPath": [[4, 0],[13, 268.1662170220153],[1, 281.81403305973384],[11, 295.2323497296837],[2, 313.11887369854355],[12, 394.15009324042495],[0, 405.6361894811883],[6, 415.8430225984594],[16, 426.49127699940294],[5, 433.94218386104507],[15, 445.90153692063876],[18, 461.1172655344534],[9, 495.8786057887502],[10, 520.9864700956575],[14, 545.1553886034314],[3, 558.9367042937489],[8, 574.1343119209787],[17, 720594.3742904132],[7, 1440612.3913732064]],"pathLength": 1440612.3913732064}
{ "path": [3,19,5,18,13,2,12,14,1,7,6,17,16,10,11,15,9,4,8],"timedPath": [[2, 0],[18, 216.50231303144332],[4, 245.1703000838124],[17, 252.52732268776757],[12, 271.8152662624688],[1, 285.18518594879527],[11, 298.6035026187451],[13, 341.28645633315585],[0, 374.62564582636963],[6, 390.83247894364075],[5, 406.33941803797074],[16, 416.79032489961287],[15, 433.12859052288167],[9, 567.1056001082129],[10, 577.2134644151203],[14, 588.3823829228942],[8, 599.720648546163],[3, 611.9182561733928],[7, 625.5916144709961]],"pathLength": 625.5916144709961}
{ "path": [2,12,18,5,15,14,3,13,1,7,17,6,16,19,10,11,4,9,8],"timedPath": [[1, 0],[11, 133.41831666994986],[17, 156.4185095701508],[4, 168.77553217410596],[14, 270.57592498726893],[13, 285.4819388690216],[2, 296.24882229462025],[12, 339.28004183650165],[0, 377.766138077265],[6, 391.9729711945361],[16, 420.62122559547964],[5, 428.07213245712177],[15, 441.03148551671546],[18, 456.2472141305301],[9, 499.0085543848269],[10, 521.1164186917342],[3, 553.6870816043414],[8, 569.8846892315712],[7, 608.5027381225866]],"pathLength": 608.5027381225866}
{ "path": [3,12,18,5,17,13,2,14,1,6,16,7,19,10,11,15,4,9,8],"timedPath": [[2, 0],[11, 137.88652396885988],[17, 160.88671686906082],[4, 171.24373947301598],[16, 265.5616212294497],[12, 279.52912582610577],[1, 292.8990455124322],[13, 328.54686155015077],[0, 406.88605104336455],[5, 417.50409993437995],[15, 433.46345299397365],[6, 440.59294171717045],[18, 457.59323106553387],[9, 498.3545713198307],[10, 520.462435626738],[14, 545.631354134512],[3, 559.4126698248294],[8, 574.6102774520591],[7, 607.2283263430745]],"pathLength": 607.2283263430745}
{ "path": [18,12,5,14,3,2,13,1,6,17,16,7,19,10,11,15,4,9,8],"timedPath": [[17, 0],[11, 143.00019290020094],[4, 184.28364777673406],[13, 267.44986479874933],[2, 278.216748224348],[1, 293.1526539315406],[12, 324.52257361786707],[0, 430.0086698586304],[5, 438.6267187496458],[16, 446.07762561128794],[15, 457.41589123455674],[6, 464.54537995775354],[18, 481.54566930611696],[9, 497.3070095604138],[10, 520.4148738673211],[14, 545.5837923750951],[3, 559.3651080654125],[8, 574.5627156926423],[7, 607.1807645836577]],"pathLength": 607.1807645836577}
{ "path": [5,12,18,17,14,3,2,13,1,7,6,16,19,10,11,15,4,9,8],"timedPath": [[4, 0],[11, 143.2834548765331],[17, 166.28364777673406],[16, 264.3846221556034],[13, 280.04347173926107],[2, 290.81035516485974],[1, 305.74626087205235],[12, 358.1161805583788],[0, 373.60227679914215],[6, 390.80910991641326],[5, 406.31604901074326],[15, 429.27540207033695],[18, 444.4911306841516],[9, 518.2524709384484],[10, 530.3603352453557],[14, 547.5292537531296],[3, 561.3105694434471],[8, 575.5081770706768],[7, 607.1262259616922]],"pathLength": 607.1262259616922}
{ "path": [18,1,12,2,5,3,14,13,19,16,7,6,17,10,11,4,15,9,8],"timedPath": [[17, 0],[0, 204.12822231387142],[11, 211.57912917551354],[1, 224.9974458454634],[4, 245.2476735304668],[2, 279.40412841231023],[13, 300.1710118379089],[12, 344.8581961770805],[18, 409.72169546597985],[15, 433.9374240797945],[6, 441.0669128029913],[5, 450.5738518973213],[16, 458.0247587589634],[9, 508.6733748874294],[10, 524.7812391943368],[3, 552.351902106944],[14, 564.1332177972614],[8, 577.4714834205303],[7, 607.0895323115457]],"pathLength": 607.0895323115457}
