{ "path": [5,10,3,14,12,2,19,1,17,6,9,15,4,11,7,18,16,13,8],"timedPath": [[4, 0],[9, 271.2727414718077],[2, 277.88217546479336],[13, 297.64905889039204],[11, 310.3320126048028],[1, 323.75032927475263],[18, 544.2163561534668],[0, 558.7967904975987],[16, 565.5645574505651],[5, 573.0154643122072],[8, 580.7832312651735],[14, 592.1214968884424],[3, 602.9028125787598],[10, 614.473475491367],[6, 629.145887577065],[17, 720648.1498552688],[15, 1440668.0562763312],[12, 2160678.4446640513],[7, 2880686.165468671]],"pathLength": 2880686.165468671}
{ "path": [3,11,13,12,2,14,1,6,7,16,19,17,10,4,15,9,18,5,8],"timedPath": [[2, 0],[10, 248.74351290753603],[12, 266.3337428057106],[11, 276.1360859837852],[1, 289.55440265373505],[13, 321.2022186914536],[0, 452.5414081846674],[5, 461.1594570756828],[6, 470.6663961700128],[15, 477.7958848932096],[18, 493.0116135070242],[16, 509.27148571865354],[9, 528.9201018471196],[3, 557.5563717725629],[14, 568.3376874628804],[8, 580.6759530861492],[17, 720600.9159315784],[4, 1440608.2729541822],[7, 2160626.2900369754]],"pathLength": 2160626.2900369754}
{ "path": [2,9,13,3,12,14,19,17,6,1,7,16,10,11,15,4,18,5,8],"timedPath": [[1, 0],[8, 256.44302802448397],[12, 264.3955904434606],[2, 285.426809985342],[11, 303.3133339542019],[13, 354.99628766861264],[18, 385.46336082423153],[16, 438.72323303586086],[5, 446.174139897503],[0, 454.7921887885184],[6, 464.9990219057895],[15, 472.1285106289863],[9, 504.1055202143175],[10, 522.2133845212248],[14, 545.3823030289988],[3, 559.1636187193162],[17, 720579.936529745],[4, 1440587.2935523489],[7, 2160605.310635142]],"pathLength": 2160605.310635142}
{ "path": [18,7,13,12,14,3,2,1,16,6,17,19,10,11,4,9,15,5,8],"timedPath": [[17, 0],[6, 259.00396769173335],[12, 268.2635688943347],[11, 278.06591207240933],[13, 299.7488657868201],[2, 310.51574921241877],[1, 325.45165491961137],[0, 424.5745834683974],[15, 437.87460967378337],[5, 448.83396273337706],[16, 456.2848695950192],[18, 472.5447418066485],[9, 494.30608206094536],[10, 521.4139463678526],[3, 553.9846092804598],[8, 570.1822169076895],[14, 581.5204825309584],[4, 720606.3208753441],[7, 1440624.3379581373]],"pathLength": 1440624.3379581373}
{ "path": [3,12,18,5,2,15,14,13,1,7,6,19,17,16,10,11,9,4,8],"timedPath": [[2, 0],[11, 137.88652396885988],[17, 160.88671686906082],[4, 171.24373947301598],[1, 191.4939671580194],[14, 283.11988428531413],[13, 305.02589816706677],[12, 359.7130825062384],[0, 375.1991787470017],[6, 391.40601186427284],[5, 406.91295095860283],[18, 424.9923027943952],[16, 441.2521750060245],[15, 452.5904406292933],[9, 513.5674502146245],[10, 527.6753145215318],[8, 561.4028343881628],[3, 573.6004420153924],[7, 608.2738003129957]],"pathLength": 608.2738003129957}
{ "path": [5,1,12,18,3,14,2,13,7,6,17,16,19,10,11,4,15,9,8],"timedPath": [[4, 0],[0, 204.12822231387142],[11, 211.57912917551354],[17, 234.5793220757145],[2, 275.5934742070278],[13, 294.36035763262646],[1, 308.008173670345],[12, 366.37809335667146],[6, 390.6376945592728],[5, 406.1446336536028],[16, 416.5955405152449],[15, 432.9338061385137],[18, 448.14953475232835],[9, 509.91087500662513],[10, 525.0187393135325],[3, 552.5894022261397],[14, 564.3707179164571],[8, 577.708983539726],[7, 607.3270324307414]],"pathLength": 607.3270324307414}
{ "path": [2,16,12,5,18,3,14,13,1,6,7,17,19,10,11,15,4,9,8],"timedPath": [[1, 0],[15, 188.01039864469809],[11, 198.90295515458598],[4, 222.1864100311191],[17, 229.54343263507425],[2, 275.55758476638755],[13, 294.3244681919862],[12, 331.01165253115784],[0, 398.4977487719212],[5, 410.1157976629366],[6, 419.6227367572666],[16, 430.2709911582101],[18, 446.53086336983944],[9, 513.2922036241363],[10, 527.4000679310436],[14, 546.5689864388175],[3, 560.350302129135],[8, 574.5479097563648],[7, 607.1659586473802]],"pathLength": 607.1659586473802}
{ "path": [18,16,2,5,3,12,13,14,7,1,6,17,10,19,11,15,4,9,8],"timedPath": [[17, 0],[15, 199.9064210623774],[1, 207.9168197070755],[4, 228.1670473920789],[2, 275.32350227392226],[11, 293.21002624278213],[12, 321.01236942085677],[13, 429.6995537600284],[6, 444.352201640849],[0, 454.5590347581201],[5, 463.1770836491355],[16, 470.62799051077764],[9, 504.27660663924365],[18, 512.0379468935405],[10, 523.3846348669286],[14, 545.5535533747026],[3, 559.33486906502],[8, 574.5324766922497],[7, 607.1505255832651]],"pathLength": 607.1505255832651}
{ "path": [2,12,18,5,17,13,3,14,6,7,16,19,1,10,11,15,4,9,8],"timedPath": [[1, 0],[11, 133.41831666994986],[17, 156.4185095701508],[4, 168.77553217410596],[16, 265.09341393053967],[12, 278.0609185271957],[2, 299.0921380690771],[13, 340.85902149467574],[5, 459.7791921457589],[6, 469.2861312400889],[15, 476.4156199632857],[18, 491.6313485771003],[0, 506.2117829212322],[9, 524.2548191755255],[10, 535.3626834824329],[14, 550.5316019902068],[3, 563.3129176805243],[8, 577.510525307754],[7, 607.1285741987695]],"pathLength": 607.1285741987695}
{ "path": [3,19,18,5,13,12,14,2,1,6,17,7,16,10,11,15,4,9,8],"timedPath": [[2, 0],[18, 216.50231303144332],[17, 246.05172465598355],[4, 253.4087472599387],[12, 273.1690969001994],[11, 282.97144007827404],[13, 308.6543937926848],[1, 322.30220983040334],[0, 445.4251383791894],[5, 454.0431872702048],[16, 461.4940941318469],[6, 472.14234853279044],[15, 479.27183725598724],[9, 506.2488468413184],[10, 523.3567111482257],[14, 545.5256296559996],[3, 559.3069453463171],[8, 574.5045529735469],[7, 607.1226018645623]],"pathLength": 607.1226018645623}
{ "path": [2,12,18,5,15,13,3,14,19,7,6,17,1,16,10,11,4,9,8],"timedPath": [[1, 0],[11, 133.41831666994986],[17, 156.4185095701508],[4, 168.77553217410596],[14, 270.57592498726893],[12, 287.3585623580093],[2, 308.3897818998907],[13, 369.15666532548937],[18, 384.62373848110826],[6, 402.6240278294717],[5, 414.1309669238017],[16, 422.5818737854438],[0, 429.3496407384102],[15, 441.64966694379615],[9, 535.6266765291274],[10, 545.7345408360347],[3, 560.3052037486419],[8, 574.5028113758717],[7, 607.1208602668871]],"pathLength": 607.1208602668871}
{ "path": [5,16,2,12,18,3,14,13,19,1,7,6,17,10,11,4,15,9,8],"timedPath": [[4, 0],[15, 199.50023946162423],[1, 207.51063810632232],[11, 220.92895477627218],[17, 243.92914767647312],[2, 278.9432998077864],[13, 299.71018323338507],[12, 343.3973675725567],[18, 414.260866861456],[0, 428.8413012055879],[6, 439.048134322859],[5, 448.555073417189],[16, 456.00598027883115],[9, 510.65459640729716],[10, 525.7624607142045],[3, 552.3331236268117],[14, 564.1144393171292],[8, 577.452704940398],[7, 607.0707538314134]],"pathLength": 607.0707538314134}
{ "path": [18,12,2,5,15,14,3,13,17,6,7,1,19,10,11,4,9,16,8],"timedPath": [[17, 0],[11, 143.00019290020094],[1, 158.4185095701508],[4, 182.6687372551542],[14, 281.4691300683172],[13, 302.37514395006986],[2, 313.14202737566853],[12, 394.17324691754993],[16, 419.140751514206],[5, 426.5916583758481],[6, 436.0985974701781],[0, 446.3054305874492],[18, 460.8858649315811],[9, 495.64720518587797],[10, 520.7550694927853],[3, 554.3257324053925],[8, 570.5233400326222],[15, 580.9904131882411],[7, 606.921330754086]],"pathLength": 606.921330754086}
{ "path": [18,12,2,5,15,14,3,13,17,1,6,16,19,10,11,4,9,7,8],"timedPath": [[17, 0],[11, 143.00019290020094],[1, 158.4185095701508],[4, 182.6687372551542],[14, 281.4691300683172],[13, 302.37514395006986],[2, 313.14202737566853],[12, 394.17324691754993],[16, 419.140751514206],[0, 425.90851846717237],[5, 434.5265673581878],[15, 446.4859204177815],[18, 461.7016490315961],[9, 495.46298928589295],[10, 520.5708535928003],[3, 554.1415165054075],[8, 570.3391241326372],[6, 578.9185793984562],[7, 604.9726719518457]],"pathLength": 604.9726719518457}
{ "path": [5,12,18,2,15,14,3,13,1,19,16,6,17,10,11,4,9,7,8],