{ "path": [18,2,3,5,12,17,13,14,11,1,19,6,7,16,9,10,4,15,8],"timedPath": [[17, 0],[1, 79.25712179100299],[2, 92.68846475002232],[4, 126.55229546797652],[11, 148.8962842836601],[16, 245.06816688946174],[12, 250.9278314171913],[13, 257.6114594132304],[10, 297.28725619330424],[0, 309.39274137296536],[18, 319.7728759723601],[5, 328.6570563088488],[6, 339.30631524200555],[15, 349.61308432577937],[8, 409.400657889614],[9, 419.78336158776165],[3, 454.45965497438016],[14, 466.2924975708245],[7, 482.29803858361544]],"pathLength": 482.29803858361544}
{ "path": [18,5,2,3,12,1,14,15,13,6,19,10,16,7,17,11,9,4,8],"timedPath": [[17, 0],[4, 65.02684166591297],[1, 92.49346081374229],[2, 101.92480377276163],[11, 126.78120578508239],[0, 207.13427760188557],[13, 244.90342854928733],[14, 256.4661196246899],[12, 262.5872678653728],[5, 291.12266049732904],[18, 310.0068408338177],[9, 367.4046329472818],[15, 375.27407010243155],[6, 380.5808391862054],[16, 386.3945132895826],[10, 423.751109024182],[8, 440.4405476604314],[3, 460.47741790685103],[7, 478.1506507948611]],"pathLength": 478.1506507948611}
{ "path": [2,18,5,3,12,13,14,15,6,1,19,7,16,17,9,10,11,4,8],"timedPath": [[1, 0],[17, 20.25712179100299],[4, 78.28396345691596],[2, 114.14779417487016],[11, 126.0041961871909],[12, 244.69601033049096],[13, 251.37963832653008],[14, 263.9423294019326],[5, 291.68865742317485],[0, 305.20986494649037],[18, 317.5899995458851],[6, 334.3187327053132],[15, 345.625501789087],[16, 361.5385772690297],[8, 412.1297452043116],[9, 422.51244890245914],[10, 437.24827569337015],[3, 459.194829774418],[7, 476.8680626624281]],"pathLength": 476.8680626624281}
{ "path": [3,18,2,12,5,16,14,13,15,9,7,1,19,17,6,10,11,4,8],"timedPath": [[2, 0],[17, 29.6774565672537],[1, 91.93457835825669],[11, 126.14730104780529],[4, 148.49128986348887],[15, 227.24645773222332],[13, 245.4951879722181],[12, 252.17881596825723],[14, 266.2999642089401],[8, 360.21303968888276],[6, 365.72868750628766],[0, 371.4787715087757],[18, 377.85890610817046],[16, 384.48097653481574],[5, 389.83404835161895],[9, 404.08327542074363],[10, 427.81910221165464],[3, 455.7656562927025],[7, 474.4388891807126]],"pathLength": 474.4388891807126}
{ "path": [5,18,3,2,12,11,15,14,13,6,19,1,7,17,16,10,9,4,8],"timedPath": [[4, 0],[17, 5.026841665912969],[2, 73.70429823316667],[1, 84.135641192186],[11, 125.3483638817346],[10, 245.7957766313446],[14, 257.68445636835884],[13, 263.2471474437614],[12, 269.9307754398005],[5, 293.4661680717568],[18, 311.35034840824545],[0, 319.7304830076402],[6, 334.48056701012825],[16, 359.29424111350545],[15, 367.2073165934481],[9, 389.07675374859787],[8, 422.45945744674543],[3, 454.4963276931651],[7, 473.1695605811752]],"pathLength": 473.1695605811752}
{ "path": [18,5,2,3,12,1,13,15,14,4,6,7,19,16,17,10,9,11,8],"timedPath": [[17, 0],[4, 65.02684166591297],[1, 92.49346081374229],[2, 101.92480377276163],[11, 126.78120578508239],[0, 207.13427760188557],[12, 245.0686492091984],[14, 257.1897974498813],[13, 262.75248852528387],[3, 321.9452608996776],[5, 330.02502593313585],[6, 339.6742848662926],[18, 346.4030180257207],[15, 355.8746716075427],[16, 366.7877470874854],[9, 388.7539342848635],[8, 422.13663798301104],[10, 437.8260766192604],[7, 464.3626912651187]],"pathLength": 464.3626912651187}
{ "path": [18,3,2,5,12,15,14,13,4,1,6,19,16,7,17,10,9,11,8],"timedPath": [[17, 0],[2, 68.6774565672537],[1, 81.10879952627303],[4, 109.57541867410235],[11, 141.91940748978593],[14, 245.50024640471526],[13, 251.0629374801178],[12, 257.74656547615695],[3, 318.782392768167],[0, 325.6587433083831],[5, 333.17995083169865],[18, 341.0641311681873],[15, 351.5357847500093],[6, 356.8425538337832],[16, 367.6562279371604],[9, 388.62241513453847],[8, 423.0051188326861],[10, 437.69455746893544],[7, 464.23117211479376]],"pathLength": 464.23117211479376}
{ "path": [2,18,5,3,12,11,15,13,14,4,1,6,16,19,7,17,10,9,8],"timedPath": [[1, 0],[17, 20.25712179100299],[4, 78.28396345691596],[2, 114.14779417487016],[11, 126.0041961871909],[10, 245.4516089368009],[14, 257.34028867381517],[12, 263.46143691449805],[13, 270.1450649105372],[3, 325.33783728493086],[0, 331.21418782514695],[5, 337.7353953484625],[15, 348.59388558513865],[18, 355.06553916696066],[6, 361.79427232638875],[16, 370.60794642976595],[9, 390.574133627144],[8, 422.95683732529164],[7, 455.47804484860717]],"pathLength": 455.47804484860717}
