{ "path": [5,2,3,11,18,12,13,1,19,17,6,7,16,10,15,9,4,14,8],"timedPath": [[4, 0],[1, 20.25022768500341],[2, 32.68157064402275],[10, 245.22085221533646],[17, 272.50437876648084],[11, 295.5045716666818],[12, 322.19638580998185],[0, 440.1307574172947],[18, 446.51089201668947],[16, 453.13296244333475],[5, 458.48603426013796],[6, 464.13529319329473],[15, 469.4420622770686],[9, 492.31149943221834],[14, 586.8186161354572],[8, 592.7316916153999],[3, 598.7685618618195],[13, 2290.961334236213],[7, 722297.5024908639]],"pathLength": 722297.5024908639}
{ "path": [18,2,13,12,5,14,3,1,19,6,16,17,11,7,10,4,15,9,8],"timedPath": [[17, 0],[1, 21.083549221348985],[12, 245.28929995647405],[11, 250.98111409977412],[4, 274.2645689763072],[13, 309.4307859983225],[2, 317.2615495170162],[0, 486.76488436026244],[18, 493.1450189596572],[5, 500.02919929614586],[15, 505.88768953282204],[16, 511.8007650127647],[10, 522.1573607473641],[6, 528.5507454415823],[9, 535.6757310247082],[3, 549.3520244113266],[14, 556.1848670077709],[8, 565.0979424877136],[7, 607.6191500110291]],"pathLength": 607.6191500110291}
{ "path": [18,2,3,10,12,13,5,14,19,1,6,7,15,4,11,16,17,9,8],"timedPath": [[17, 0],[1, 21.083549221348985],[2, 34.51489218036832],[9, 250.74674341585245],[11, 257.834681846936],[12, 264.52649599023607],[4, 283.28684563049677],[13, 324.4530626525121],[18, 528.2406362163467],[0, 534.6207708157415],[5, 540.141978339057],[6, 545.7912372722138],[14, 553.6509017999434],[3, 560.4837443963877],[10, 566.4302984774355],[15, 572.5639103400551],[16, 578.4769858199978],[8, 585.0681537552797],[7, 605.5893612785952]],"pathLength": 605.5893612785952}
{ "path": [18,2,3,10,12,13,5,14,19,6,1,11,7,17,16,15,4,9,8],"timedPath": [[17, 0],[1, 21.083549221348985],[2, 34.51489218036832],[9, 250.74674341585245],[11, 257.834681846936],[12, 264.52649599023607],[4, 283.28684563049677],[13, 324.4530626525121],[18, 528.2406362163467],[5, 535.1248165528355],[0, 540.646024076151],[10, 546.751509255812],[6, 553.1448939500302],[16, 558.9585680534075],[15, 564.8716435333502],[14, 570.6607709489346],[3, 576.4936135453788],[8, 583.5304837917985],[7, 605.051691315114]],"pathLength": 605.051691315114}
{ "path": [18,2,3,10,12,13,5,14,19,6,7,17,16,11,4,15,1,9,8],"timedPath": [[17, 0],[1, 21.083549221348985],[2, 34.51489218036832],[9, 250.74674341585245],[11, 257.834681846936],[12, 264.52649599023607],[4, 283.28684563049677],[13, 324.4530626525121],[18, 528.2406362163467],[5, 535.1248165528355],[6, 540.7740754859923],[16, 546.5877495893695],[15, 552.5008250693122],[10, 558.6344369319319],[3, 565.5809910129797],[14, 571.4138336094239],[0, 576.6416087109967],[8, 583.3462200238816],[7, 604.8674275471972]],"pathLength": 604.8674275471972}
{ "path": [18,2,3,10,12,13,5,14,19,1,6,11,17,7,15,4,9,16,8],"timedPath": [[17, 0],[1, 21.083549221348985],[2, 34.51489218036832],[9, 250.74674341585245],[11, 257.834681846936],[12, 264.52649599023607],[4, 283.28684563049677],[13, 324.4530626525121],[18, 528.2406362163467],[0, 534.6207708157415],[5, 540.141978339057],[10, 546.7311983024272],[16, 553.0877940370266],[6, 558.9014681404038],[14, 564.7611326681334],[3, 570.5939752645777],[8, 577.6308455109973],[15, 583.4184190748321],[7, 604.8406400927208]],"pathLength": 604.8406400927208}
{ "path": [18,2,3,10,12,13,5,14,19,1,6,11,17,16,4,15,9,7,8],"timedPath": [[17, 0],[1, 21.083549221348985],[2, 34.51489218036832],[9, 250.74674341585245],[11, 257.834681846936],[12, 264.52649599023607],[4, 283.28684563049677],[13, 324.4530626525121],[18, 528.2406362163467],[0, 534.6207708157415],[5, 540.141978339057],[10, 546.7311983024272],[16, 553.0877940370266],[15, 559.0008695169693],[3, 565.260573090232],[14, 571.0934156866763],[8, 578.006491166619],[6, 583.5221389840239],[7, 604.673989051739]],"pathLength": 604.673989051739}
{ "path": [18,2,3,10,12,13,5,14,19,6,16,17,11,4,15,1,9,7,8],"timedPath": [[17, 0],[1, 21.083549221348985],[2, 34.51489218036832],[9, 250.74674341585245],[11, 257.834681846936],[12, 264.52649599023607],[4, 283.28684563049677],[13, 324.4530626525121],[18, 528.2406362163467],[5, 535.1248165528355],[15, 540.9833067895116],[16, 546.8963822694543],[10, 553.2529780040537],[3, 560.1995320851015],[14, 566.0323746815458],[0, 571.2601497831185],[8, 577.9647610960035],[6, 583.4804089134084],[7, 604.6322589811235]],"pathLength": 604.6322589811235}
