{ "path": [5,15,14,12,3,2,1,6,7,16,17,19,10,11,9,4,13,18,8],"timedPath": [[4, 0],[14, 275.43846251044886],[13, 292.3444763922015],[11, 305.02743010661226],[2, 322.91395407547213],[1, 337.84985978266474],[0, 380.9727883314508],[5, 400.5908372224662],[6, 410.09777631679617],[15, 426.227265039993],[16, 437.56553066326177],[18, 453.8254028748911],[9, 501.5867431291879],[10, 521.6946074360952],[8, 561.4221273027262],[3, 573.6197349299559],[12, 1994.8101027153261],[17, 722023.5126869626],[7, 1442051.790149835]],"pathLength": 1442051.790149835}
{ "path": [5,12,7,2,3,14,1,17,6,16,10,19,11,4,15,9,13,18,8],"timedPath": [[4, 0],[11, 153.66194244018442],[6, 265.51606439992133],[1, 275.63275821092424],[2, 290.56866391811684],[13, 320.3355473437155],[0, 459.6747368369293],[16, 466.4425037898957],[5, 473.8934106515378],[15, 484.8527637111315],[9, 508.8297732964627],[18, 516.5911135507595],[10, 526.9378015241476],[3, 552.5084644367548],[14, 564.2897801270723],[8, 577.6280457503411],[12, 1825.5806081693177],[17, 721854.2831924167],[7, 1441882.560655289]],"pathLength": 1441882.560655289}
{ "path": [18,13,2,3,12,14,17,1,6,16,7,10,19,11,4,15,9,5,8],"timedPath": [[17, 0],[12, 268.7025842472925],[1, 282.072503933619],[2, 297.0084096408116],[11, 314.89493360967145],[13, 396.5778873240822],[16, 418.2367369077399],[0, 425.0045038607063],[5, 433.6225527517217],[15, 445.5819058113154],[6, 452.7113945345122],[9, 515.462336124044],[18, 523.2236763783408],[10, 531.5703643517289],[3, 553.1410272643361],[14, 564.9223429546536],[8, 578.2606085779224],[4, 720609.1724516446],[7, 1440637.742677684]],"pathLength": 1440637.742677684}
{ "path": [5,13,2,12,3,14,1,17,6,16,7,19,10,11,15,9,4,18,8],"timedPath": [[4, 0],[12, 268.95974633514396],[1, 282.3296660214704],[11, 295.74798269142025],[2, 313.6345066602801],[13, 389.4013900858788],[0, 399.7405795790926],[16, 413.50834653205897],[5, 421.9592533937011],[15, 435.9186064532948],[6, 443.0480951764916],[18, 460.048384524855],[9, 495.8097247791518],[10, 520.9175890860591],[14, 545.0865075938331],[8, 562.4247732171019],[3, 574.6223808443317],[17, 720605.0424625821],[7, 1440633.3199254544]],"pathLength": 1440633.3199254544}
{ "path": [2,12,18,5,13,3,14,1,17,6,7,16,19,10,15,4,11,9,8],"timedPath": [[1, 0],[11, 133.41831666994986],[17, 166.81065718636378],[4, 174.22732385303044],[12, 268.1870701881744],[2, 289.2182897300558],[13, 317.9851731556545],[0, 482.32436264886826],[16, 489.09212960183464],[5, 496.54303646347677],[6, 506.04997555780676],[15, 513.1794642810036],[18, 528.3951928948183],[9, 536.156533149115],[14, 555.6184349307649],[3, 567.3997506210824],[10, 578.9704135336896],[8, 595.6979334003205],[7, 613.3159822913359]],"pathLength": 613.3159822913359}
{ "path": [3,2,18,5,12,13,14,1,19,17,7,16,6,10,11,4,9,15,8],"timedPath": [[2, 0],[1, 211.93590570719257],[17, 242.4071585664891],[4, 247.82382523315576],[11, 281.4857676733402],[12, 299.28811085141484],[13, 346.97529519058645],[0, 371.31448468380023],[18, 389.89491902793213],[16, 429.15479123956146],[6, 439.803045640505],[15, 446.9325343637018],[5, 457.8918874232955],[9, 510.5052719948026],[10, 525.6131363017099],[3, 552.1837992143171],[8, 568.3814068415468],[14, 579.7196724648156],[7, 610.699802995273]],"pathLength": 610.699802995273}
{ "path": [2,12,18,5,14,3,13,1,7,16,17,6,10,11,19,15,4,9,8],"timedPath": [[1, 0],[11, 133.41831666994986],[17, 166.81065718636378],[4, 174.22732385303044],[13, 278.0652750978154],[2, 288.8321585234141],[12, 323.8633780652955],[0, 434.3494743060588],[6, 444.55630742332994],[15, 451.68579614652674],[16, 463.02406176979554],[5, 470.47496863143766],[9, 506.0883532029448],[10, 523.1962175098521],[18, 530.5429054832402],[14, 549.5554824026145],[3, 562.336798092932],[8, 576.5344057201617],[7, 607.1524546111771]],"pathLength": 607.1524546111771}
{ "path": [3,16,2,12,5,18,13,14,1,17,6,7,10,19,11,15,4,9,8],"timedPath": [[2, 0],[15, 196.56293167362364],[1, 204.57333031832172],[11, 217.99164698827158],[4, 251.653589428456],[17, 257.07025609512266],[12, 286.7728403424152],[13, 319.4600246815868],[0, 467.79921417480057],[16, 474.56698112776695],[5, 482.0178879894091],[6, 491.52482708373907],[9, 515.2757686732708],[18, 523.0371089275676],[10, 531.3837969009558],[14, 548.5527154087297],[3, 561.3340310990471],[8, 575.5316387262769],[7, 607.1496876172923]],"pathLength": 607.1496876172923}
{ "path": [3,16,2,12,5,18,13,14,1,6,7,17,10,19,11,15,4,9,8],"timedPath": [[2, 0],[15, 196.56293167362364],[1, 204.57333031832172],[11, 217.99164698827158],[4, 251.653589428456],[17, 257.07025609512266],[12, 286.7728403424152],[13, 319.4600246815868],[0, 467.79921417480057],[5, 476.417263065816],[6, 485.92420216014597],[16, 496.5724565610895],[9, 518.2210726895555],[18, 525.9824129438523],[10, 534.3291009172405],[14, 550.4980194250144],[3, 563.2793351153318],[8, 577.4769427425615],[7, 607.0949916335769]],"pathLength": 607.0949916335769}
{ "path": [18,12,5,13,2,3,14,1,6,7,17,19,16,10,11,4,15,9,8],"timedPath": [[17, 0],[11, 153.39234051641392],[4, 194.05428295659834],[12, 268.0140292917423],[1, 281.38394897806876],[2, 296.31985468526136],[13, 334.08673811086],[0, 387.42592760407376],[5, 403.04397649508917],[6, 412.55091558941916],[16, 424.1991699903627],[18, 440.459042201992],[15, 455.67477081580665],[9, 509.65178040113784],[10, 524.7596447080451],[3, 552.3303076206523],[14, 564.1116233109698],[8, 577.4498889342386],[7, 607.067937825254]],"pathLength": 607.067937825254}
{ "path": [2,12,18,5,14,3,13,1,6,17,16,19,10,11,15,4,9,7,8],"timedPath": [[1, 0],[11, 133.41831666994986],[17, 166.81065718636378],[4, 174.22732385303044],[13, 278.0652750978154],[2, 288.8321585234141],[12, 323.8633780652955],[0, 434.3494743060588],[5, 442.96752319707423],[16, 450.41843005871635],[15, 461.75669568198515],[18, 476.9724242957998],[9, 494.7337645500966],[10, 520.8416288570039],[14, 545.0105473647778],[3, 558.7918630550953],[8, 573.989470682325],[6, 582.568925948144],[7, 605.6230185015335]],"pathLength": 605.6230185015335}
{ "path": [5,12,18,13,2,3,14,1,6,17,16,19,10,11,15,4,9,7,8],"timedPath": [[4, 0],[11, 153.66194244018442],[17, 187.05428295659834],[12, 267.75686720389086],[1, 281.1267868902173],[2, 296.0626925974099],[13, 332.8295760230086],[0, 391.1687655162224],[5, 405.7868144072378],[16, 416.2377212688799],[15, 433.5759868921487],[18, 448.79171550596334],[9, 509.5530557602601],[10, 524.6609200671675],[14, 545.8298385749414],[3, 559.6111542652588],[8, 574.8087618924885],[6, 583.3882171583076],[7, 605.442309711697]],"pathLength": 605.442309711697}
