{ "path": [3,2,4,12,6,7,16,13,1,15,11,19,10,17,14,18,5,9,8],"timedPath": [[2, 0],[1, 6.43134295901934],[3, 304.61141498783087],[11, 310.65161566117706],[5, 733.8352538189295],[6, 720739.484512752],[15, 1440744.7912818356],[12, 2160750.5675201626],[0, 2880756.50189177],[14, 3600761.7296668715],[10, 4320767.618346608],[18, 5040772.9564049],[9, 5760778.354197014],[16, 6480785.320384212],[13, 7200791.279642255],[17, 7920819.808731816],[4, 8640825.14827889],[8, 9360845.828459233],[7, 10080851.349666756]],"pathLength": 10080851.349666756}
{ "path": [2,3,10,12,13,14,15,1,17,7,5,18,16,11,19,4,6,9,8],"timedPath": [[1, 0],[2, 7.43134295901934],[9, 245.66319419450346],[11, 252.75113262558702],[12, 259.4429467688871],[13, 269.12657476492626],[14, 1810.689265840329],[0, 721815.9170409419],[16, 1441821.1717012473],[6, 2161826.985375351],[4, 2881845.9097744003],[17, 3601851.249321474],[15, 4321871.155742536],[10, 5041877.289354399],[18, 5761882.62741269],[3, 6481888.908724965],[5, 7201894.9884899985],[8, 7921900.243150304],[7, 8641905.764357828]],"pathLength": 8641905.764357828}
{ "path": [2,3,19,5,12,14,13,4,16,7,10,11,18,6,17,1,15,9,8],"timedPath": [[1, 0],[2, 7.43134295901934],[18, 214.6477626034049],[4, 243.315749655774],[11, 266.5992045323071],[13, 277.7059925824023],[12, 290.38962057844145],[3, 3989.4254478704515],[15, 723994.6851514437],[6, 1443999.9919205275],[9, 2164007.1169061107],[10, 2884012.8527329015],[17, 3604040.1362594524],[5, 4324062.134012572],[16, 5044067.487084389],[0, 5764072.741744694],[14, 6484077.969519796],[8, 7204083.8825952755],[7, 7924089.403802799]],"pathLength": 7924089.403802799}
{ "path": [2,3,19,18,5,12,14,13,7,6,4,16,11,1,17,15,10,9,8],"timedPath": [[1, 0],[2, 7.43134295901934],[18, 214.6477626034049],[17, 244.19717422794514],[4, 249.5367213017442],[11, 272.8201761782773],[13, 285.92696422837247],[12, 303.6105922244116],[6, 2539.0801626257467],[5, 722544.7294215589],[3, 1442550.8091865922],[15, 2162556.0688901655],[10, 2882562.202502028],[0, 3602568.3079872075],[16, 4322573.562647513],[14, 5042579.032217914],[9, 5762585.539334618],[8, 6482592.922038316],[7, 7202598.443245839]],"pathLength": 7202598.443245839}
{ "path": [5,2,4,3,12,6,7,9,15,10,11,14,19,1,17,16,13,18,8],"timedPath": [[4, 0],[1, 20.25022768500341],[3, 304.430299713815],[2, 314.91603642591303],[11, 321.7724384382338],[5, 584.9560765959862],[6, 590.6053355291431],[8, 596.120983346548],[14, 602.0340588264907],[9, 608.5411755297296],[10, 614.2770023206406],[13, 720619.9527991007],[18, 1440625.7403726645],[0, 2160632.120507264],[16, 2880637.375167569],[15, 3600643.288243049],[12, 4320649.064481376],[17, 5040667.35242495],[7, 5760685.369507743]],"pathLength": 5760685.369507743}
{ "path": [3,2,4,12,13,1,19,7,6,17,16,10,11,15,14,5,18,9,8],"timedPath": [[2, 0],[1, 6.43134295901934],[3, 304.61141498783087],[11, 310.65161566117706],[12, 368.3434298044771],[0, 375.27780141179],[18, 384.65793601118474],[6, 392.38666917061283],[5, 403.0359281037696],[16, 412.3889999205728],[15, 425.3020754005155],[9, 600.1715125556652],[10, 605.9073393465762],[14, 611.7960190835905],[13, 720617.358710159],[4, 1440645.524927181],[17, 2160650.8644742547],[8, 2880671.104452747],[7, 3600676.6256602705]],"pathLength": 3600676.6256602705}
{ "path": [18,2,1,12,5,14,13,3,19,6,15,16,7,17,11,9,10,4,8],"timedPath": [[17, 0],[1, 21.083549221348985],[0, 185.10966137723653],[11, 190.4627331940397],[4, 213.74618807057283],[13, 267.91240509258813],[12, 277.5960330886273],[2, 323.9054524704109],[18, 534.1218721147965],[5, 541.0060524512852],[14, 549.7523804725274],[15, 555.5415078881118],[6, 560.8482769718856],[16, 566.6619510752629],[10, 573.0185468098623],[8, 580.7079854461116],[9, 588.0906891442592],[3, 594.7669825308776],[7, 610.4402154188876]],"pathLength": 610.4402154188876}
{ "path": [5,2,16,18,12,14,13,3,19,17,7,6,10,1,11,9,15,4,8],"timedPath": [[4, 0],[1, 20.25022768500341],[15, 188.6838985581892],[17, 208.59031962056662],[11, 231.59051252076756],[13, 245.69730057086275],[12, 252.38092856690187],[2, 467.6903479486855],[18, 472.9067675930711],[16, 479.5288380197164],[6, 485.34251212309357],[5, 490.99177105625034],[9, 502.24099812537503],[0, 508.9758893024641],[10, 520.0813744821252],[8, 551.7708131183745],[14, 558.6838885983171],[3, 565.5167311947614],[7, 607.1899640827714]],"pathLength": 607.1899640827714}
{ "path": [18,2,16,12,5,14,13,3,19,1,6,17,7,15,10,9,4,11,8],"timedPath": [[17, 0],[1, 21.083549221348985],[15, 188.5172200945348],[11, 194.36608777903245],[4, 217.64954265556557],[13, 267.81575967758084],[12, 277.49938767362],[2, 324.80880705540363],[18, 523.0252266997892],[0, 529.4053612991839],[5, 534.9265688224995],[16, 540.2796406393027],[6, 546.0933147426799],[14, 552.9529792704095],[9, 559.4600959736484],[8, 569.842799671796],[3, 575.8796699182157],[10, 581.8262239992634],[7, 606.3628386451218]],"pathLength": 606.3628386451218}
{ "path": [18,2,16,12,5,14,13,3,19,1,11,6,7,15,17,10,4,9,8],"timedPath": [[17, 0],[1, 21.083549221348985],[15, 188.5172200945348],[11, 194.36608777903245],[4, 217.64954265556557],[13, 267.81575967758084],[12, 277.49938767362],[2, 324.80880705540363],[18, 523.0252266997892],[0, 529.4053612991839],[10, 536.510846478845],[5, 543.1000664422152],[6, 548.749325375372],[14, 555.6089899031016],[16, 561.0785603044367],[9, 568.0447475018148],[3, 574.7210408884332],[8, 581.7579111348529],[7, 605.2791186581684]],"pathLength": 605.2791186581684}
{ "path": [18,2,16,12,5,14,13,3,19,1,11,10,17,7,6,4,15,9,8],"timedPath": [[17, 0],[1, 21.083549221348985],[15, 188.5172200945348],[11, 194.36608777903245],[4, 217.64954265556557],[13, 267.81575967758084],[12, 277.49938767362],[2, 324.80880705540363],[18, 523.0252266997892],[0, 529.4053612991839],[10, 536.510846478845],[9, 542.246673269756],[16, 549.2128604671341],[6, 555.0265345705113],[5, 560.6757935036682],[3, 567.7555585371265],[14, 573.5884011335708],[8, 580.5014766135134],[7, 605.022684136829]],"pathLength": 605.022684136829}
{ "path": [18,2,16,12,5,14,13,3,19,17,10,1,11,15,7,6,9,4,8],"timedPath": [[17, 0],[1, 21.083549221348985],[15, 188.5172200945348],[11, 194.36608777903245],[4, 217.64954265556557],[13, 267.81575967758084],[12, 277.49938767362],[2, 324.80880705540363],[18, 523.0252266997892],[16, 529.6472971264345],[9, 536.6134843238126],[0, 543.3483755009016],[10, 549.4538606805627],[14, 556.342540417577],[6, 562.2022049453066],[5, 567.8514638784634],[8, 574.1061241838127],[3, 580.1429944302323],[7, 604.8162273182423]],"pathLength": 604.8162273182423}
{ "path": [18,2,16,12,5,14,13,3,19,1,10,11,6,7,17,15,4,9,8],"timedPath": [[17, 0],[1, 21.083549221348985],[15, 188.5172200945348],[11, 194.36608777903245],[4, 217.64954265556557],[13, 267.81575967758084],[12, 277.49938767362],[2, 324.80880705540363],[18, 523.0252266997892],[0, 529.4053612991839],[9, 536.140252476273],[10, 541.876079267184],[5, 548.4652992305541],[6, 554.114558163711],[16, 559.9282322670882],[14, 565.3978026684233],[3, 571.2306452648676],[8, 578.2675155112872],[7, 604.7887230346028]],"pathLength": 604.7887230346028}
{ "path": [18,2,16,12,5,14,13,3,19,1,11,10,17,7,15,4,9,6,8],"timedPath": [[17, 0],[1, 21.083549221348985],[15, 188.5172200945348],[11, 194.36608777903245],[4, 217.64954265556557],[13, 267.81575967758084],[12, 277.49938767362],[2, 324.80880705540363],[18, 523.0252266997892],[0, 529.4053612991839],[10, 536.510846478845],[9, 542.246673269756],[16, 549.2128604671341],[6, 555.0265345705113],[14, 560.8861990982409],[3, 567.7190416946852],[8, 574.7559119411048],[5, 580.0105722464541],[7, 604.715183559339]],"pathLength": 604.715183559339}
{ "path": [18,2,16,12,5,14,13,3,19,6,1,11,10,17,15,4,9,7,8],