{ "path": [18,3,2,5,19,13,14,12,7,1,6,16,17,10,9,11,15,4,8],"timedPath": [[17, 0],[2, 68.6774565672537],[1, 81.10879952627303],[4, 109.57541867410235],[18, 238.02726409927465],[12, 246.16846447702724],[13, 252.85209247306636],[11, 258.95888052316155],[6, 323.6581537946723],[0, 330.4082377971603],[5, 336.92944532047585],[15, 347.787935557152],[16, 362.7010110370947],[9, 386.6671982344728],[8, 422.0499019326204],[10, 437.73934056886975],[14, 455.628020305884],[3, 469.4608629023283],[7, 484.1340957903384]],"pathLength": 484.1340957903384}
{ "path": [18,3,2,5,12,14,13,15,6,19,1,7,16,17,10,11,9,4,8],"timedPath": [[17, 0],[2, 68.6774565672537],[1, 81.10879952627303],[4, 109.57541867410235],[11, 141.91940748978593],[13, 246.02619553988112],[12, 252.70982353592024],[14, 266.8309717766031],[5, 292.57729979784534],[18, 310.461480134334],[0, 318.84161473372876],[6, 333.5916987362168],[15, 344.8984678199906],[16, 361.8115432999333],[9, 385.7777304973114],[10, 422.5135572882224],[8, 440.20299592447174],[3, 460.2398661708914],[7, 477.9130990589015]],"pathLength": 477.9130990589015}
{ "path": [5,18,3,2,16,12,14,13,15,4,19,6,1,7,17,10,11,9,8],"timedPath": [[4, 0],[17, 5.026841665912969],[2, 73.70429823316667],[1, 84.135641192186],[15, 186.5693120653718],[11, 192.41817974986947],[13, 245.52496779996466],[12, 252.20859579600378],[14, 266.32974403668663],[3, 323.1625866331309],[18, 331.44389890819707],[5, 339.32807924468574],[0, 344.84928676800126],[6, 351.5993707704893],[16, 364.4130448738665],[9, 387.3792320712446],[10, 423.1150588621556],[8, 440.80449749840494],[7, 465.32570502172047]],"pathLength": 465.32570502172047}
{ "path": [2,3,5,12,18,13,14,15,4,6,1,7,16,19,17,9,10,11,8],"timedPath": [[1, 0],[2, 45.43134295901934],[4, 107.29517367697355],[11, 141.63916249265714],[17, 177.7144442952193],[12, 257.31960816054857],[13, 264.0032361565877],[14, 281.56592723199026],[3, 334.3987698284345],[5, 341.4785348618928],[0, 346.9997423852083],[6, 353.7498263876964],[15, 361.05659547147025],[18, 367.52824905329226],[16, 376.15031947993754],[8, 416.7414874152194],[9, 426.12419111336703],[10, 438.86001790427804],[7, 464.39663255013636]],"pathLength": 464.39663255013636}
{ "path": [18,3,2,5,12,1,14,13,15,4,6,7,16,19,17,9,10,11,8],"timedPath": [[17, 0],[2, 68.6774565672537],[1, 81.10879952627303],[4, 109.57541867410235],[11, 141.91940748978593],[0, 226.2724793065891],[13, 245.04163025399086],[12, 251.72525825002998],[14, 265.84640649071287],[3, 323.67924908715713],[5, 331.7590141206154],[6, 341.4082730537722],[15, 350.715042137546],[18, 357.186695719368],[16, 367.8087661460133],[8, 413.39993408129516],[9, 422.7826377794428],[10, 437.5184645703538],[7, 464.0550792162121]],"pathLength": 464.0550792162121}
{ "path": [5,18,3,2,9,13,12,14,15,6,4,1,16,7,19,17,10,11,8],"timedPath": [[4, 0],[17, 5.026841665912969],[2, 73.70429823316667],[1, 84.135641192186],[8, 246.3519237407311],[12, 251.63320524166411],[11, 257.3250193849642],[13, 263.4318074350594],[14, 280.99449851046194],[5, 298.74082653170416],[3, 349.82059156516243],[0, 355.6969421053785],[15, 363.460451282625],[6, 368.7672203663989],[18, 375.49595352582696],[16, 383.11802395247224],[9, 399.0842111498503],[10, 425.8200379407613],[7, 458.35665258661965]],"pathLength": 458.35665258661965}
{ "path": [5,18,3,2,6,12,11,14,13,15,4,7,1,16,19,17,10,9,8],"timedPath": [[4, 0],[17, 5.026841665912969],[2, 73.70429823316667],[1, 84.135641192186],[5, 193.39385668711856],[11, 198.577494844871],[10, 249.02490759448102],[13, 254.70070437455485],[12, 261.384332370594],[14, 278.5054806112769],[3, 331.33832320772115],[6, 340.9045885817942],[0, 346.65467258428225],[15, 355.41818176152873],[18, 361.88983534335074],[16, 371.511905769996],[9, 391.4780929673741],[8, 423.86079666552166],[7, 456.3820041888372]],"pathLength": 456.3820041888372}
{ "path": [3,18,5,2,12,16,11,14,15,13,4,1,6,19,7,17,10,9,8],"timedPath": [[2, 0],[17, 29.6774565672537],[4, 80.70429823316667],[1, 102.17091738099599],[11, 125.38364007054459],[15, 199.23250775504226],[10, 249.36611961766187],[13, 255.0419163977357],[14, 269.60460747313823],[12, 275.7257557138211],[3, 329.7615830058312],[0, 335.6379335460473],[5, 342.1591410693628],[18, 349.0433214058515],[6, 355.7720545652796],[16, 366.58572866865677],[9, 388.55191586603485],[8, 422.9346195641824],[7, 455.45582708749794]],"pathLength": 455.45582708749794}
{ "path": [2,18,5,12,3,11,14,13,15,4,19,1,6,7,16,17,10,9,8],"timedPath": [[1, 0],[17, 20.25712179100299],[4, 78.28396345691596],[11, 141.62795227259954],[2, 148.4843542849203],[10, 245.02363585623402],[13, 250.69943263630785],[12, 257.383060632347],[14, 273.5042088730299],[3, 328.3370514694742],[18, 335.6183637445404],[0, 341.9984983439351],[5, 347.51970586725065],[6, 354.1689648004074],[15, 361.4757338841813],[16, 370.388809364124],[9, 390.35499656150205],[8, 422.7377002596496],[7, 455.25890778296514]],"pathLength": 455.25890778296514}
