{ "path": [5,18,3,2,12,16,7,13,14,6,19,1,17,10,9,11,15,4,8],"timedPath": [[4, 0],[17, 5.026841665912969],[2, 73.70429823316667],[1, 84.135641192186],[11, 125.3483638817346],[15, 199.19723156623226],[6, 252.5040006500061],[12, 257.97357105134125],[13, 264.6571990473804],[5, 291.94221762856887],[18, 309.82639796505754],[0, 318.2065325644523],[16, 361.4611928698016],[9, 385.4273800671797],[8, 420.81008376532725],[10, 436.4995224015766],[14, 454.3882021385908],[3, 468.22104473503515],[7, 482.89427762304524]],"pathLength": 482.89427762304524}
{ "path": [18,2,3,5,12,16,14,13,15,19,6,1,7,9,17,10,11,4,8],"timedPath": [[17, 0],[1, 79.25712179100299],[2, 92.68846475002232],[4, 126.55229546797652],[11, 148.8962842836601],[15, 214.74515196815776],[13, 245.99388220815257],[12, 252.6775102041917],[14, 266.7986584448746],[18, 302.9529312303787],[5, 314.83711156686735],[0, 321.3583190901829],[6, 335.1084030926709],[8, 406.6240509100758],[16, 412.2152188453577],[9, 422.1814060427358],[10, 436.9172328336468],[3, 458.86378691469463],[7, 476.5370198027047]],"pathLength": 476.5370198027047}
{ "path": [3,18,2,1,12,5,13,14,15,19,6,16,7,10,17,9,11,4,8],"timedPath": [[2, 0],[17, 29.6774565672537],[1, 91.93457835825669],[0, 188.96069051414423],[11, 194.3137623309474],[4, 216.657751146631],[12, 257.71104724806406],[13, 264.3946752441032],[14, 282.95736631950575],[18, 306.11163910500983],[5, 317.9958194414985],[15, 335.8543096781747],[6, 344.1610787619485],[9, 379.2860643450743],[16, 386.25225154245237],[8, 419.84341947773424],[10, 436.5328581139836],[3, 458.47941219503144],[7, 476.15264508304153]],"pathLength": 476.15264508304153}
{ "path": [3,18,2,5,12,9,14,13,15,1,19,6,7,16,17,4,10,11,8],"timedPath": [[2, 0],[17, 29.6774565672537],[1, 91.93457835825669],[4, 116.401197506086],[11, 141.74518632176958],[8, 257.16518285681246],[13, 263.6368364386345],[12, 270.3204644346736],[14, 291.4416126753565],[0, 304.6693877769293],[18, 317.04952237632403],[5, 326.9337027128127],[6, 337.5829616459695],[15, 347.8897307297433],[16, 362.80280620968597],[3, 440.87446594108917],[9, 447.5507593277077],[10, 455.2865861186187],[7, 474.823200764477]],"pathLength": 474.823200764477}
{ "path": [3,18,2,12,5,16,17,13,14,15,6,19,1,7,4,10,11,9,8],"timedPath": [[2, 0],[17, 29.6774565672537],[1, 91.93457835825669],[11, 126.14730104780529],[4, 148.49128986348887],[15, 227.24645773222332],[16, 251.159533212166],[12, 257.01919773989556],[13, 263.7028257359347],[14, 281.26551681133725],[5, 299.01184483257947],[18, 313.89602516906814],[0, 322.2761597684629],[6, 335.02624377095094],[3, 411.592509145024],[9, 421.2688025316425],[10, 436.0046293225535],[8, 449.69406795880286],[7, 470.2152754821184]],"pathLength": 470.2152754821184}
{ "path": [5,18,3,2,12,16,11,14,13,4,1,6,7,19,17,10,9,15,8],"timedPath": [[4, 0],[17, 5.026841665912969],[2, 73.70429823316667],[1, 84.135641192186],[11, 125.3483638817346],[15, 199.19723156623226],[10, 249.3308434288519],[13, 255.00664020892572],[12, 261.69026820496487],[3, 320.72609549697495],[0, 327.60244603719104],[5, 334.12365356050657],[6, 342.77291249366334],[18, 349.50164565309143],[16, 364.1237160797367],[9, 387.0899032771148],[8, 421.47260697526235],[14, 447.385682455205],[7, 469.391223467996]],"pathLength": 469.391223467996}
{ "path": [5,18,16,3,12,2,14,13,15,4,7,6,1,19,17,10,9,11,8],"timedPath": [[4, 0],[17, 5.026841665912969],[15, 198.16732014405756],[2, 204.8330485964403],[11, 211.68945060876106],[1, 217.90217329830966],[13, 246.1479571212703],[12, 252.83158511730943],[14, 266.9527333579923],[3, 323.7855759544366],[6, 336.35184132850964],[5, 343.0011002616664],[0, 348.52230778498193],[18, 354.9024423843767],[16, 366.52451281102196],[9, 388.49070000840004],[8, 422.8734037065476],[10, 438.56284234279696],[7, 465.0994569886553]],"pathLength": 465.0994569886553}
{ "path": [18,3,2,5,12,16,11,14,13,15,1,19,6,4,7,17,10,9,8],"timedPath": [[17, 0],[2, 68.6774565672537],[1, 81.10879952627303],[4, 109.57541867410235],[11, 141.91940748978593],[15, 209.7682751742836],[10, 251.9018870369032],[13, 257.577683816977],[12, 264.26131181301616],[14, 282.38246005369905],[0, 301.6102351552718],[18, 314.9903697546666],[5, 324.87455009115524],[3, 396.9543151246135],[6, 402.5205804986865],[16, 408.3342546020637],[9, 418.3004417994418],[8, 437.6831454975894],[7, 463.20435302090493]],"pathLength": 463.20435302090493}
{ "path": [2,18,5,12,3,11,14,13,15,4,1,6,7,19,16,17,10,9,8],"timedPath": [[1, 0],[17, 20.25712179100299],[4, 78.28396345691596],[11, 141.62795227259954],[2, 148.4843542849203],[10, 245.02363585623402],[13, 250.69943263630785],[12, 257.383060632347],[14, 273.5042088730299],[3, 328.3370514694742],[0, 334.2134020096903],[5, 340.7346095330058],[6, 348.3838684661626],[18, 355.1126016255907],[15, 363.5842552074127],[16, 371.4973306873554],[9, 391.46351788473345],[8, 423.84622158288107],[7, 456.3674291061966]],"pathLength": 456.3674291061966}
{ "path": [5,18,3,2,12,11,13,14,15,4,6,19,16,7,1,17,10,9,8],"timedPath": [[4, 0],[17, 5.026841665912969],[2, 73.70429823316667],[1, 84.135641192186],[11, 125.3483638817346],[10, 245.7957766313446],[12, 252.60949522411886],[13, 259.293123220158],[14, 274.85581429556055],[3, 329.6886568920048],[5, 336.7684219254631],[18, 343.65260226195176],[15, 354.12425584377377],[6, 359.43102492754764],[0, 365.1811089300357],[16, 372.435769235385],[9, 391.4019564327631],[8, 423.78466013091065],[7, 456.3058676542262]],"pathLength": 456.3058676542262}
{ "path": [5,18,3,2,16,12,11,14,13,15,4,6,1,7,19,17,10,9,8],"timedPath": [[4, 0],[17, 5.026841665912969],[2, 73.70429823316667],[1, 84.135641192186],[15, 186.5693120653718],[11, 192.41817974986947],[10, 247.86559249947948],[13, 253.5413892795533],[12, 260.22501727559245],[14, 277.34616551627533],[3, 331.17900811271966],[5, 338.25877314617793],[0, 343.77998066949345],[6, 350.5300646719815],[18, 357.2587978314096],[16, 367.8808682580549],[9, 388.84705545543295],[8, 422.2297591535805],[7, 455.75096667689604]],"pathLength": 455.75096667689604}
