{ "path": [3,18,6,12,2,13,14,17,19,1,16,7,10,4,11,15,9,5,8],"timedPath": [[2, 0],[17, 29.6774565672537],[5, 158.80180735254007],[11, 163.98544551029252],[1, 170.19816819984112],[12, 245.40391893496619],[13, 252.0875469310053],[16, 284.0468049742693],[18, 306.6688754009146],[0, 316.04901000030935],[15, 334.8125191775558],[6, 343.11928826132964],[9, 378.24427384445545],[3, 447.92056723107396],[10, 455.8671213121218],[14, 466.75580104913604],[8, 474.6688765290787],[4, 7694.543355904825],[7, 14911.891576736298]],"pathLength": 14911.891576736298}
{ "path": [2,18,9,12,13,14,3,1,6,19,4,16,7,17,10,15,11,5,8],"timedPath": [[1, 0],[17, 20.25712179100299],[8, 258.714018384448],[11, 264.1340149194909],[12, 269.82582906279094],[13, 276.5094570588301],[2, 282.3402205775238],[0, 302.84355542077003],[5, 313.36476294408556],[18, 323.2489432805742],[3, 393.5302555556404],[15, 398.7899591289031],[6, 404.09672821267696],[16, 409.91040231605416],[9, 419.87658951343224],[14, 447.3837062166711],[10, 455.27238595368533],[4, 7680.640048138904],[7, 14897.988268970377]],"pathLength": 14897.988268970377}
{ "path": [5,18,2,12,3,4,13,14,1,6,16,19,7,17,15,10,9,11,8],"timedPath": [[4, 0],[17, 5.026841665912969],[1, 84.28396345691596],[11, 125.49668614646455],[2, 132.3530881587853],[3, 305.8388248708834],[12, 311.8746521628935],[13, 318.55828015893263],[0, 325.32743110633436],[5, 332.8486386296499],[15, 345.70712886632606],[18, 352.17878244814807],[6, 358.90751560757616],[16, 368.72118971095335],[14, 429.1907601122885],[9, 436.69787681552737],[8, 451.08058051367493],[10, 459.7700191499243],[7, 478.3066337957826]],"pathLength": 478.3066337957826}
{ "path": [3,18,5,2,12,6,14,13,15,4,1,7,16,19,11,10,9,17,8],"timedPath": [[2, 0],[17, 29.6774565672537],[4, 80.70429823316667],[1, 102.17091738099599],[11, 125.38364007054459],[5, 240.56727822829703],[13, 246.85229680948547],[12, 253.5359248055246],[14, 267.6570730462075],[3, 324.4899156426518],[0, 330.3662661828679],[6, 340.11635018535594],[15, 350.42311926912976],[18, 356.89477285095177],[10, 419.2328311424362],[9, 426.96865793334723],[8, 443.3513616314948],[16, 448.94252956677667],[7, 469.8613479638068]],"pathLength": 469.8613479638068}
{ "path": [3,18,2,5,12,19,13,14,15,4,6,1,7,16,17,9,10,11,8],"timedPath": [[2, 0],[17, 29.6774565672537],[1, 91.93457835825669],[4, 116.401197506086],[11, 141.74518632176958],[18, 224.4760439748518],[12, 246.6172443526044],[13, 253.3008723486435],[14, 266.86356342404605],[3, 323.6964060204904],[5, 331.77617105394864],[0, 337.29737857726417],[6, 345.0474625797522],[15, 354.3542316635261],[16, 366.26730714346877],[8, 413.85847507875064],[9, 423.2411787768982],[10, 436.9770055678092],[7, 463.51362021366754]],"pathLength": 463.51362021366754}
{ "path": [18,3,5,2,12,11,13,14,15,4,19,1,6,7,16,17,10,9,8],"timedPath": [[17, 0],[2, 68.6774565672537],[4, 112.5412872852079],[1, 132.00790643303722],[11, 138.22062912258582],[10, 245.66804187219583],[12, 252.48176046497008],[13, 259.16538846100923],[14, 274.72807953641177],[3, 329.56092213285604],[18, 336.8422344079222],[0, 343.22236900731696],[5, 348.7435765306325],[6, 354.39283546378925],[15, 361.6996045475631],[16, 370.6126800275058],[9, 390.5788672248839],[8, 422.96157092303145],[7, 455.48277844634697]],"pathLength": 455.48277844634697}
