{ "path": [2,12,18,5,13,3,14,1,17,16,7,19,11,10,15,4,6,9,8],"timedPath": [[1, 0],[11, 133.41831666994986],[17, 166.81065718636378],[4, 174.22732385303044],[12, 268.1870701881744],[2, 289.2182897300558],[13, 317.9851731556545],[0, 482.32436264886826],[16, 489.09212960183464],[15, 500.43039522510344],[6, 507.55988394830024],[18, 524.5601732966636],[10, 532.9068612700518],[9, 543.0147255769591],[14, 560.476627358609],[3, 572.2579430489264],[5, 584.7533119895161],[8, 591.5210789424824],[7, 611.1391278334978]],"pathLength": 611.1391278334978}
{ "path": [3,12,5,18,14,2,13,1,6,17,7,16,10,19,11,15,4,9,8],"timedPath": [[2, 0],[11, 137.88652396885988],[4, 198.5484664090443],[17, 203.96513307571095],[13, 278.4798479202551],[1, 292.12766395797365],[12, 322.4975836443001],[0, 443.98367988506345],[5, 452.60172877607886],[16, 460.052635637721],[6, 470.7008900386645],[15, 477.8303787618613],[9, 505.8073883471925],[18, 513.5687286014893],[10, 524.9154165748774],[14, 546.0843350826514],[3, 559.8656507729688],[8, 575.0632584001985],[7, 607.6813072912139]],"pathLength": 607.6813072912139}
{ "path": [2,16,12,5,18,3,14,13,7,1,17,6,19,10,11,4,15,9,8],"timedPath": [[1, 0],[15, 188.01039864469809],[11, 198.90295515458598],[4, 232.5648975947704],[17, 237.98156426143706],[2, 285.2705497951698],[13, 310.0374332207685],[12, 376.7246175599401],[6, 389.98421876254145],[0, 400.19105187981256],[16, 413.95881883277895],[5, 422.40972569442107],[18, 440.4890775302134],[9, 529.2504177845102],[10, 540.3582820914175],[3, 556.9289450040247],[14, 567.7102606943422],[8, 580.048526317611],[7, 607.6665752086265]],"pathLength": 607.6665752086265}
{ "path": [3,2,18,5,14,12,13,19,6,1,17,16,7,10,11,15,4,9,8],"timedPath": [[2, 0],[1, 211.93590570719257],[17, 242.4071585664891],[4, 247.82382523315576],[13, 287.66177647794075],[11, 300.3447301923515],[12, 338.14707337042614],[18, 434.0105726593255],[5, 452.0899244951178],[0, 460.70797338613323],[16, 467.4757403390996],[15, 478.8140059623684],[6, 485.9434946855652],[9, 511.69443627509696],[10, 525.8023005820042],[14, 545.9712190897782],[3, 559.7525347800956],[8, 574.9501424073253],[7, 607.5681912983407]],"pathLength": 607.5681912983407}
{ "path": [2,1,5,18,12,13,3,14,19,7,17,16,6,10,11,15,4,9,8],"timedPath": [[1, 0],[0, 192.12292854878604],[4, 226.82141335862104],[17, 232.2380800252877],[11, 265.6304205417016],[12, 278.43276371977623],[2, 299.46398326165763],[13, 342.23086668725625],[18, 408.69793984287514],[6, 425.69822919123857],[16, 436.3464835921821],[15, 448.6847492154509],[5, 459.6441022750446],[9, 509.2574868465517],[10, 524.3653511534591],[14, 545.534269661233],[3, 559.3155853515505],[8, 574.5131929787801],[7, 607.1312418697955]],"pathLength": 607.1312418697955}
{ "path": [18,12,5,13,2,3,14,1,6,19,7,16,17,10,11,15,4,9,8],"timedPath": [[17, 0],[11, 153.39234051641392],[4, 194.05428295659834],[12, 268.0140292917423],[1, 281.38394897806876],[2, 296.31985468526136],[13, 334.08673811086],[0, 387.42592760407376],[5, 403.04397649508917],[18, 421.1233283308815],[6, 438.12361767924494],[15, 446.25310640244174],[16, 457.59137202571054],[9, 509.23998815417656],[10, 524.3478524610839],[14, 545.5167709688578],[3, 559.2980866591753],[8, 574.4956942864051],[7, 607.1137431774205]],"pathLength": 607.1137431774205}
{ "path": [3,16,2,12,18,5,13,14,1,6,7,17,10,19,11,15,4,9,8],"timedPath": [[2, 0],[15, 196.56293167362364],[1, 204.57333031832172],[11, 217.99164698827158],[17, 251.3839875046855],[4, 256.80065417135216],[12, 286.7604005064961],[13, 319.44758484566773],[0, 467.7867743388815],[5, 476.4048232298969],[6, 485.9117623242269],[16, 496.56001672517044],[9, 518.2086328536365],[18, 525.9699731079332],[10, 534.3166610813214],[14, 550.4855795890953],[3, 563.2668952794128],[8, 577.4645029066426],[7, 607.082551797658]],"pathLength": 607.082551797658}
{ "path": [18,12,5,14,3,2,13,19,7,1,17,6,16,10,11,15,4,9,8],"timedPath": [[17, 0],[11, 153.39234051641392],[4, 194.05428295659834],[13, 277.8922342013833],[2, 288.659117626982],[1, 303.5950233341746],[12, 351.9649430205011],[18, 396.82844230940043],[6, 413.82873165776385],[0, 424.03556477503497],[16, 430.80333172800135],[5, 438.2542385896435],[15, 450.2135916492372],[9, 517.1906012345684],[10, 530.2984655414757],[14, 547.4673840492496],[3, 561.2486997395671],[8, 575.4463073667969],[7, 607.0643562578123]],"pathLength": 607.0643562578123}
{ "path": [2,16,12,18,5,13,3,14,1,6,17,19,10,11,15,4,9,7,8],"timedPath": [[1, 0],[15, 188.01039864469809],[11, 198.90295515458598],[17, 232.2952956709999],[4, 237.71196233766656],[12, 268.6717086728105],[2, 289.7029282146919],[13, 319.4698116402906],[0, 467.80900113350435],[5, 476.42705002451976],[16, 483.8779568861619],[18, 500.1378290977912],[9, 509.89916935208805],[10, 525.0070336589954],[14, 546.1759521667693],[3, 559.9572678570868],[8, 575.1548754843166],[6, 583.7343307501357],[7, 605.7884233035251]],"pathLength": 605.7884233035251}
{ "path": [2,12,18,5,14,3,13,1,17,6,16,19,10,11,15,4,9,7,8],"timedPath": [[1, 0],[11, 133.41831666994986],[17, 166.81065718636378],[4, 174.22732385303044],[13, 278.0652750978154],[2, 288.8321585234141],[12, 323.8633780652955],[0, 434.3494743060588],[16, 441.1172412590252],[5, 448.56814812066733],[15, 459.527501180261],[18, 474.74322979407566],[9, 494.5045700483725],[10, 520.6124343552798],[14, 544.7813528630537],[3, 558.5626685533712],[8, 573.7602761806008],[6, 582.3397314464199],[7, 605.3938239998093]],"pathLength": 605.3938239998093}
