{ "path": [18,3,2,5,12,6,13,14,19,7,1,16,17,10,11,9,15,4,8],"timedPath": [[17, 0],[2, 68.6774565672537],[1, 81.10879952627303],[4, 109.57541867410235],[11, 141.91940748978593],[5, 265.10304564753835],[12, 270.6384382794946],[13, 277.32206627553376],[18, 304.1096398393684],[6, 331.8383729987965],[0, 337.58845700128455],[15, 348.35196617853103],[16, 363.2650416584737],[9, 387.2312288558518],[10, 422.9670556467628],[8, 440.65649428301214],[14, 456.5695697629548],[3, 469.40241235939914],[7, 484.0756452474092]],"pathLength": 484.0756452474092}
{ "path": [3,2,12,16,5,18,14,13,11,19,6,1,17,7,10,9,15,4,8],"timedPath": [[2, 0],[1, 65.43134295901933],[11, 125.64406564856793],[15, 199.4929333330656],[4, 218.24810120180004],[17, 223.274942867713],[13, 266.5950278264821],[12, 273.2786558225213],[10, 328.0923744152955],[18, 334.43043270678],[5, 342.31461304326865],[0, 347.8358205665842],[16, 362.0904808719335],[6, 367.9041549753107],[9, 389.0291405584365],[8, 422.4118442565841],[14, 448.3249197365268],[3, 464.1577623329711],[7, 479.8309952209812]],"pathLength": 479.8309952209812}
{ "path": [5,18,3,2,15,12,13,14,6,1,19,7,16,17,10,9,11,4,8],"timedPath": [[4, 0],[17, 5.026841665912969],[2, 73.70429823316667],[1, 84.135641192186],[14, 245.0901550640652],[11, 250.6709939789945],[12, 256.36280812229455],[13, 263.0464361183337],[5, 291.33145469952217],[0, 304.8526622228377],[18, 317.23279682223244],[6, 333.96152998166053],[15, 345.26829906543435],[16, 361.181374545377],[9, 386.1475617427551],[8, 421.53026544090267],[10, 437.219704077152],[3, 459.16625815819987],[7, 476.83949104620996]],"pathLength": 476.83949104620996}
{ "path": [3,18,12,2,5,16,13,14,11,4,1,7,17,6,19,10,9,15,8],"timedPath": [[2, 0],[17, 29.6774565672537],[11, 141.75273836981586],[1, 147.96546105936446],[4, 167.4320802071938],[15, 242.18724807592824],[12, 247.96348640295474],[13, 254.64711439899386],[10, 291.3229111790677],[3, 342.26946526011557],[0, 348.14581580033166],[6, 354.8958998028197],[16, 365.7095739061969],[5, 371.0626457230001],[18, 377.9468260594888],[9, 393.3446181729529],[8, 424.72732187110046],[14, 448.64039735104313],[7, 470.6459383638341]],"pathLength": 470.6459383638341}
{ "path": [18,2,5,3,12,15,14,13,4,1,19,7,6,16,17,9,10,11,8],"timedPath": [[17, 0],[1, 79.25712179100299],[4, 108.72374093883231],[2, 138.5875716567865],[11, 145.44397366910727],[14, 245.02481258403657],[13, 250.5875036594391],[12, 257.27113165547826],[3, 318.30695894748834],[0, 325.18330948770443],[18, 332.5634440870992],[6, 342.2921772465273],[5, 347.94143617968405],[15, 356.7999264163602],[16, 367.7130018963029],[8, 414.3041698315848],[9, 423.68687352973234],[10, 437.42270032064334],[7, 463.95931496650167]],"pathLength": 463.95931496650167}
{ "path": [5,18,6,12,2,3,16,14,13,15,4,19,1,7,17,10,9,11,8],"timedPath": [[4, 0],[17, 5.026841665912969],[5, 147.15119245119934],[11, 152.3348306089518],[1, 158.5475532985004],[2, 164.97889625751972],[15, 228.64462470990247],[13, 245.8933549498973],[12, 252.5769829459364],[14, 266.6981311866193],[3, 323.5309737830636],[18, 331.81228605812976],[0, 338.1924206575245],[6, 345.94250466001256],[16, 361.75617876338976],[9, 385.72236596076783],[8, 421.10506965891545],[10, 436.7945082951648],[7, 463.3311229410231]],"pathLength": 463.3311229410231}
{ "path": [5,18,2,3,12,19,11,14,13,15,6,1,4,16,17,7,10,9,8],"timedPath": [[4, 0],[17, 5.026841665912969],[1, 84.28396345691596],[2, 95.71530641593529],[11, 126.57170842825604],[18, 219.30256608133826],[10, 253.64062437282274],[13, 259.31642115289657],[12, 266.0000491489357],[14, 285.1211973896186],[5, 301.8675254108608],[0, 311.38873293417635],[3, 372.26508347439244],[15, 378.52478704765514],[16, 384.4378625275978],[6, 390.251536630975],[9, 404.3765222141008],[8, 429.75922591224844],[7, 459.28043343556396]],"pathLength": 459.28043343556396}
{ "path": [3,18,2,5,12,11,14,13,15,4,1,19,16,7,6,17,10,9,8],"timedPath": [[2, 0],[17, 29.6774565672537],[1, 91.93457835825669],[4, 116.401197506086],[11, 141.74518632176958],[10, 246.1925990713796],[13, 251.8683958514534],[12, 258.55202384749253],[14, 274.6731720881754],[3, 329.5060146846197],[0, 335.3823652248358],[18, 341.76249982423053],[15, 352.23415340605254],[6, 357.5409224898264],[5, 363.1901814229832],[16, 371.5432532397864],[9, 391.50944043716447],[8, 423.89214413531204],[7, 456.41335165862756]],"pathLength": 456.41335165862756}
{ "path": [18,3,2,5,12,11,14,13,15,4,6,7,1,19,16,17,10,9,8],"timedPath": [[17, 0],[2, 68.6774565672537],[1, 81.10879952627303],[4, 109.57541867410235],[11, 141.91940748978593],[10, 246.36682023939593],[13, 252.04261701946976],[12, 258.7262450155089],[14, 274.84739325619176],[3, 329.6802358526361],[5, 336.76000088609436],[6, 344.40925981925113],[0, 350.1593438217392],[18, 356.53947842113394],[15, 365.01113200295595],[16, 372.9242074828986],[9, 391.8903946802767],[8, 424.27309837842427],[7, 455.7943059017398]],"pathLength": 455.7943059017398}
{ "path": [2,3,18,5,12,11,14,13,15,4,6,1,7,16,17,19,10,9,8],"timedPath": [[1, 0],[2, 45.43134295901934],[17, 80.10879952627303],[4, 94.135641192186],[11, 141.47963000786956],[10, 245.92704275747957],[13, 251.6028395375534],[12, 258.28646753359254],[14, 274.4076157742754],[3, 328.2404583707197],[5, 335.32022340417797],[0, 340.8414309274935],[6, 348.59151492998154],[15, 356.8982840137554],[16, 366.8113594936981],[18, 373.43342992034337],[9, 390.8312220338075],[8, 423.2139257319551],[7, 455.7351332552706]],"pathLength": 455.7351332552706}
