{ "path": [18,10,3,2,12,14,19,1,17,7,16,6,9,5,15,13,11,4,8],"timedPath": [[17, 0],[9, 281.3138326873444],[2, 287.9232666803301],[1, 302.8591723875227],[11, 316.2774890574725],[13, 402.96044277188327],[18, 413.42751592750216],[0, 428.00795027163406],[16, 434.77571722460044],[6, 445.42397162554397],[15, 452.55346034874077],[5, 463.51281340833447],[8, 759.2805803613008],[4, 720790.192423428],[14, 1440825.6308859384],[12, 2160838.413523309],[10, 2880856.003753207],[3, 3600867.5744161196],[7, 4320877.2477744175]],"pathLength": 4320877.2477744175}
{ "path": [3,17,12,14,13,2,1,10,19,11,9,16,4,6,15,7,18,5,8],"timedPath": [[2, 0],[16, 257.03928753890546],[11, 263.2324392941785],[13, 279.91539300858926],[12, 304.60257734776087],[1, 317.9724970340873],[0, 485.09542558287336],[9, 508.13846183716663],[18, 515.8998020914635],[10, 526.2464900648516],[8, 560.9740099314826],[15, 571.4410830871014],[3, 578.2438587248334],[5, 590.7392276654231],[14, 600.9199880128796],[6, 611.8874926095356],[17, 720641.106545027],[4, 1440646.5232116936],[7, 2160675.093437733]],"pathLength": 2160675.093437733}
{ "path": [2,12,18,5,17,13,3,14,6,1,19,7,16,10,4,9,11,15,8],"timedPath": [[1, 0],[11, 133.41831666994986],[17, 166.81065718636378],[4, 174.22732385303044],[16, 276.9783742546549],[12, 293.94587885131097],[2, 314.97709839319236],[13, 394.743981818791],[5, 412.66415246987407],[0, 421.2822013608895],[18, 435.8626357050214],[6, 452.8629250533848],[15, 459.9924137765816],[9, 506.9694233619128],[3, 577.6056932873562],[8, 590.8033009145859],[10, 607.5308207812168],[14, 618.6997392889907],[7, 633.6798698194481]],"pathLength": 633.6798698194481}
{ "path": [2,12,5,18,13,3,14,1,17,7,19,11,16,4,6,15,10,9,8],"timedPath": [[1, 0],[11, 133.41831666994986],[4, 205.08025911013428],[17, 210.49692577680094],[12, 268.19951002409346],[2, 289.23072956597485],[13, 317.99761299157353],[0, 482.3368024847873],[16, 489.1045694377537],[6, 499.7528238386972],[18, 516.7531131870606],[10, 527.0998011604488],[15, 539.9689568401333],[3, 551.7717324778653],[5, 564.2671014184549],[14, 574.4478617659114],[9, 589.9097635475613],[8, 611.4496983855358],[7, 624.0677472765512]],"pathLength": 624.0677472765512}
{ "path": [2,1,12,3,5,18,13,14,19,17,16,7,6,10,11,9,4,15,8],"timedPath": [[1, 0],[0, 192.12292854878604],[11, 199.57383541042816],[2, 217.46035937928804],[4, 258.1100827692076],[17, 263.5267494358743],[12, 294.22933368316683],[13, 334.91651802233844],[18, 441.3835911779573],[16, 457.64346338958666],[15, 468.98172901285545],[6, 476.11121773605225],[5, 485.61815683038225],[9, 512.2315414018894],[10, 526.3394057087968],[8, 561.0669255754277],[3, 574.2645332026575],[14, 585.045848892975],[7, 612.0259794234323]],"pathLength": 612.0259794234323}
{ "path": [5,16,12,18,13,2,3,14,19,17,1,6,7,10,11,15,9,4,8],"timedPath": [[4, 0],[15, 210.17121923502668],[11, 221.06377574491458],[17, 254.4561162613285],[12, 284.15870050862105],[1, 297.5286201949475],[2, 312.4645259021401],[13, 384.2314093277388],[18, 395.6984824833577],[16, 423.958354694987],[0, 430.7261216479534],[5, 439.3441705389688],[6, 448.8511096332988],[9, 520.6020512228306],[10, 532.7099155297379],[14, 548.8788340375119],[8, 565.2170996607807],[3, 577.4147072880105],[7, 609.0880655856138]],"pathLength": 609.0880655856138}
{ "path": [2,12,18,5,14,3,13,1,6,17,16,7,10,11,19,4,15,9,8],"timedPath": [[1, 0],[11, 133.41831666994986],[17, 166.81065718636378],[4, 174.22732385303044],[13, 278.0652750978154],[2, 288.8321585234141],[12, 323.8633780652955],[0, 434.3494743060588],[5, 442.96752319707423],[16, 450.41843005871635],[15, 461.75669568198515],[6, 468.88618440518195],[9, 505.6371259947137],[10, 522.744990301621],[18, 530.0916782750091],[3, 554.9861209844267],[14, 565.7674366747442],[8, 579.1057022980131],[7, 607.7237511890285]],"pathLength": 607.7237511890285}
{ "path": [3,19,2,5,18,13,12,14,1,16,17,6,7,10,11,4,15,9,8],"timedPath": [[2, 0],[18, 216.50231303144332],[1, 229.9683399101575],[4, 260.7895736357391],[17, 266.2062403024058],[12, 297.9088245496983],[11, 307.71116772777293],[13, 368.3941214421837],[0, 379.73331093539747],[15, 457.03333714078343],[16, 468.3716027640522],[5, 475.82250962569435],[6, 485.32944872002435],[9, 511.0803903095561],[10, 526.1882546164634],[3, 552.7589175290706],[14, 564.540233219388],[8, 577.8784988426569],[7, 607.4965477336723]],"pathLength": 607.4965477336723}
{ "path": [2,16,3,18,5,13,12,14,1,17,6,7,19,11,10,15,4,9,8],"timedPath": [[1, 0],[15, 188.01039864469809],[2, 204.57333031832172],[17, 244.86231585205448],[4, 250.27898251872114],[12, 279.2387288538651],[11, 289.04107203193973],[13, 319.7240257463505],[0, 466.0632152395643],[16, 472.83098219253066],[5, 480.2818890541728],[6, 489.7888281485028],[18, 506.7891174968662],[10, 520.1358054702544],[9, 530.2436697771617],[14, 551.7055715588116],[3, 564.486887249129],[8, 578.6844948763587],[7, 607.3025437673741]],"pathLength": 607.3025437673741}
{ "path": [2,1,12,3,18,5,13,14,19,16,6,17,7,10,11,15,4,9,8],"timedPath": [[1, 0],[0, 192.12292854878604],[11, 199.57383541042816],[2, 217.46035937928804],[17, 257.7493449130208],[4, 263.1660115796875],[12, 294.12575791483147],[13, 334.8129422540031],[18, 442.28001540962197],[15, 457.4957440234366],[5, 468.4550970830303],[16, 475.9060039446724],[6, 486.55425834561595],[9, 512.3051999351477],[10, 526.413064242055],[14, 546.581982749829],[3, 560.3632984401464],[8, 574.5609060673762],[7, 607.1789549583916]],"pathLength": 607.1789549583916}
{ "path": [2,16,12,18,5,13,3,14,1,6,17,7,10,19,11,15,4,9,8],"timedPath": [[1, 0],[15, 188.01039864469809],[11, 198.90295515458598],[17, 232.2952956709999],[4, 237.71196233766656],[12, 268.6717086728105],[2, 289.7029282146919],[13, 319.4698116402906],[0, 467.80900113350435],[5, 476.42705002451976],[16, 483.8779568861619],[6, 494.5262112871054],[9, 517.2771528766372],[18, 525.038493130934],[10, 533.3851811043221],[14, 549.554099612096],[3, 562.3354153024135],[8, 576.5330229296433],[7, 607.1510718206587]],"pathLength": 607.1510718206587}
{ "path": [5,12,18,13,3,2,14,19,6,7,16,1,17,10,11,15,4,9,8],"timedPath": [[4, 0],[11, 153.66194244018442],[17, 187.05428295659834],[12, 267.75686720389086],[2, 288.78808674577226],[1, 303.72399245296486],[13, 356.3718084906834],[18, 383.8388816463023],[5, 410.91823348209465],[6, 420.42517257642464],[15, 431.55466129962144],[0, 441.8546875050074],[16, 448.6224544579738],[9, 520.2710705864398],[10, 532.3789348933472],[14, 548.5478534011211],[3, 561.3291690914385],[8, 575.5267767186683],[7, 607.1448256096837]],"pathLength": 607.1448256096837}
{ "path": [2,12,5,18,14,3,13,1,17,6,19,10,11,15,16,4,9,7,8],"timedPath": [[1, 0],[11, 133.41831666994986],[4, 205.08025911013428],[17, 210.49692577680094],[13, 278.0116406213451],[2, 288.7785240469438],[12, 323.8097435888252],[0, 434.29583982958854],[16, 441.0636067825549],[5, 448.51451364419705],[18, 466.5938654799894],[9, 493.35520573428624],[10, 521.4630700411935],[14, 545.6319885489675],[15, 556.1098480254824],[3, 563.9126236632144],[8, 578.1102312904441],[6, 586.6896865562632],[7, 606.7437791096526]],"pathLength": 606.7437791096526}
{ "path": [3,16,2,12,5,18,13,14,1,17,6,19,10,11,15,4,9,7,8],"timedPath": [[2, 0],[15, 196.56293167362364],[1, 204.57333031832172],[11, 217.99164698827158],[4, 251.653589428456],[17, 257.07025609512266],[12, 286.7728403424152],[13, 319.4600246815868],[0, 467.79921417480057],[16, 474.56698112776695],[5, 482.0178879894091],[18, 500.0972398252014],[9, 509.85858007949827],[10, 524.9664443864056],[14, 546.1353628941795],[3, 559.9166785844969],[8, 575.1142862117267],[6, 583.6937414775458],[7, 605.7478340309352]],"pathLength": 605.7478340309352}
{ "path": [2,16,12,5,18,14,3,13,1,17,6,19,10,11,15,4,9,7,8],