{ "path": [2,3,5,18,15,1,11,9,6,16,10,19,12,17,4,7,13,14,8],"timedPath": [[1, 0],[2, 6.43134295901934],[4, 35.29517367697355],[17, 40.322015342886516],[14, 263.26402008932644],[0, 268.4917951908992],[10, 274.5972803705603],[8, 281.2867190068097],[5, 286.541379312159],[15, 292.39986954883517],[9, 299.2693067039849],[18, 304.667098817449],[11, 311.39795647053126],[16, 316.56983907633287],[3, 322.64149880773607],[6, 328.20776418180907],[12, 333.6773345831442],[13, 340.36096257918337],[7, 346.9021192068415]],"pathLength": 346.9021192068415}
{ "path": [5,18,2,3,6,12,16,1,15,17,19,10,9,14,11,7,13,4,8],"timedPath": [[4, 0],[17, 5.026841665912969],[1, 25.28396345691596],[2, 31.7153064159353],[5, 126.73372028424772],[11, 131.91735844200016],[15, 185.76622612649783],[0, 191.5297353037443],[14, 244.75751040531705],[16, 250.22708080665217],[18, 256.84915123329745],[9, 262.24694334676155],[8, 269.6296470449092],[13, 276.1013006267312],[10, 281.777097406805],[6, 288.1704821010232],[12, 293.64005250235834],[3, 305.6758797943684],[7, 311.3491126823785]],"pathLength": 311.3491126823785}
{ "path": [2,3,5,18,1,6,12,16,19,7,15,17,9,11,14,10,13,4,8],"timedPath": [[1, 0],[2, 6.43134295901934],[4, 35.29517367697355],[17, 40.322015342886516],[0, 202.4673645734365],[5, 207.98857209675205],[11, 213.1722102545045],[15, 219.02107793900217],[18, 225.4927315208242],[6, 246.22146468025232],[14, 252.0811292079819],[16, 257.550699609317],[8, 263.1418675445989],[10, 269.83130618084823],[13, 275.50710296092205],[9, 281.5625701705419],[12, 289.09387595649196],[3, 305.12970324850204],[7, 310.80293613651213]],"pathLength": 310.80293613651213}
{ "path": [18,5,2,3,12,6,16,1,13,9,17,7,10,19,15,14,11,4,8],"timedPath": [[17, 0],[4, 5.026841665912969],[1, 24.49346081374229],[2, 30.924803772761628],[11, 126.78120578508239],[5, 131.96484394283485],[15, 185.823334179511],[0, 191.58684335675747],[12, 245.5212149640703],[8, 250.80249646500332],[16, 256.3936644002852],[6, 262.2073385036624],[9, 269.3323240867882],[18, 274.7301162002523],[14, 280.8843889857564],[13, 286.44708006115894],[10, 292.12287684123277],[3, 305.0694309222806],[7, 310.7426638102907]],"pathLength": 310.7426638102907}
{ "path": [2,3,18,5,1,16,6,12,19,13,9,17,15,11,14,10,7,4,8],"timedPath": [[1, 0],[2, 6.43134295901934],[17, 36.10879952627304],[4, 41.13564119218601],[0, 202.28099042273598],[15, 208.04449959998246],[5, 213.90298983665863],[11, 219.0866279944111],[18, 225.8174856474933],[12, 246.9586860252459],[8, 252.2399675261789],[16, 257.8311354614608],[14, 263.30070586279595],[10, 269.1893855998102],[13, 274.865182379884],[9, 280.92064958950385],[6, 288.04563517262966],[3, 304.6119005467027],[7, 310.2851334347128]],"pathLength": 310.2851334347128}
{ "path": [3,2,5,18,12,6,1,16,19,10,14,15,9,11,13,17,7,4,8],"timedPath": [[2, 0],[1, 6.43134295901934],[4, 25.89796210684866],[17, 30.924803772761628],[11, 142.0000855753238],[5, 147.18372373307625],[0, 184.7049312563918],[15, 190.46844043363828],[18, 215.94009401546032],[9, 245.33788612892445],[13, 251.3933533385443],[14, 256.95604441394687],[8, 262.86911989388955],[10, 269.5585585301389],[12, 276.37227712291315],[16, 282.23194165064274],[6, 288.04561575401993],[3, 304.61188112809293],[7, 310.285114016103]],"pathLength": 310.285114016103}
{ "path": [3,2,5,18,1,19,12,16,11,10,13,15,14,9,6,17,7,4,8],"timedPath": [[2, 0],[1, 6.43134295901934],[4, 25.89796210684866],[17, 30.924803772761628],[0, 203.07015300331162],[18, 215.45028760270637],[11, 222.18114525578858],[15, 228.03001294028624],[10, 245.16362480290587],[9, 250.89945159381688],[12, 258.43075737976693],[14, 264.5519056204498],[13, 270.11459669585236],[8, 276.58625027767437],[5, 281.8409105830237],[16, 287.1939823998269],[6, 293.0076565032041],[3, 304.57392187727714],[7, 310.24715476528723]],"pathLength": 310.24715476528723}
{ "path": [5,18,2,3,12,6,19,1,11,15,7,17,14,10,13,9,16,4,8],"timedPath": [[4, 0],[17, 5.026841665912969],[1, 25.28396345691596],[2, 31.7153064159353],[11, 126.57170842825606],[5, 131.7553465860085],[18, 216.6395269224972],[0, 223.01966152189195],[10, 245.12514670155306],[14, 251.01382643856732],[6, 256.8734909662969],[16, 262.6871650696741],[13, 268.6464231129381],[9, 274.701890322558],[12, 282.233196108508],[8, 287.51447760944103],[15, 293.3020511732757],[3, 304.5617547465384],[7, 310.2349876345485]],"pathLength": 310.2349876345485}
{ "path": [18,5,2,3,19,6,12,1,11,9,13,17,15,14,10,7,16,4,8],"timedPath": [[17, 0],[4, 5.026841665912969],[1, 24.49346081374229],[2, 30.924803772761628],[18, 215.14122341714722],[5, 222.0254037536359],[11, 227.20904191138837],[0, 232.56211372819155],[10, 245.66759890785266],[8, 252.357037544102],[12, 257.638319045035],[16, 263.4979835727646],[14, 268.96755397409976],[13, 274.5302450495023],[9, 280.58571225912215],[6, 287.71069784224795],[15, 293.0174669260218],[3, 304.2771704992845],[7, 309.9504033872946]],"pathLength": 309.9504033872946}
