{ "path": [17,2,1,3,11,16,0,6,15,8,12,5,13,4,14,10,18,9,7],"timedPath": [[17, 0],[2, 32.01415213131328],[1, 38.44549509033262],[3, 304.62556711914414],[11, 310.6657677924903],[16, 5047.837650398292],[0, 12253.092310703641],[6, 19458.84239470613],[15, 26664.149163789905],[8, 33869.93673735374],[12, 41075.21801885467],[5, 48280.75341148663],[13, 55487.03843006782],[4, 62715.204647089835],[14, 69940.005039903],[10, 77145.89371964001],[18, 84351.23177793149],[9, 91556.62957004496],[7, 98763.89962063453]],"pathLength": 98763.89962063453}
{ "path": [9,2,1,3,11,16,0,13,10,14,6,15,12,8,5,4,17,18,7],"timedPath": [[9, 0],[2, 6.231851235484129],[1, 12.663194194503468],[3, 304.843266223315],[11, 310.8834668966612],[16, 5024.055349502462],[0, 12229.310009807812],[13, 19435.079160755213],[10, 26640.754957535286],[14, 33846.6436372723],[6, 41052.503301800025],[15, 48257.8100708838],[12, 55463.58630921083],[8, 62668.86759071176],[5, 69874.1222510171],[4, 77096.5157763131],[17, 84301.8553233869],[18, 91531.40473501144],[7, 98738.27783037143]],"pathLength": 98738.27783037143}
{ "path": [14,1,2,15,11,17,4,13,12,8,16,0,5,10,18,9,3,6,7],"timedPath": [[14, 0],[1, 5.954513871879194],[2, 13.385856830898534],[15, 188.0515852832813],[11, 193.90045296777896],[17, 216.9006458679799],[4, 222.24019294177896],[13, 267.40640996379426],[12, 277.0900379598334],[8, 9274.371319460766],[16, 16479.96248739605],[0, 23685.217147701398],[5, 30890.738355224712],[10, 38097.32757518808],[18, 45302.66563347956],[9, 52508.06342559303],[3, 59714.73971897965],[6, 66920.30598435372],[7, 74125.45783442144]],"pathLength": 74125.45783442144}
{ "path": [17,1,3,11,2,13,5,16,18,6,0,15,14,8,12,4,10,9,7],"timedPath": [[17, 0],[1, 21.083549221348985],[3, 304.2636212501605],[11, 310.3038219235067],[2, 319.16022393582745],[13, 409.99098745452113],[5, 417.2760060357096],[16, 422.6290778525128],[18, 429.2511482791581],[6, 435.9798814385862],[0, 441.7299654410742],[15, 447.4934746183207],[14, 1281.282602033905],[8, 8487.195677513848],[12, 15692.47695901478],[4, 22911.237308655043],[10, 30137.708219208627],[9, 37343.44404599954],[7, 44550.714096589116]],"pathLength": 44550.714096589116}
{ "path": [16,2,1,3,11,13,0,18,6,5,15,9,14,10,8,12,17,4,7],"timedPath": [[16, 0],[2, 7.734351146060812],[1, 14.165694105080153],[3, 304.3457661338917],[11, 310.3859668072379],[13, 371.49275485733307],[0, 378.2619058047348],[18, 386.64204040412955],[6, 394.37077356355763],[5, 405.0200324967144],[15, 423.8785227333906],[9, 609.7479598885403],[14, 616.2550765917792],[10, 622.1437563287935],[8, 7828.833194965043],[12, 15034.114476465977],[17, 22252.40242004068],[4, 29457.741967114478],[7, 36675.759049907654]],"pathLength": 36675.759049907654}
{ "path": [13,1,2,18,4,11,17,12,5,10,14,0,3,9,15,16,6,8,7],"timedPath": [[13, 0],[1, 6.2457838229606555],[2, 13.677126781979997],[18, 214.8935464263656],[4, 244.56153347873467],[11, 267.8449883552678],[17, 290.84518125546873],[12, 325.13312483017],[5, 552.6685174621263],[10, 559.2577374254964],[14, 565.1464171625107],[0, 570.3741922640835],[3, 576.2505428042996],[9, 582.926836190918],[15, 589.7962733460678],[16, 595.7093488260105],[6, 601.5230229293877],[8, 7807.038670746792],[7, 15012.559878270109]],"pathLength": 15012.559878270109}
{ "path": [12,1,2,18,4,11,17,13,5,0,6,15,16,9,10,14,8,3,7],"timedPath": [[12, 0],[1, 6.205750735125063],[2, 13.637093694144404],[18, 214.85351333852998],[4, 244.52150039089906],[11, 267.80495526743215],[17, 290.8051481676331],[13, 339.3342377283355],[5, 458.61925630952396],[0, 464.1404638328395],[6, 469.89054783532754],[15, 475.1973169191014],[16, 481.1103923990441],[9, 496.07657959642216],[10, 516.8124063873332],[14, 540.7010861243475],[8, 554.6141616042902],[3, 561.6510318507098],[7, 609.3242647387199]],"pathLength": 609.3242647387199}
{ "path": [0,1,2,18,4,12,11,17,13,5,16,15,6,9,10,14,3,8,7],"timedPath": [[0, 0],[1, 6.026112155887544],[2, 13.457455114906885],[18, 214.67387475929246],[4, 244.34186181166154],[12, 263.10221145192224],[11, 268.7940255952223],[17, 291.79421849542325],[13, 341.32330805612565],[5, 449.6083266373141],[16, 454.96139845411733],[15, 460.87447393406],[6, 466.1812430178339],[9, 493.3062286009597],[10, 517.0420553918707],[14, 539.930735128885],[3, 550.7635777253292],[8, 561.8004479717489],[7, 609.3216554950644]],"pathLength": 609.3216554950644}
{ "path": [16,1,2,18,4,12,11,17,13,5,0,6,15,9,10,14,3,8,7],"timedPath": [[16, 0],[1, 6.23457000068979],[2, 13.66591295970913],[18, 214.8823326040947],[4, 244.55031965646378],[12, 263.3106692967245],[11, 269.00248344002455],[17, 292.0026763402255],[13, 341.5317659009279],[5, 448.8167844821163],[0, 454.33799200543183],[6, 460.0880760079199],[15, 465.39484509169375],[9, 493.2642822468435],[10, 517.0001090377546],[14, 540.8887887747688],[3, 551.7216313712131],[8, 561.7585016176328],[7, 609.2797091409483]],"pathLength": 609.2797091409483}
{ "path": [10,1,2,18,4,12,11,17,13,5,16,6,0,9,15,14,3,8,7],"timedPath": [[10, 0],[1, 5.896590749091853],[2, 13.327933708111193],[18, 214.54435335249678],[4, 244.21234040486587],[12, 262.97269004512657],[11, 268.66450418842663],[17, 291.6646970886276],[13, 341.19378664933],[5, 450.47880523051845],[16, 455.83187704732165],[6, 461.64555115069885],[0, 467.3956351531869],[9, 493.130526330276],[15, 499.9999634854257],[14, 560.7890909010101],[3, 567.6219334974544],[8, 574.658803743874],[7, 604.1800112671896]],"pathLength": 604.1800112671896}
{ "path": [10,1,2,18,4,12,11,17,13,5,16,6,15,9,0,14,3,8,7],"timedPath": [[10, 0],[1, 5.896590749091853],[2, 13.327933708111193],[18, 214.54435335249678],[4, 244.21234040486587],[12, 262.97269004512657],[11, 268.66450418842663],[17, 291.6646970886276],[13, 341.19378664933],[5, 450.47880523051845],[16, 455.83187704732165],[6, 461.64555115069885],[15, 466.9523202344727],[9, 492.82175738962246],[0, 499.55664856671154],[14, 560.7844236682843],[3, 567.6172662647285],[8, 574.6541365111482],[7, 604.1753440344637]],"pathLength": 604.1753440344637}
{ "path": [5,0,11,17,13,4,12,1,2,18,6,15,16,9,10,14,3,8,7],"timedPath": [[5, 0],[0, 185.52120752331555],[11, 190.87427934011873],[17, 213.87447224031968],[13, 268.4035618010221],[4, 296.5697788230374],[12, 338.3301284632981],[1, 344.5358791984231],[2, 350.96722215744245],[18, 384.18364180182806],[6, 391.91237496125615],[15, 428.21914404503],[16, 434.1322195249727],[9, 552.0984067223508],[10, 557.8342335132618],[14, 563.7229132502761],[3, 569.5557558467203],[8, 576.59262609314],[7, 604.1138336164555]],"pathLength": 604.1138336164555}
{ "path": [16,15,17,11,12,4,13,1,2,18,5,9,10,14,8,3,0,6,7],"timedPath": [[16, 0],[15, 185.91307547994268],[17, 205.81949654232008],[11, 228.81968944252102],[12, 245.5115035858211],[4, 264.27185322608176],[13, 296.43807024809706],[1, 319.68385407105774],[2, 327.11519703007707],[18, 498.3316166744627],[5, 505.21579701095135],[9, 513.465024080076],[10, 523.200850870987],[14, 540.0895306080013],[8, 555.002606087944],[3, 562.0394763343636],[0, 567.9158268745797],[6, 573.6659108770677],[7, 603.8177609447829]],"pathLength": 603.8177609447829}
