{ "path": [2,4,12,3,19,15,7,10,11,14,1,13,9,6,17,16,5,18,8],"timedPath": [[1, 0],[3, 305.18007202881154],[11, 311.22027270215773],[2, 318.0766747144785],[18, 619.2930943588641],[14, 625.4473671443682],[6, 631.3070316720978],[9, 638.4320172552236],[10, 644.1678440461346],[13, 720649.8436408262],[0, 1440655.6127917736],[12, 2160661.547163381],[8, 2880666.828444882],[5, 3600672.083105187],[16, 4320677.436177004],[15, 5040683.349252484],[4, 5760702.8494919455],[17, 6480708.189039019],[7, 7200726.206121812]],"pathLength": 7200726.206121812}
{ "path": [18,12,2,5,3,11,15,10,7,16,4,17,6,9,13,14,1,19,8],"timedPath": [[17, 0],[11, 143.00019290020094],[1, 151.21291558974954],[4, 180.46314327475295],[2, 606.6195981565963],[10, 612.1588797279101],[14, 618.0475594649243],[9, 624.5546761681633],[6, 631.6796617512891],[15, 720636.986430835],[3, 1440642.2461344083],[16, 2160648.3177941395],[5, 2880653.670865956],[8, 3600658.9255262613],[12, 4320664.206807762],[13, 5040670.890435758],[0, 5760676.659586705],[18, 6480683.039721305],[7, 7200689.912816664]],"pathLength": 7200689.912816664}
{ "path": [3,11,13,18,2,12,14,1,7,19,6,17,16,10,15,4,9,5,8],"timedPath": [[2, 0],[10, 245.53928157131372],[12, 252.35300016408797],[17, 270.64094373878925],[1, 291.7244929601382],[11, 297.9372156496868],[13, 333.04400369978197],[0, 385.8131546471837],[6, 392.56323864967175],[18, 399.29197180909983],[5, 409.1761521455885],[16, 416.5292239623917],[15, 427.4422994423344],[9, 586.3117365974841],[14, 592.818853300723],[3, 598.6516958971673],[8, 604.688566143587],[4, 720625.3687464856],[7, 1440643.3858292787]],"pathLength": 1440643.3858292787}
{ "path": [3,15,2,5,12,13,14,1,17,7,6,16,19,10,11,9,4,18,8],"timedPath": [[2, 0],[14, 246.27556316534353],[1, 252.2300770372227],[4, 272.48030472222615],[11, 295.76375959875924],[12, 322.4555737420593],[13, 428.13920173809845],[0, 433.9083526855002],[16, 439.1630129908495],[6, 444.9766870942267],[5, 450.62594602738346],[15, 456.48443626405964],[18, 462.95608984588165],[9, 492.35388195934576],[10, 517.0897087502568],[8, 552.7791473865061],[3, 560.8160176329258],[17, 720581.5889286586],[7, 1440599.6060114517]],"pathLength": 1440599.6060114517}
{ "path": [3,19,5,18,12,2,13,14,1,7,6,16,17,10,11,15,4,9,8],"timedPath": [[2, 0],[18, 215.21641964438558],[4, 243.88440669675467],[17, 249.22395377055372],[11, 272.22414667075464],[1, 278.4368693603032],[12, 291.64262009542824],[13, 319.3262480914674],[0, 465.0953990388691],[6, 470.84548304135717],[5, 476.49474197451394],[15, 482.3532322111901],[16, 488.2663076911328],[9, 500.23249488851087],[10, 516.9683216794219],[14, 540.8570014164362],[3, 551.6898440128805],[8, 561.7267142593001],[7, 609.2479217826157]],"pathLength": 609.2479217826157}
{ "path": [18,19,2,5,12,3,14,13,17,1,7,6,10,16,11,9,15,4,8],"timedPath": [[17, 0],[18, 239.54941162454023],[1, 245.7690073333586],[4, 266.019235018362],[11, 289.3026898948951],[2, 296.15909190721584],[13, 327.9898554259095],[12, 465.6734834219486],[16, 471.5331479496782],[0, 476.7878082550275],[6, 482.5378922575156],[5, 488.18715119067235],[9, 500.43637825979704],[15, 507.3058154149468],[10, 519.4394272775664],[8, 551.1288659138158],[14, 558.0419413937585],[3, 564.8747839902028],[7, 607.5480168782128]],"pathLength": 607.5480168782128}
{ "path": [5,16,12,2,18,3,13,14,1,7,6,10,11,15,19,9,17,4,8],"timedPath": [[4, 0],[15, 199.50023946162423],[11, 205.3491071461219],[1, 211.5618298356705],[17, 232.64537905701948],[2, 275.6595311883328],[12, 288.9689505701164],[13, 313.65257856615557],[0, 530.4217295135574],[6, 536.1718135160454],[5, 541.8210724492022],[9, 549.0702995183269],[10, 554.8061263092379],[14, 560.6948060462522],[18, 566.8490788317563],[8, 575.8522626861252],[16, 581.4434306214071],[3, 587.5150903528103],[7, 607.1883232408203]],"pathLength": 607.1883232408203}
{ "path": [3,19,5,18,12,2,13,14,1,16,6,17,11,9,4,10,15,7,8],"timedPath": [[2, 0],[18, 215.21641964438558],[4, 243.88440669675467],[17, 249.22395377055372],[11, 272.22414667075464],[1, 278.4368693603032],[12, 291.64262009542824],[13, 319.3262480914674],[0, 465.0953990388691],[15, 470.8589082161156],[5, 476.71739845279177],[16, 482.070470269595],[10, 527.4270660041944],[8, 551.1165046404437],[3, 559.1533748868634],[9, 565.8296682734818],[14, 572.3367849767208],[6, 578.1964495044504],[7, 604.3482995721655]],"pathLength": 604.3482995721655}
{ "path": [18,19,5,12,2,13,3,14,1,6,16,10,11,15,4,9,17,7,8],"timedPath": [[17, 0],[18, 239.54941162454023],[4, 268.21739867690934],[11, 291.5008535534424],[1, 297.713576242991],[12, 327.91932697811603],[2, 335.2287463598997],[13, 516.0595098785934],[0, 521.8286608259951],[5, 527.3498683493107],[15, 533.2083585859868],[9, 540.0777957411366],[10, 545.8136225320476],[14, 553.7023022690619],[3, 560.5351448655061],[8, 568.5720151119258],[16, 574.1631830472077],[6, 579.9768571505849],[7, 604.1287072183001]],"pathLength": 604.1287072183001}
{ "path": [18,19,5,12,2,13,3,14,1,6,17,16,7,10,11,15,4,9,8],"timedPath": [[17, 0],[18, 239.54941162454023],[4, 268.21739867690934],[11, 291.5008535534424],[1, 297.713576242991],[12, 327.91932697811603],[2, 335.2287463598997],[13, 516.0595098785934],[0, 521.8286608259951],[5, 527.3498683493107],[16, 532.7029401661139],[15, 538.6160156460566],[6, 543.9227847298304],[9, 551.0477703129562],[10, 556.7835971038672],[14, 562.6722768408815],[3, 568.5051194373258],[8, 575.5419896837454],[7, 604.063197207061]],"pathLength": 604.063197207061}
{ "path": [5,19,18,12,2,13,3,14,1,6,17,7,10,11,15,4,9,16,8],"timedPath": [[4, 0],[18, 238.66798705236909],[17, 268.21739867690934],[11, 291.2175915771103],[1, 297.43031426665885],[12, 327.6360650017839],[2, 334.94548438356753],[13, 513.7762479022613],[0, 519.545398849663],[5, 525.0666063729785],[16, 530.4196781897817],[6, 536.233352293159],[9, 543.3583378762848],[10, 549.0941646671959],[14, 555.9828444042101],[3, 562.8156870006544],[8, 570.8525572470741],[15, 576.6401308109088],[7, 604.0623518287975]],"pathLength": 604.0623518287975}
{ "path": [3,19,5,18,12,2,13,14,1,6,17,16,10,11,4,15,9,7,8],"timedPath": [[2, 0],[18, 215.21641964438558],[4, 243.88440669675467],[17, 249.22395377055372],[11, 272.22414667075464],[1, 278.4368693603032],[12, 291.64262009542824],[13, 319.3262480914674],[0, 465.0953990388691],[5, 470.61660656218464],[16, 475.96967837898785],[15, 481.8827538589305],[9, 496.75219101408027],[10, 516.4880178049913],[3, 551.4345718860391],[14, 558.2674144824833],[8, 567.180489962426],[6, 572.6961377798309],[7, 603.847987847546]],"pathLength": 603.847987847546}
