{ "path": [5,4,2,19,1,17,6,7,16,10,11,15,9,14,13,12,3,18,8],"timedPath": [[4, 0],[3, 330.7586285435472],[1, 337.0086285435472],[18, 433.47465542226143],[0, 448.05508976639334],[16, 454.8228567193597],[5, 462.27376358100184],[6, 471.78070267533184],[15, 478.91019139852864],[9, 505.8872009838598],[10, 522.9950652907671],[14, 545.163983798541],[8, 562.5022494218099],[13, 4186.717978035625],[12, 724203.4051623748],[11, 1444213.207505553],[2, 2164231.094029522],[17, 2884271.3830150557],[7, 3604299.660477928]],"pathLength": 3604299.660477928}
{ "path": [5,4,2,3,19,7,16,17,1,10,11,15,6,9,12,14,18,13,8],"timedPath": [[4, 0],[3, 330.7586285435472],[1, 337.0086285435472],[2, 351.9445342507398],[18, 384.44684728218317],[6, 402.4471366305466],[15, 424.57662535374334],[16, 435.91489097701213],[0, 442.6826579299785],[9, 531.7256941842718],[10, 541.8335584911791],[14, 555.0024769989531],[5, 565.1832373464096],[8, 573.9510042993759],[11, 4486.866480246798],[13, 724499.5494339612],[17, 1444538.0641488056],[12, 2164566.766733053],[7, 2884574.4875376727]],"pathLength": 2884574.4875376727}
{ "path": [18,7,12,13,3,1,16,2,11,15,6,9,17,4,10,14,5,19,8],"timedPath": [[17, 0],[6, 269.2190524174667],[11, 279.0731743772036],[12, 295.87551755527824],[2, 316.90673709715963],[0, 499.3423864673607],[15, 509.6424126727467],[1, 517.6528113174447],[10, 531.8766454340573],[14, 549.0455639418312],[5, 559.2263242892877],[8, 568.9940912422541],[16, 578.0977819930024],[3, 590.536886628493],[9, 607.1731565539363],[13, 720619.4998581007],[4, 1440658.3378093455],[18, 2160697.4887203467],[7, 2880715.4911239706]],"pathLength": 2880715.4911239706}
{ "path": [3,10,2,13,12,14,1,17,6,9,7,16,4,11,15,5,18,19,8],"timedPath": [[2, 0],[9, 246.60943399298566],[1, 262.7602311742538],[12, 278.1301508605803],[11, 287.9324940386549],[13, 317.61544775306567],[0, 486.95463724627945],[16, 493.72240419924583],[5, 501.17331106088795],[8, 568.9410780138543],[6, 577.5205332796734],[15, 584.6500220028702],[3, 591.4527976406022],[10, 603.0234605532094],[14, 614.1923790609833],[4, 720649.6308415715],[17, 1440655.047508238],[18, 2160693.837094076],[7, 2880711.8394977]],"pathLength": 2880711.8394977}
{ "path": [18,15,14,2,3,12,1,6,7,16,17,10,19,11,4,9,13,5,8],"timedPath": [[17, 0],[14, 275.13177079282116],[13, 292.0377846745738],[1, 305.68560071229234],[2, 320.62150641948494],[11, 338.5080303883448],[0, 374.95893724998695],[5, 399.57698614100235],[6, 409.08392523533234],[15, 426.21341395852915],[16, 437.55167958179794],[9, 550.200295710264],[18, 557.9616359645607],[10, 565.3083239379489],[3, 576.8789868505561],[8, 590.0765944777859],[12, 1406.0291568967625],[4, 721434.9889032319],[7, 1441463.5591292714]],"pathLength": 1441463.5591292714}
{ "path": [18,9,13,12,3,2,14,10,19,11,4,16,7,6,17,1,15,5,8],"timedPath": [[17, 0],[8, 273.65394706473063],[12, 285.60650948370727],[11, 295.4088526617819],[2, 313.2953766306418],[1, 328.2312823378344],[13, 470.8790983755529],[9, 498.2057999223307],[18, 505.96714017662754],[10, 520.3138281500156],[3, 553.8844910626228],[15, 560.6872667003548],[6, 567.8167554235516],[5, 577.3236945178816],[16, 584.7746013795237],[0, 591.54236833249],[14, 598.1235071625742],[4, 720633.561969673],[7, 1440662.1321957125]],"pathLength": 1440662.1321957125}
{ "path": [2,16,12,3,5,18,14,13,1,19,17,6,7,10,11,15,9,4,8],"timedPath": [[1, 0],[15, 188.01039864469809],[11, 198.90295515458598],[2, 216.78947912344586],[4, 257.43920251336544],[17, 262.85586918003213],[13, 304.3705840245763],[12, 357.0577683637479],[0, 373.54386460451127],[18, 391.1242989486432],[16, 427.3841711602725],[5, 434.8350780219146],[6, 444.3420171162446],[9, 530.0929587057764],[10, 541.2008230126837],[14, 554.3697415204576],[8, 569.7080071437265],[3, 581.9056147709562],[7, 609.5789730685594]],"pathLength": 609.5789730685594}
{ "path": [2,1,12,18,5,3,14,13,6,17,16,7,19,10,11,15,9,4,8],"timedPath": [[1, 0],[0, 192.12292854878604],[11, 199.57383541042816],[17, 232.96617592684208],[4, 238.38284259350874],[2, 279.0325659834283],[13, 299.799449409027],[12, 343.4866337481986],[5, 444.2031509350282],[16, 451.6540577966703],[15, 462.9923234199391],[6, 470.1218121431359],[18, 487.12210149149934],[9, 499.8834417457962],[10, 520.9913060527035],[14, 545.1602245604774],[8, 562.4984901837463],[3, 574.696097810976],[7, 608.3694561085792]],"pathLength": 608.3694561085792}
{ "path": [3,19,18,5,13,12,2,14,16,7,17,1,6,10,11,15,4,9,8],"timedPath": [[2, 0],[18, 216.50231303144332],[17, 255.2918988695549],[4, 260.70856553622156],[12, 291.6683118713655],[11, 301.47065504944015],[1, 314.88897171939],[13, 397.5367877571085],[15, 433.2050568397391],[6, 440.3345455629359],[16, 450.9827999638794],[0, 457.7505669168458],[5, 466.3686158078612],[9, 506.98200037936834],[10, 523.0898646862756],[14, 545.2587831940496],[3, 559.040098884367],[8, 574.2377065115968],[7, 607.8557554026122]],"pathLength": 607.8557554026122}
{ "path": [3,16,2,5,18,12,14,13,1,17,6,7,19,10,11,15,4,9,8],"timedPath": [[2, 0],[15, 196.56293167362364],[1, 204.57333031832172],[4, 235.3945640439033],[17, 240.81123071056996],[11, 274.20357122698385],[13, 293.8865249413946],[12, 329.5737092805662],[0, 404.05980552132957],[16, 414.82757247429595],[5, 423.2784793359381],[6, 432.78541843026807],[18, 449.7857077786315],[9, 507.5470480329283],[10, 523.6549123398356],[14, 545.8238308476095],[3, 559.605146537927],[8, 574.8027541651568],[7, 607.4208030561722]],"pathLength": 607.4208030561722}
{ "path": [5,12,2,18,14,3,13,1,17,6,16,7,19,10,11,15,4,9,8],"timedPath": [[4, 0],[11, 153.66194244018442],[1, 167.08025911013428],[17, 197.5515119694308],[13, 278.066226813975],[2, 288.83311023957367],[12, 323.86432978145507],[0, 434.3504260222184],[16, 441.1181929751848],[5, 448.5690998368269],[15, 459.5284528964206],[6, 466.6579416196174],[18, 483.65823096798084],[9, 498.4195712222777],[10, 520.527435529185],[14, 545.696354036959],[3, 559.4776697272764],[8, 574.6752773545061],[7, 607.2933262455215]],"pathLength": 607.2933262455215}
{ "path": [2,16,12,5,18,13,3,14,1,17,6,19,10,11,15,9,4,7,8],"timedPath": [[1, 0],[15, 188.01039864469809],[11, 198.90295515458598],[4, 232.5648975947704],[17, 237.98156426143706],[12, 268.6841485087296],[2, 289.715368050611],[13, 319.4822514762097],[0, 467.82144096942346],[16, 474.58920792238985],[5, 482.04011478403197],[18, 500.1194666198243],[9, 509.88080687412116],[10, 524.9886711810285],[14, 546.1575896888024],[8, 563.4958553120713],[3, 575.6934629393011],[6, 584.6242884109913],[7, 606.6783809643807]],"pathLength": 606.6783809643807}
