{ "path": [5,2,16,12,18,14,13,9,6,17,1,15,7,4,11,19,3,10,8],"timedPath": [[4, 0],[1, 20.25022768500341],[15, 188.6838985581892],[11, 194.53276624268688],[17, 217.53295914288782],[13, 268.0620487035902],[12, 277.74567669962937],[8, 9278.026958200562],[5, 729283.281618506],[16, 1449288.634690323],[0, 2169293.8893506285],[14, 2889299.11712573],[6, 3609304.9767902577],[3, 4329310.543055632],[10, 5049316.489609713],[18, 5769321.827668004],[2, 6489327.044087648],[9, 7209332.275938883],[7, 7929339.545989473]],"pathLength": 7929339.545989473}
{ "path": [18,2,3,10,13,14,12,6,17,4,16,7,15,1,11,19,9,5,8],"timedPath": [[17, 0],[1, 21.083549221348985],[2, 34.51489218036832],[9, 250.74674341585245],[12, 259.2780492018025],[13, 268.96167719784165],[11, 275.06846524793684],[5, 1848.2521034056895],[16, 721853.6051752225],[3, 1441859.676834954],[15, 2161864.9365385273],[6, 2881870.243307611],[14, 3601876.1029721387],[0, 4321881.33074724],[10, 5041887.43623242],[18, 5761892.774290711],[8, 6481899.777474565],[4, 7201920.457654907],[7, 7921938.4747377]],"pathLength": 7921938.4747377}
{ "path": [3,2,4,12,13,1,7,19,6,17,16,15,18,5,11,10,14,9,8],"timedPath": [[2, 0],[1, 6.43134295901934],[3, 304.61141498783087],[11, 310.65161566117706],[12, 368.3434298044771],[0, 375.27780141179],[6, 386.02788541427805],[18, 393.75661857370613],[5, 405.6407989101948],[16, 413.993870726998],[15, 426.9069462069407],[14, 2182.696073622525],[17, 722207.664103626],[4, 1442213.0036506997],[10, 2162239.4745612536],[9, 2882245.2103880444],[13, 3602251.265855254],[8, 4322257.737508836],[7, 5042263.25871636]],"pathLength": 5042263.25871636}
{ "path": [5,2,4,12,3,13,17,7,19,16,1,6,9,14,11,10,15,18,8],"timedPath": [[4, 0],[1, 20.25022768500341],[3, 304.430299713815],[11, 310.47050038716117],[2, 319.3269023994819],[12, 410.63632178126556],[16, 417.49598630899516],[6, 423.30966041237235],[18, 430.03839357180044],[15, 438.51004715362245],[0, 444.2735563308689],[5, 449.79476385418445],[8, 929.0494241595338],[13, 720935.5210777414],[10, 1440941.1968745214],[9, 2160946.9327013125],[14, 2880953.439818016],[17, 3600978.407848019],[7, 4320996.424930813]],"pathLength": 4320996.424930813}
{ "path": [5,2,16,18,12,13,14,3,6,19,1,7,17,10,11,15,9,4,8],"timedPath": [[4, 0],[1, 20.25022768500341],[15, 188.6838985581892],[17, 208.59031962056662],[11, 231.59051252076756],[12, 245.28232666406763],[13, 252.96595466010675],[2, 459.79671817880046],[5, 466.81513204711285],[18, 473.6993123836015],[0, 480.0794469829963],[6, 485.8295309854843],[16, 491.6432050888615],[9, 502.6093922862396],[10, 517.3452190771507],[14, 540.233898814165],[8, 554.1469742941076],[3, 561.1838445405273],[7, 609.8570774285373]],"pathLength": 609.8570774285373}
{ "path": [18,2,16,12,5,14,13,3,19,17,10,6,4,1,11,9,15,7,8],"timedPath": [[17, 0],[1, 21.083549221348985],[15, 188.5172200945348],[11, 194.36608777903245],[4, 223.64954265556557],[13, 267.81575967758084],[12, 277.49938767362],[2, 324.80880705540363],[18, 523.0252266997892],[16, 529.6472971264345],[9, 536.6134843238126],[5, 543.8627113929373],[3, 553.9424764263956],[0, 559.8188269666117],[10, 565.9243121462728],[8, 574.6137507825221],[14, 580.5268262624647],[6, 586.3864907901943],[7, 605.5383408579095]],"pathLength": 605.5383408579095}
{ "path": [18,2,16,12,5,14,13,3,19,6,1,11,17,7,4,10,15,9,8],"timedPath": [[17, 0],[1, 21.083549221348985],[15, 188.5172200945348],[11, 194.36608777903245],[4, 223.64954265556557],[13, 267.81575967758084],[12, 277.49938767362],[2, 324.80880705540363],[18, 523.0252266997892],[5, 529.9094070362779],[0, 535.4306145595934],[10, 541.5360997392545],[16, 547.8926954738539],[6, 553.7063695772312],[3, 560.2726349513042],[9, 566.9489283379227],[14, 573.4560450411616],[8, 580.3691205211043],[7, 604.8903280444198]],"pathLength": 604.8903280444198}
{ "path": [18,2,16,12,5,14,13,3,19,6,7,11,10,1,17,15,9,4,8],"timedPath": [[17, 0],[1, 21.083549221348985],[15, 188.5172200945348],[11, 194.36608777903245],[4, 223.64954265556557],[13, 267.81575967758084],[12, 277.49938767362],[2, 324.80880705540363],[18, 523.0252266997892],[5, 529.9094070362779],[6, 535.5586659694347],[10, 541.9520506636529],[9, 547.6878774545639],[0, 554.422768631653],[16, 559.6774289370022],[14, 565.1469993383373],[8, 573.06007481828],[3, 579.0969450646996],[7, 604.7701779527097]],"pathLength": 604.7701779527097}
{ "path": [18,2,16,12,5,14,13,3,19,11,7,6,1,10,17,15,9,4,8],"timedPath": [[17, 0],[1, 21.083549221348985],[15, 188.5172200945348],[11, 194.36608777903245],[4, 223.64954265556557],[13, 267.81575967758084],[12, 277.49938767362],[2, 324.80880705540363],[18, 523.0252266997892],[10, 529.3632849912736],[6, 535.7566696854918],[5, 541.4059286186487],[0, 546.9271361419642],[9, 553.6620273190532],[16, 560.6282145164313],[14, 566.0977849177664],[8, 574.010860397709],[3, 580.0477306441287],[7, 604.7209635321387]],"pathLength": 604.7209635321387}
{ "path": [18,2,16,12,5,14,13,3,19,11,10,1,17,15,9,4,6,7,8],"timedPath": [[17, 0],[1, 21.083549221348985],[15, 188.5172200945348],[11, 194.36608777903245],[4, 223.64954265556557],[13, 267.81575967758084],[12, 277.49938767362],[2, 324.80880705540363],[18, 523.0252266997892],[10, 529.3632849912736],[9, 535.0991117821847],[0, 541.8340029592737],[16, 547.0886632646229],[14, 553.558233665958],[8, 563.4713091459007],[3, 569.5081793923204],[5, 575.5879444257787],[6, 581.2372033589355],[7, 604.3890534266507]],"pathLength": 604.3890534266507}
{ "path": [18,2,16,12,5,14,13,3,19,11,10,17,1,6,7,4,15,9,8],"timedPath": [[17, 0],[1, 21.083549221348985],[15, 188.5172200945348],[11, 194.36608777903245],[4, 223.64954265556557],[13, 267.81575967758084],[12, 277.49938767362],[2, 324.80880705540363],[18, 523.0252266997892],[10, 529.3632849912736],[9, 535.0991117821847],[16, 542.0652989795627],[0, 547.319959284912],[5, 552.8411668082275],[6, 558.4904257413843],[3, 565.0566911154574],[14, 570.8895337119017],[8, 577.8026091918443],[7, 604.3238167151599]],"pathLength": 604.3238167151599}
{ "path": [18,2,16,12,5,14,13,3,19,11,7,6,1,10,15,17,4,9,8],"timedPath": [[17, 0],[1, 21.083549221348985],[15, 188.5172200945348],[11, 194.36608777903245],[4, 223.64954265556557],[13, 267.81575967758084],[12, 277.49938767362],[2, 324.80880705540363],[18, 523.0252266997892],[10, 529.3632849912736],[6, 535.7566696854918],[5, 541.4059286186487],[0, 546.9271361419642],[9, 553.6620273190532],[14, 561.1691440222921],[16, 566.6387144236272],[3, 572.7103741550304],[8, 579.7472444014501],[7, 604.2684519247656]],"pathLength": 604.2684519247656}
{ "path": [18,2,16,12,5,14,13,3,19,11,7,6,1,17,10,15,4,9,8],"timedPath": [[17, 0],[1, 21.083549221348985],[15, 188.5172200945348],[11, 194.36608777903245],[4, 223.64954265556557],[13, 267.81575967758084],[12, 277.49938767362],[2, 324.80880705540363],[18, 523.0252266997892],[10, 529.3632849912736],[6, 535.7566696854918],[5, 541.4059286186487],[0, 546.9271361419642],[16, 552.1817964473134],[9, 559.1479836446915],[14, 565.6551003479304],[3, 571.4879429443747],[8, 578.5248131907944],[7, 604.0460207141099]],"pathLength": 604.0460207141099}
{ "path": [18,2,16,12,5,14,13,3,19,11,10,1,6,7,4,15,17,9,8],"timedPath": [[17, 0],[1, 21.083549221348985],[15, 188.5172200945348],[11, 194.36608777903245],[4, 223.64954265556557],[13, 267.81575967758084],[12, 277.49938767362],[2, 324.80880705540363],[18, 523.0252266997892],[10, 529.3632849912736],[9, 535.0991117821847],[0, 541.8340029592737],[5, 547.3552104825892],[6, 553.004469415746],[3, 559.5707347898191],[14, 565.4035773862634],[16, 570.8731477875984],[8, 577.4643157228803],[7, 603.9855232461958]],"pathLength": 603.9855232461958}
