{ "path": [18,2,4,12,3,19,11,15,10,7,13,9,6,1,17,14,16,5,8],"timedPath": [[17, 0],[1, 21.083549221348985],[3, 304.2636212501605],[11, 310.3038219235067],[2, 319.16022393582745],[18, 601.3766435802131],[10, 606.7147018716976],[14, 612.6033816087119],[9, 619.1104983119508],[6, 626.2354838950766],[12, 7831.705054296412],[8, 15036.986335797345],[5, 22242.240996102693],[0, 29447.762203626007],[16, 36653.016863931356],[13, 43858.97612197462],[15, 51065.22485221462],[4, 58284.72509167624],[7, 65502.74217446942]],"pathLength": 65502.74217446942}
{ "path": [5,2,4,3,12,6,17,9,7,10,11,15,13,14,1,18,16,19,8],"timedPath": [[4, 0],[1, 20.25022768500341],[3, 304.430299713815],[2, 314.91603642591303],[11, 321.7724384382338],[5, 584.9560765959862],[16, 590.3091484127895],[8, 595.9003163480713],[6, 601.4159641654762],[9, 608.5409497486021],[10, 614.2767765395131],[14, 620.1654562765274],[12, 7826.2866045172095],[13, 15032.97023251325],[0, 22238.739383460652],[17, 29462.867605774525],[15, 36682.7740268369],[18, 43889.245680418724],[7, 51096.11877577872]],"pathLength": 51096.11877577872}
{ "path": [18,2,3,10,5,12,13,1,7,19,6,17,16,4,15,9,11,14,8],"timedPath": [[17, 0],[1, 21.083549221348985],[2, 34.51489218036832],[9, 250.74674341585245],[4, 282.01948488766016],[11, 305.30293976419324],[12, 348.9947539074933],[0, 365.9291255148062],[6, 388.6792095172942],[18, 395.4079426767223],[5, 406.292123013211],[16, 414.6451948300142],[15, 426.55827030995687],[3, 2753.8179738832196],[14, 9959.650816479665],[8, 17165.56389195961],[10, 24372.253330595857],[13, 31577.92912737593],[7, 38784.47028400359]],"pathLength": 38784.47028400359}
{ "path": [5,2,7,13,12,18,14,3,19,1,17,10,16,15,11,4,6,9,8],"timedPath": [[4, 0],[1, 20.25022768500341],[6, 244.98732643328714],[12, 250.45689683462226],[11, 256.14871097792235],[17, 279.1489038781233],[13, 317.6779934388257],[2, 324.5087569575194],[18, 526.725176601905],[0, 533.1053112012997],[16, 538.359971506649],[9, 545.3261587040271],[15, 552.1955958591768],[14, 558.9847232747612],[10, 564.8734030117755],[3, 570.8199570928233],[5, 576.8997221262816],[8, 583.1543824316309],[7, 605.6755899549464]],"pathLength": 605.6755899549464}
{ "path": [5,2,3,10,14,12,18,13,1,16,19,7,11,6,17,15,4,9,8],"timedPath": [[4, 0],[1, 20.25022768500341],[2, 32.68157064402275],[9, 249.91342187950687],[13, 256.9688890891267],[11, 263.0756771392219],[17, 286.07587003942285],[12, 315.3638136141241],[0, 508.29818522143694],[15, 514.0616943986834],[18, 520.5333479805054],[6, 527.2620811399335],[10, 534.6554658341516],[5, 541.2446857975218],[16, 546.597757614325],[14, 553.0673280156601],[3, 559.9001706121044],[8, 568.937040858524],[7, 605.4582483818396]],"pathLength": 605.4582483818396}
{ "path": [18,2,3,10,12,13,5,14,19,1,6,7,16,15,4,17,11,9,8],"timedPath": [[17, 0],[1, 21.083549221348985],[2, 34.51489218036832],[9, 250.74674341585245],[11, 257.834681846936],[12, 264.52649599023607],[4, 283.28684563049677],[13, 324.4530626525121],[18, 528.2406362163467],[0, 534.6207708157415],[5, 540.141978339057],[6, 545.7912372722138],[15, 551.0980063559876],[14, 557.887133771572],[3, 564.7199763680163],[16, 570.7916360994195],[10, 577.1482318340189],[8, 584.8376704702682],[7, 605.3588779935837]],"pathLength": 605.3588779935837}
{ "path": [18,2,3,10,12,13,5,14,19,1,17,11,15,16,7,4,9,6,8],"timedPath": [[17, 0],[1, 21.083549221348985],[2, 34.51489218036832],[9, 250.74674341585245],[11, 257.834681846936],[12, 264.52649599023607],[4, 283.28684563049677],[13, 324.4530626525121],[18, 528.2406362163467],[0, 534.6207708157415],[16, 539.8754311210907],[10, 546.2320268556902],[14, 553.1207065927044],[15, 558.9098340082888],[6, 564.2166030920627],[3, 569.7828684661357],[8, 576.8197387125554],[5, 582.0743990179046],[7, 604.7790103307896]],"pathLength": 604.7790103307896}
{ "path": [18,2,3,10,12,13,5,14,19,7,6,1,17,11,15,4,9,16,8],"timedPath": [[17, 0],[1, 21.083549221348985],[2, 34.51489218036832],[9, 250.74674341585245],[11, 257.834681846936],[12, 264.52649599023607],[4, 283.28684563049677],[13, 324.4530626525121],[18, 528.2406362163467],[6, 534.9693693757748],[5, 540.6186283089316],[0, 546.1398358322472],[16, 551.3944961375964],[10, 557.7510918721958],[14, 563.6397716092101],[3, 569.4726142056544],[8, 576.509484452074],[15, 582.2970580159088],[7, 604.7192790337975]],"pathLength": 604.7192790337975}
{ "path": [18,2,3,10,12,13,5,14,19,1,6,7,16,17,11,15,4,9,8],"timedPath": [[17, 0],[1, 21.083549221348985],[2, 34.51489218036832],[9, 250.74674341585245],[11, 257.834681846936],[12, 264.52649599023607],[4, 283.28684563049677],[13, 324.4530626525121],[18, 528.2406362163467],[0, 534.6207708157415],[5, 540.141978339057],[6, 545.7912372722138],[15, 551.0980063559876],[16, 557.0110818359303],[10, 563.3676775705297],[14, 569.256357307544],[3, 575.0891999039883],[8, 582.1260701504079],[7, 604.6472776737235]],"pathLength": 604.6472776737235}
{ "path": [18,2,3,10,12,13,5,14,19,7,11,17,1,6,15,4,16,9,8],"timedPath": [[17, 0],[1, 21.083549221348985],[2, 34.51489218036832],[9, 250.74674341585245],[11, 257.834681846936],[12, 264.52649599023607],[4, 283.28684563049677],[13, 324.4530626525121],[18, 528.2406362163467],[6, 534.9693693757748],[10, 541.362754069993],[16, 547.7193498045924],[0, 552.9740101099417],[5, 558.4952176332572],[14, 564.2415456544994],[3, 570.0743882509437],[15, 575.3340918242064],[8, 582.1216653880412],[7, 604.6428729113567]],"pathLength": 604.6428729113567}
{ "path": [18,2,3,10,12,13,5,14,19,1,17,11,15,6,7,16,4,9,8],"timedPath": [[17, 0],[1, 21.083549221348985],[2, 34.51489218036832],[9, 250.74674341585245],[11, 257.834681846936],[12, 264.52649599023607],[4, 283.28684563049677],[13, 324.4530626525121],[18, 528.2406362163467],[0, 534.6207708157415],[16, 539.8754311210907],[10, 546.2320268556902],[14, 553.1207065927044],[5, 558.8670346139467],[6, 564.5162935471035],[15, 569.8230626308773],[3, 575.0827662041401],[8, 582.1196364505597],[7, 604.6408439738752]],"pathLength": 604.6408439738752}
{ "path": [18,2,3,10,12,13,5,14,19,11,7,6,17,1,16,4,15,9,8],"timedPath": [[17, 0],[1, 21.083549221348985],[2, 34.51489218036832],[9, 250.74674341585245],[11, 257.834681846936],[12, 264.52649599023607],[4, 283.28684563049677],[13, 324.4530626525121],[18, 528.2406362163467],[10, 534.5786945078312],[6, 540.9720792020494],[5, 546.6213381352062],[16, 551.9744099520094],[0, 557.2290702573587],[15, 562.9925794346051],[3, 568.2522830078678],[14, 574.0851256043121],[8, 580.9982010842548],[7, 604.5194086075703]],"pathLength": 604.5194086075703}
{ "path": [18,2,3,10,12,13,5,14,19,1,6,17,11,15,16,4,9,7,8],"timedPath": [[17, 0],[1, 21.083549221348985],[2, 34.51489218036832],[9, 250.74674341585245],[11, 257.834681846936],[12, 264.52649599023607],[4, 283.28684563049677],[13, 324.4530626525121],[18, 528.2406362163467],[0, 534.6207708157415],[5, 540.141978339057],[16, 545.4950501558602],[10, 551.8516458904596],[14, 558.7403256274739],[15, 564.5294530430583],[3, 569.7891566163211],[8, 576.8260268627407],[6, 582.3416746801456],[7, 604.4935247478608]],"pathLength": 604.4935247478608}
