{ "path": [2,4,16,7,9,13,6,12,17,1,15,19,3,10,14,11,5,18,8],"timedPath": [[1, 0],[3, 306.25],[15, 2208.052775637732],[6, 722215.182264361],[8, 1442223.7617196268],[12, 2162230.714282046],[5, 2882239.430799233],[11, 3602245.705554111],[16, 4322251.898705866],[0, 5042258.666472819],[14, 5762265.247611648],[18, 6482278.260188567],[2, 7202284.762501599],[9, 7922291.371935592],[13, 8642303.698637139],[10, 9362313.38979312],[4, 10082339.860703673],[17, 10802347.217726277],[7, 11522365.23480907]],"pathLength": 11522365.23480907}
{ "path": [2,16,4,9,6,12,17,1,15,7,13,3,10,18,5,11,14,19,8],"timedPath": [[1, 0],[15, 188.01039864469809],[3, 344.81317428243005],[8, 6219.010781909659],[5, 726225.7785488627],[11, 1446232.053303741],[16, 2166238.246455496],[0, 2886245.014222449],[14, 3606251.5953612793],[6, 4326262.562865876],[12, 5046270.822467078],[2, 5766291.8536866205],[9, 6486298.463120613],[17, 7206330.686093959],[4, 7926338.043116563],[10, 8646364.514027117],[13, 9366374.205183098],[18, 10086384.672256254],[7, 10806402.674659878]],"pathLength": 10806402.674659878}
{ "path": [3,11,14,15,1,17,12,9,6,13,2,4,16,7,19,10,5,18,8],"timedPath": [[2, 0],[10, 248.74351290753603],[13, 259.43466888921523],[14, 1355.3406827709678],[0, 721361.921821601],[16, 1441368.689588554],[11, 2161374.8827403095],[8, 2881382.798216257],[5, 3601389.5659832098],[12, 4321398.2825003965],[1, 5041411.652420083],[3, 5761417.902420083],[15, 6481424.705195721],[6, 7201431.834684445],[18, 7921448.8349737935],[9, 8641456.596314048],[4, 9361487.86905552],[17, 10081495.226078125],[7, 10801513.243160918]],"pathLength": 10801513.243160918}
{ "path": [2,4,14,12,17,1,15,9,13,16,19,3,10,6,11,7,18,5,8],"timedPath": [[1, 0],[3, 306.25],[13, 364.5298282322495],[11, 377.21278194666024],[16, 470.4059337019333],[0, 477.1737006548997],[14, 689.7548394849839],[8, 720701.0931051082],[12, 1440708.0456675272],[15, 2160718.4340552473],[18, 2880733.649783861],[2, 3600740.1520968922],[9, 4320746.7615308855],[5, 5040767.374915457],[10, 5760783.406750703],[6, 6480798.079162789],[17, 7200817.083130481],[4, 7920824.440153085],[7, 8640842.457235878]],"pathLength": 8640842.457235878}
{ "path": [18,17,12,13,14,1,15,6,9,7,11,2,16,3,19,10,4,5,8],"timedPath": [[17, 0],[16, 264.1009743788693],[11, 270.29412613414235],[12, 284.096469312217],[13, 313.7836536513886],[0, 533.1228431446024],[14, 544.7039819746866],[5, 554.8847423221431],[8, 565.6525092751094],[6, 574.2319645409285],[10, 588.9043766266265],[1, 600.128210743239],[15, 720608.1386093879],[2, 1440624.7015410615],[18, 2160631.203854093],[9, 2880638.9651943473],[3, 3600655.6014642725],[4, 4320675.71791043],[7, 5040693.734993223]],"pathLength": 5040693.734993223}
{ "path": [3,19,15,1,17,12,6,10,11,16,4,2,14,7,9,13,18,5,8],"timedPath": [[2, 0],[18, 216.50231303144332],[14, 398.5148899508176],[0, 405.09602878090175],[16, 414.86379573386813],[11, 470.0569474891412],[5, 476.3317023675394],[9, 507.9450869390465],[10, 524.0529512459539],[15, 536.9221069256383],[3, 549.7248825633703],[1, 555.9748825633703],[13, 4560.622698601089],[6, 724575.2753464819],[8, 1444583.8548017477],[12, 2164590.8073641667],[17, 2884609.0953077413],[4, 3604616.4523303453],[7, 4324634.469413139]],"pathLength": 4324634.469413139}
{ "path": [3,19,15,17,1,12,6,9,4,2,16,7,13,18,5,14,11,10,8],"timedPath": [[2, 0],[18, 216.50231303144332],[14, 398.5148899508176],[16, 414.7744911534189],[0, 421.5422581063853],[11, 504.99316496802743],[5, 511.2679198464256],[8, 556.035686799392],[3, 569.2332944266218],[1, 575.4832944266218],[15, 583.4936930713199],[6, 590.6231817945167],[12, 1391.8827829971178],[17, 721410.1707265718],[4, 1441417.5277491757],[13, 2161445.693966198],[10, 2881455.3851221795],[9, 3601465.4929864863],[7, 4321486.250920996]],"pathLength": 4321486.250920996}
{ "path": [3,19,15,6,17,1,12,10,4,2,16,7,9,13,11,14,5,18,8],"timedPath": [[2, 0],[18, 216.50231303144332],[14, 398.5148899508176],[5, 411.6956502982741],[16, 420.1465571599162],[0, 426.9143241128826],[11, 540.3652309745247],[9, 559.8590035836298],[3, 577.4952735090732],[1, 583.7452735090732],[15, 591.7556721537712],[6, 598.885160876968],[8, 607.4646161427871],[12, 720614.4171785618],[10, 1440632.0074084601],[13, 2160641.698564442],[4, 2880669.864781464],[17, 3600677.221804068],[7, 4320695.238886861]],"pathLength": 4320695.238886861}
{ "path": [3,16,4,2,1,17,6,12,15,11,10,19,7,9,14,18,5,13,8],"timedPath": [[2, 0],[15, 196.56293167362364],[3, 373.36570731135566],[1, 379.61570731135566],[0, 391.7386358601417],[16, 417.5064028131081],[5, 425.9573096747502],[11, 532.2320645531483],[14, 546.264054687616],[10, 557.4329731953899],[9, 567.5408375022972],[18, 575.302177756594],[6, 592.3024671049574],[8, 600.8819223707765],[13, 720616.0976509845],[17, 1440644.6267405453],[4, 2160651.983763149],[12, 2880670.744112789],[7, 3600678.464917409]],"pathLength": 3600678.464917409}
