{ "path": [3,1,12,13,2,14,6,7,9,16,11,10,19,15,4,5,17,18,8],"timedPath": [[2, 0],[0, 195.43564937020105],[11, 202.88655623184317],[12, 249.6888994099178],[1, 263.0588190962443],[13, 280.70663513396283],[5, 1594.626805785046],[6, 721604.1337448793],[8, 1441612.713200145],[15, 2161623.1802733005],[10, 2881636.0494289803],[9, 3601646.157293287],[18, 4321653.918633541],[14, 5041666.93121046],[3, 5761677.71252615],[4, 6481708.4711546935],[16, 7201743.222205095],[17, 7921777.698301814],[7, 8641805.975764686]],"pathLength": 8641805.975764686}
{ "path": [3,17,12,13,2,14,1,6,16,7,19,9,15,11,4,10,18,5,8],"timedPath": [[2, 0],[16, 257.03928753890546],[11, 263.2324392941785],[12, 275.03478247225314],[1, 288.4047021585796],[13, 319.05251819629814],[0, 472.3917076895119],[5, 481.0097565805273],[15, 491.969109640121],[6, 499.0985983633178],[18, 516.0988877116812],[8, 565.0043223007586],[14, 576.3425879240275],[10, 587.5115064318014],[3, 599.0821693444086],[9, 615.718439269852],[17, 720657.0322719571],[4, 1440662.4489386238],[7, 2160691.0191646633]],"pathLength": 2160691.0191646633}
{ "path": [2,1,5,18,13,12,3,14,6,19,11,4,16,7,9,17,15,10,8],"timedPath": [[1, 0],[0, 192.12292854878604],[4, 226.82141335862104],[17, 232.2380800252877],[12, 267.94066427258025],[11, 277.7430074506549],[2, 295.62953141951476],[13, 332.39641484511344],[5, 504.3165854961966],[18, 522.3959373319889],[10, 531.742625305377],[3, 553.3132882179842],[15, 560.1160638557162],[6, 567.245552578913],[8, 576.8250078447321],[16, 585.9286985954805],[14, 594.1882997980817],[9, 609.6502015797316],[7, 635.408136089051]],"pathLength": 635.408136089051}
{ "path": [2,12,18,5,14,13,3,1,17,6,7,16,11,19,10,9,4,15,8],"timedPath": [[1, 0],[11, 133.41831666994986],[17, 166.81065718636378],[4, 174.22732385303044],[13, 278.0652750978154],[12, 301.752459436987],[2, 322.7836789788684],[0, 445.2193283490695],[16, 451.98709530203587],[5, 459.438002163678],[6, 468.944941258008],[15, 476.0744299812048],[10, 545.9435856608893],[18, 553.2902736342775],[9, 561.0516138885743],[8, 584.5915487265488],[3, 596.7891563537785],[14, 607.5704720440959],[7, 624.5506025745533]],"pathLength": 624.5506025745533}
{ "path": [3,1,12,2,18,5,14,13,19,10,11,6,17,15,16,4,7,9,8],"timedPath": [[2, 0],[0, 195.43564937020105],[11, 202.88655623184317],[1, 216.30487290179303],[17, 246.7761257610896],[4, 252.19279242775625],[13, 293.03074367254123],[12, 327.71792801171284],[18, 506.5814273006122],[9, 515.342767554909],[10, 528.4506318618163],[5, 544.4824671075444],[16, 551.9333739691865],[14, 561.1929751717878],[15, 571.6708346483027],[3, 578.4736102860347],[6, 587.404435757725],[8, 595.9838910235441],[7, 613.6019399145595]],"pathLength": 613.6019399145595}
{ "path": [3,12,5,18,14,2,13,1,17,6,7,16,19,10,11,9,15,4,8],"timedPath": [[2, 0],[11, 137.88652396885988],[4, 198.5484664090443],[17, 203.96513307571095],[13, 278.4798479202551],[1, 292.12766395797365],[12, 322.4975836443001],[0, 443.98367988506345],[16, 450.75144683802984],[5, 458.20235369967196],[6, 467.70929279400195],[15, 474.83878151719875],[18, 490.0545101310134],[9, 501.8158503853102],[10, 521.9237146922176],[8, 560.6512345588485],[14, 571.9895001821174],[3, 582.7708158724348],[7, 609.4441741700381]],"pathLength": 609.4441741700381}
{ "path": [3,16,2,18,5,12,13,14,1,6,17,19,7,10,11,15,4,9,8],"timedPath": [[2, 0],[15, 196.56293167362364],[1, 204.57333031832172],[17, 235.04458317761828],[4, 240.46124984428494],[11, 274.1231922844694],[12, 288.925535462544],[13, 323.6127198017156],[0, 434.9519092949294],[5, 443.5699581859448],[16, 451.02086504758694],[18, 467.28073725921627],[6, 484.2810266075797],[9, 510.03196819711144],[10, 525.1398325040187],[14, 546.3087510117927],[3, 560.0900667021101],[8, 575.2876743293398],[7, 607.9057232203552]],"pathLength": 607.9057232203552}
{ "path": [18,12,5,14,3,2,13,1,7,17,6,16,19,10,11,15,4,9,8],"timedPath": [[17, 0],[11, 153.39234051641392],[4, 194.05428295659834],[13, 277.8922342013833],[2, 288.659117626982],[1, 303.5950233341746],[12, 351.9649430205011],[0, 371.45103926126444],[6, 390.65787237853556],[16, 422.3061267794791],[5, 429.7570336411212],[15, 442.7163867007149],[18, 457.93211531452954],[9, 497.6934555688264],[10, 520.8013198757337],[14, 544.9702383835076],[3, 558.7515540738251],[8, 573.9491617010549],[7, 607.5672105920703]],"pathLength": 607.5672105920703}
{ "path": [18,16,2,5,14,3,12,13,6,17,1,19,7,10,11,15,4,9,8],"timedPath": [[17, 0],[15, 209.849826737603],[1, 217.86022538230108],[4, 248.68145910788266],[13, 288.51941035266765],[2, 299.2862937782663],[11, 317.1728177471262],[12, 400.97516092520084],[5, 412.69167811203044],[16, 421.14258497367257],[0, 427.91035192663895],[18, 442.49078627077085],[6, 459.4910756191343],[9, 508.242017208666],[10, 524.3498815155733],[14, 545.5188000233472],[3, 559.3001157136647],[8, 574.4977233408945],[7, 607.1157722319099]],"pathLength": 607.1157722319099}
{ "path": [5,16,2,18,13,12,3,14,6,7,19,1,17,10,11,15,4,9,8],"timedPath": [[4, 0],[15, 210.17121923502668],[1, 218.18161787972477],[17, 248.6528707390213],[12, 277.3554549863138],[11, 287.15779816438845],[2, 305.04432213324833],[13, 357.81120555884695],[5, 414.7313762099301],[6, 424.2383153042601],[18, 441.2386046526235],[0, 455.8190389967554],[16, 462.5868059497218],[9, 506.2354220781878],[10, 523.3432863850951],[14, 545.512204892869],[3, 559.2935205831865],[8, 574.4911282104163],[7, 607.1091771014317]],"pathLength": 607.1091771014317}
{ "path": [3,16,12,18,5,2,14,13,19,1,7,6,17,10,11,4,15,9,8],"timedPath": [[2, 0],[15, 196.56293167362364],[11, 207.45548818351153],[17, 240.84782869992546],[4, 246.26449536659212],[1, 277.08572909217366],[13, 299.7335451298922],[12, 343.4207294690638],[18, 414.28422875796315],[0, 428.86466310209505],[6, 439.07149621936617],[5, 448.57843531369616],[16, 456.0293421753383],[9, 510.6779583038043],[10, 525.7858226107116],[3, 552.3564855233188],[14, 564.1378012136363],[8, 577.4760668369051],[7, 607.0941157279206]],"pathLength": 607.0941157279206}
{ "path": [3,16,2,12,5,18,13,14,1,17,6,10,19,11,4,15,9,7,8],"timedPath": [[2, 0],[15, 196.56293167362364],[1, 204.57333031832172],[11, 217.99164698827158],[4, 251.653589428456],[17, 257.07025609512266],[12, 286.7728403424152],[13, 319.4600246815868],[0, 467.79921417480057],[16, 474.56698112776695],[5, 482.0178879894091],[9, 509.6312725609162],[18, 517.392612815213],[10, 527.7393007886012],[3, 552.3099637012084],[14, 564.0912793915259],[8, 577.4295450147947],[6, 586.0090002806138],[7, 607.0630928340032]],"pathLength": 607.0630928340032}
{ "path": [2,16,12,5,18,13,3,14,1,17,6,19,10,11,15,4,9,7,8],"timedPath": [[1, 0],[15, 188.01039864469809],[11, 198.90295515458598],[4, 232.5648975947704],[17, 237.98156426143706],[12, 268.6841485087296],[2, 289.715368050611],[13, 319.4822514762097],[0, 467.82144096942346],[16, 474.58920792238985],[5, 482.04011478403197],[18, 500.1194666198243],[9, 509.88080687412116],[10, 524.9886711810285],[14, 546.1575896888024],[3, 559.9389053791199],[8, 575.1365130063496],[6, 583.7159682721687],[7, 605.7700608255581]],"pathLength": 605.7700608255581}
