{ "path": [3,18,2,12,5,14,13,15,19,1,6,16,7,17,11,10,9,4,8],"timedPath": [[2, 0],[17, 29.6774565672537],[1, 91.93457835825669],[11, 126.14730104780529],[4, 148.49128986348887],[13, 266.46714790808835],[12, 273.1507759041275],[14, 296.2719241448104],[18, 311.42619693031446],[0, 319.8063315297092],[5, 327.32753905302474],[15, 341.1860292897009],[6, 347.4927983734748],[16, 362.306472476852],[10, 420.66306821145145],[9, 428.39889500236245],[8, 444.78159870051],[3, 462.81846894692967],[7, 479.49170183493976]],"pathLength": 479.49170183493976}
{ "path": [18,2,3,5,12,11,14,13,15,19,1,6,7,16,17,10,9,4,8],"timedPath": [[17, 0],[1, 79.25712179100299],[2, 92.68846475002232],[4, 126.55229546797652],[11, 148.8962842836601],[10, 246.3436970332701],[13, 252.01949381334393],[12, 258.70312180938305],[14, 274.82427005006593],[18, 303.97854283557],[0, 314.35867743496476],[5, 322.8798849582803],[6, 335.52914389143706],[15, 346.83591297521093],[16, 361.7489884551536],[9, 385.7151756525317],[8, 421.09787935067925],[3, 454.1347495970989],[7, 473.807982485109]],"pathLength": 473.807982485109}
{ "path": [2,18,3,5,16,12,17,13,14,15,1,19,6,7,4,9,10,11,8],"timedPath": [[1, 0],[17, 20.25712179100299],[2, 86.93457835825669],[4, 122.79840907621089],[15, 211.55357694494535],[11, 217.402444629443],[16, 247.57432723524465],[12, 253.43399176297422],[13, 260.11761975901334],[14, 276.6803108344159],[0, 300.90808593598865],[18, 314.2882205353834],[5, 324.17240087187207],[6, 336.82165980502884],[3, 414.3879251791019],[8, 434.42479542552155],[9, 442.8074991236691],[10, 451.5433259145801],[7, 472.07994056043844]],"pathLength": 472.07994056043844}
{ "path": [5,18,2,3,12,15,13,14,4,6,19,1,7,16,17,10,11,9,8],"timedPath": [[4, 0],[17, 5.026841665912969],[1, 84.28396345691596],[2, 95.71530641593529],[11, 126.57170842825604],[14, 245.15254734318535],[12, 251.27369558386823],[13, 257.9573235799074],[3, 319.15009595430104],[5, 327.2298609877593],[18, 335.114041324248],[0, 341.49417592364273],[6, 348.2442599261308],[15, 356.5510290099046],[16, 367.4641044898473],[9, 389.43029168722535],[10, 423.16611847813635],[8, 440.8555571143857],[7, 465.3767646377012]],"pathLength": 465.3767646377012}
{ "path": [18,12,2,3,5,15,14,13,4,6,19,7,17,1,16,10,9,11,8],"timedPath": [[17, 0],[11, 142.07528180256216],[1, 148.28800449211076],[2, 154.7193474511301],[4, 183.5831781690843],[14, 263.3661594938239],[13, 268.9288505692264],[12, 275.6124785652656],[3, 329.64830585727566],[5, 336.72807089073393],[18, 343.6122512272226],[6, 351.3409843866507],[16, 364.1546584900279],[0, 369.4093187953772],[15, 376.1728279726237],[9, 394.0422651277734],[8, 424.42496882592104],[10, 439.1144074621704],[7, 464.6510221080287]],"pathLength": 464.6510221080287}
{ "path": [3,18,5,2,16,12,13,14,15,4,6,7,1,19,17,10,9,11,8],"timedPath": [[2, 0],[17, 29.6774565672537],[4, 80.70429823316667],[1, 102.17091738099599],[15, 189.6045882541818],[11, 195.45345593867947],[12, 245.14527008197953],[13, 251.82889807801865],[14, 265.3915891534212],[3, 322.2244317498655],[5, 330.3041967833238],[6, 339.95345571648056],[0, 345.7035397189686],[18, 352.08367431836336],[16, 365.70574474500864],[9, 387.6719319423867],[8, 422.05463564053434],[10, 437.7440742767837],[7, 464.280688922642]],"pathLength": 464.280688922642}
{ "path": [5,18,6,12,2,3,16,15,13,4,14,1,7,19,17,9,10,11,8],"timedPath": [[4, 0],[17, 5.026841665912969],[5, 147.15119245119934],[11, 152.3348306089518],[1, 158.5475532985004],[2, 164.97889625751972],[15, 228.64462470990247],[14, 247.43375212548685],[12, 253.55490036616973],[3, 316.59072765817984],[13, 322.7835000325735],[0, 329.5526509799752],[6, 339.3027349824633],[18, 346.03146814189137],[16, 362.65353856853665],[8, 412.2447065038185],[9, 421.6274102019661],[10, 436.3632369928771],[7, 463.8998516387354]],"pathLength": 463.8998516387354}
{ "path": [5,18,12,3,2,19,14,13,15,4,1,6,7,16,10,17,9,11,8],"timedPath": [[4, 0],[17, 5.026841665912969],[11, 141.10212346847513],[2, 147.95852548079588],[1, 154.38986843981522],[18, 230.6094641486336],[13, 245.39703771246826],[12, 252.08066570850738],[14, 266.2018139491903],[3, 323.03465654563456],[0, 329.91100708585066],[5, 336.4322146091662],[6, 344.08147354232295],[15, 353.3882426260968],[9, 382.25767978124657],[16, 389.22386697862464],[8, 420.8150349139065],[10, 436.50447355015586],[7, 463.0410881960142]],"pathLength": 463.0410881960142}
{ "path": [5,18,12,3,2,11,14,13,15,4,6,1,16,19,7,17,10,9,8],"timedPath": [[4, 0],[17, 5.026841665912969],[11, 141.10212346847513],[2, 147.95852548079588],[1, 154.38986843981522],[10, 245.2864591889071],[13, 250.9622559689809],[12, 257.64588396502006],[14, 273.76703220570295],[3, 328.59987480214727],[5, 335.67963983560554],[0, 341.20084735892107],[15, 350.96435653616754],[18, 357.43601011798955],[6, 364.16474327741764],[16, 371.97841738079484],[9, 391.9446045781729],[8, 424.32730827632054],[7, 455.84851579963606]],"pathLength": 455.84851579963606}
{ "path": [5,18,3,2,12,11,14,13,15,4,19,6,1,7,16,17,10,9,8],"timedPath": [[4, 0],[17, 5.026841665912969],[2, 73.70429823316667],[1, 84.135641192186],[11, 125.3483638817346],[10, 245.7957766313446],[13, 251.47157341141843],[12, 258.1552014074576],[14, 274.27634964814047],[3, 328.10919224458473],[18, 335.3905045196509],[5, 343.2746848561396],[0, 348.7958923794551],[6, 354.54597638194315],[15, 361.852745465717],[16, 370.7658209456597],[9, 390.7320081430378],[8, 423.11471184118534],[7, 455.63591936450086]],"pathLength": 455.63591936450086}
{ "path": [5,18,3,2,12,16,11,14,13,15,4,6,7,1,17,19,10,9,8],"timedPath": [[4, 0],[17, 5.026841665912969],[2, 73.70429823316667],[1, 84.135641192186],[11, 125.3483638817346],[15, 199.19723156623226],[10, 249.3308434288519],[13, 255.00664020892572],[12, 261.69026820496487],[14, 278.81141644564775],[3, 332.644259042092],[5, 339.7240240755503],[6, 347.37328300870706],[0, 353.1233670111951],[16, 364.37802731654443],[18, 371.0000977431897],[9, 389.3978898566538],[8, 422.7805935548014],[7, 455.3018010781169]],"pathLength": 455.3018010781169}
{ "path": [18,5,2,3,12,16,11,14,13,15,4,6,1,19,7,10,17,9,8],"timedPath": [[17, 0],[4, 65.02684166591297],[1, 92.49346081374229],[2, 101.92480377276163],[11, 126.78120578508239],[15, 200.63007346958005],[10, 249.76368533219966],[13, 255.43948211227348],[12, 262.12311010831263],[14, 280.2442583489955],[3, 333.07710094543984],[5, 340.1568659788981],[0, 345.67807350221364],[18, 352.0582081016084],[6, 358.7869412610365],[9, 384.9119268441623],[16, 391.87811404154036],[8, 422.46928197682223],[7, 454.99048950013776]],"pathLength": 454.99048950013776}
