{ "path": [3,2,4,12,6,9,16,7,13,15,19,10,11,5,18,14,17,1,8],"timedPath": [[2, 0],[1, 6.43134295901934],[3, 304.61141498783087],[11, 310.65161566117706],[5, 733.8352538189295],[8, 720739.0899141242],[15, 1440744.877487688],[6, 2160750.1842567716],[12, 2880755.6538271727],[14, 3600761.7749754135],[18, 4320767.929248199],[9, 5040773.327040313],[10, 5760779.062867104],[4, 6480805.533777658],[17, 7200810.873324731],[13, 7920839.402414292],[16, 8640845.361672334],[0, 9360850.616332639],[7, 10080856.499155032]],"pathLength": 10080856.499155032}
{ "path": [5,3,2,4,12,18,9,6,15,1,17,13,7,16,19,11,14,10,8],"timedPath": [[4, 0],[2, 31.15645488184339],[1, 37.587797840862734],[3, 304.76786986967426],[11, 310.80807054302045],[17, 720333.8082634432],[8, 1440354.0482419354],[5, 2160359.302902241],[14, 2880365.049230262],[0, 3600370.2770053637],[16, 4320375.531665669],[12, 5040381.3913301965],[6, 5760386.860900598],[15, 6480392.167669682],[18, 7200398.639323263],[10, 7920403.977381555],[13, 8640409.653178336],[9, 9360415.708645545],[7, 10080422.978696134]],"pathLength": 10080422.978696134}
{ "path": [2,3,19,5,18,12,14,13,17,6,4,16,7,15,1,9,10,11,8],"timedPath": [[1, 0],[2, 7.43134295901934],[18, 214.6477626034049],[4, 244.315749655774],[17, 249.65529672957305],[11, 272.655489629774],[13, 285.7622776798692],[12, 303.44590567590836],[16, 5735.305570203638],[5, 725740.6586420205],[3, 1445746.738407054],[15, 2165751.9981106273],[6, 2885757.304879711],[14, 3605763.1645442387],[0, 4325768.39231934],[8, 5045774.096930653],[9, 5765781.479634351],[10, 6485787.215461142],[7, 7205793.752075789]],"pathLength": 7205793.752075789}
{ "path": [5,2,3,19,12,18,14,13,1,17,15,16,4,6,9,7,11,10,8],"timedPath": [[4, 0],[1, 20.25022768500341],[2, 32.68157064402275],[18, 214.89799028840832],[11, 221.62884794149053],[17, 244.62904084169148],[13, 274.1581304023939],[12, 285.84175839843306],[0, 1490.776130005746],[16, 721496.030790311],[14, 1441501.5003607124],[15, 2161507.289488128],[3, 2881512.549191701],[5, 3601518.6289567347],[8, 4321523.88361704],[6, 5041529.399264857],[10, 5761535.792649551],[9, 6481541.528476343],[7, 7201548.7985269325]],"pathLength": 7201548.7985269325}
{ "path": [5,2,9,13,18,12,3,6,11,7,10,15,17,1,16,4,14,19,8],"timedPath": [[4, 0],[1, 20.25022768500341],[8, 254.46651023354852],[12, 260.74779173448155],[17, 279.0357353091828],[11, 302.03592820938377],[2, 313.8923302217045],[5, 684.9107440900169],[10, 691.4999640533871],[6, 697.8933487476053],[9, 705.0183343307311],[14, 711.5254510339701],[16, 720716.9950214353],[0, 1440722.2496817405],[15, 2160728.0131909177],[3, 2880733.272894491],[13, 3600739.4656668655],[18, 4320745.253240429],[7, 5040752.1263357885]],"pathLength": 5040752.1263357885}
{ "path": [18,3,2,4,12,1,9,11,7,16,15,10,19,14,17,6,13,5,8],"timedPath": [[17, 0],[2, 32.01415213131328],[1, 38.44549509033262],[3, 304.62556711914414],[11, 310.6657677924903],[0, 577.0188396092935],[8, 583.7234509221785],[10, 590.4128895584278],[6, 596.806274252646],[15, 602.1130433364198],[14, 607.9021707520042],[9, 614.4092874552431],[18, 720619.8070795687],[13, 1440625.5946531326],[16, 2160631.5539111756],[5, 2880636.9069829923],[12, 3600642.4423756246],[4, 4320661.202725265],[7, 5040679.219808059]],"pathLength": 5040679.219808059}
{ "path": [18,3,2,4,12,13,19,1,7,6,16,17,15,11,10,5,9,14,8],"timedPath": [[17, 0],[2, 32.01415213131328],[1, 38.44549509033262],[3, 304.62556711914414],[11, 310.6657677924903],[12, 368.3575819357904],[18, 381.498782313543],[0, 387.87891691293777],[6, 394.6290009154258],[5, 404.2782598485826],[15, 424.13675008525877],[16, 430.04982556520144],[14, 2014.5193959665366],[10, 722020.4080757035],[9, 1442026.1439024946],[4, 2162057.4166439665],[8, 2882078.0968243084],[13, 3602084.5684778905],[7, 4322091.109634519]],"pathLength": 4322091.109634519}
{ "path": [18,3,2,4,12,1,17,6,11,16,7,15,10,19,14,13,9,5,8],"timedPath": [[17, 0],[2, 32.01415213131328],[1, 38.44549509033262],[3, 304.62556711914414],[11, 310.6657677924903],[0, 577.0188396092935],[16, 582.2734999146428],[5, 587.626571731446],[10, 594.2157916948162],[15, 600.3494035574358],[6, 605.6561726412097],[14, 611.5158371689392],[9, 618.0229538721782],[18, 720623.4207459857],[13, 1440629.2083195494],[12, 2160635.8919475456],[8, 2880641.1732290466],[4, 3600661.8534093886],[7, 4320679.870492182]],"pathLength": 4320679.870492182}
{ "path": [18,3,2,15,12,5,14,13,19,7,1,6,17,16,4,11,10,9,8],"timedPath": [[17, 0],[2, 32.01415213131328],[1, 38.44549509033262],[14, 245.4000089622118],[11, 250.98084787714112],[4, 274.2643027536742],[13, 309.4305197756895],[12, 364.11414777172865],[18, 380.2553481494813],[6, 389.98408130890937],[0, 395.7341653113974],[5, 405.25537283471294],[16, 413.60844465151615],[15, 426.52152013145883],[3, 2756.781223704722],[10, 722762.7277777857],[9, 1442768.4636045767],[8, 2162775.8463082747],[7, 2882781.3675157977]],"pathLength": 2882781.3675157977}
{ "path": [2,3,19,12,18,13,5,14,1,7,16,6,17,10,11,15,4,9,8],"timedPath": [[1, 0],[2, 7.43134295901934],[18, 214.6477626034049],[11, 221.37862025648712],[17, 244.37881315668807],[12, 262.66675673138934],[4, 281.42710637165004],[13, 321.59332339366534],[0, 445.36247434106707],[6, 451.1125583435551],[15, 456.419327427329],[5, 462.27781766400517],[16, 467.6308894808084],[9, 492.59707667818645],[10, 517.3329034690975],[14, 540.2215832061117],[3, 551.054425802556],[8, 561.0912960489757],[7, 609.6125035722912]],"pathLength": 609.6125035722912}
{ "path": [5,2,3,11,13,12,18,14,1,16,6,17,19,7,10,15,4,9,8],"timedPath": [[4, 0],[1, 20.25022768500341],[2, 32.68157064402275],[10, 245.22085221533646],[12, 252.03457080811071],[11, 257.7263849514108],[17, 280.72657785161175],[13, 320.25566741231415],[0, 456.02481835971594],[15, 461.7883275369624],[5, 467.6468177736386],[16, 472.9998895904418],[18, 479.6219600170871],[6, 486.35069317651516],[9, 499.47567875964097],[14, 562.9827954628798],[3, 568.8156380593241],[8, 575.8525083057438],[7, 604.3737158290593]],"pathLength": 604.3737158290593}
{ "path": [5,2,3,10,13,12,18,14,6,7,19,16,1,4,17,15,11,9,8],"timedPath": [[4, 0],[1, 20.25022768500341],[2, 32.68157064402275],[9, 249.91342187950687],[12, 257.4447276654569],[11, 263.136541808757],[17, 286.13673470895793],[13, 329.66582426966033],[5, 515.9508428508487],[6, 521.6001017840056],[18, 528.3288349434337],[15, 534.8004885252557],[0, 540.5639977025021],[3, 551.4403482427182],[16, 557.5120079741214],[14, 562.9815783754565],[10, 568.8702581124708],[8, 576.5596967487201],[7, 604.0809042720356]],"pathLength": 604.0809042720356}
