{ "path": [5,19,2,14,3,12,13,7,1,17,6,16,10,11,4,15,9,18,8],"timedPath": [[4, 0],[18, 249.15091100135137],[1, 262.61693788006556],[13, 279.2647539177841],[2, 290.0316373433828],[11, 307.91816131224266],[12, 361.7205044903173],[6, 396.98010569291864],[0, 407.18693881018976],[16, 415.95470576315614],[5, 424.40561262479827],[15, 438.36496568439196],[9, 546.3419752697232],[10, 556.4498395766306],[3, 569.0205024892377],[14, 579.8018181795552],[8, 591.140083802824],[17, 720621.7940308676],[7, 1440650.0714937402]],"pathLength": 1440650.0714937402}
{ "path": [5,14,3,13,12,1,7,6,17,16,2,19,10,11,4,9,15,18,8],"timedPath": [[4, 0],[13, 278.83795124478496],[2, 289.60483467038364],[12, 324.63605421226504],[11, 334.4383973903397],[0, 383.8893042519818],[6, 396.0961373692529],[5, 409.6030764635829],[16, 419.05398332522503],[15, 434.39224894849383],[1, 442.4026475931919],[18, 455.86867447190605],[9, 499.63001472620283],[10, 520.7378790331102],[3, 554.3085419457174],[8, 570.5061495729472],[14, 581.844415196216],[17, 720616.976185989],[7, 1440645.2536488613]],"pathLength": 1440645.2536488613}
{ "path": [18,12,2,3,15,13,14,1,16,7,10,19,11,6,17,9,4,5,8],"timedPath": [[17, 0],[11, 153.39234051641392],[1, 167.81065718636378],[2, 182.74656289355636],[14, 270.60109719964936],[12, 287.3837345703897],[13, 320.0709189095613],[0, 462.4101084027751],[15, 472.71013460816107],[6, 479.83962333135787],[9, 508.5905649208896],[18, 516.3519051751864],[10, 526.6985931485746],[5, 542.7304283943026],[16, 550.1813352559448],[8, 564.2850260066931],[3, 576.4826336339229],[4, 720607.2412621775],[7, 1440635.811488217]],"pathLength": 1440635.811488217}
{ "path": [5,13,2,12,3,14,17,1,6,16,7,10,19,11,15,4,9,18,8],"timedPath": [[4, 0],[12, 268.95974633514396],[1, 282.3296660214704],[11, 295.74798269142025],[2, 313.6345066602801],[13, 389.4013900858788],[16, 425.0602396695365],[0, 431.82800662250287],[5, 440.4460555135183],[15, 451.40540857311197],[6, 458.53489729630877],[9, 509.2858388858405],[18, 517.0471791401374],[10, 527.3938671135255],[14, 546.5627856212994],[3, 560.3441013116169],[8, 574.5417089388466],[17, 720605.1956560037],[7, 1440633.473118876]],"pathLength": 1440633.473118876}
{ "path": [5,12,18,13,3,2,14,1,19,6,7,17,16,10,11,15,4,9,8],"timedPath": [[4, 0],[11, 153.66194244018442],[17, 187.05428295659834],[12, 267.75686720389086],[2, 288.78808674577226],[1, 303.72399245296486],[13, 356.3718084906834],[0, 371.7109979838972],[18, 390.2914323280291],[5, 414.37078416382144],[6, 423.87772325815143],[16, 434.52597765909496],[15, 446.86424328236376],[9, 522.841252867695],[10, 534.9491171746023],[14, 550.1180356823762],[3, 562.8993513726937],[8, 577.0969589999233],[7, 607.7150078909388]],"pathLength": 607.7150078909388}
{ "path": [3,16,5,18,13,12,2,14,1,17,6,7,19,10,11,15,4,9,8],"timedPath": [[2, 0],[15, 196.56293167362364],[4, 226.73415090865032],[17, 232.15081757531698],[12, 267.8534018226095],[11, 277.65574500068413],[1, 291.07406167063397],[13, 324.7218777083525],[0, 427.0610672015663],[16, 433.8288341545327],[5, 441.2797410161748],[6, 450.7866801105048],[18, 467.7869694588682],[9, 493.54830971316505],[10, 521.6561740200724],[14, 544.8250925278463],[3, 558.6064082181638],[8, 573.8040158453935],[7, 607.4220647364089]],"pathLength": 607.4220647364089}
{ "path": [2,1,12,3,18,5,13,14,19,16,7,17,6,10,11,15,4,9,8],"timedPath": [[1, 0],[0, 192.12292854878604],[11, 199.57383541042816],[2, 217.46035937928804],[17, 257.7493449130208],[4, 263.1660115796875],[12, 294.12575791483147],[13, 334.8129422540031],[18, 442.28001540962197],[15, 457.4957440234366],[6, 464.6252327466334],[16, 475.27348714757693],[5, 482.72439400921905],[9, 510.3377785807262],[10, 525.4456428876335],[14, 545.6145613954075],[3, 559.3958770857249],[8, 574.5934847129547],[7, 607.2115336039701]],"pathLength": 607.2115336039701}
{ "path": [2,16,12,3,5,18,13,14,1,7,17,6,19,10,11,4,15,9,8],"timedPath": [[1, 0],[15, 188.01039864469809],[11, 198.90295515458598],[2, 216.78947912344586],[4, 257.43920251336544],[17, 262.85586918003213],[12, 293.55845342732465],[13, 333.24563776649626],[0, 389.58482725971004],[6, 399.79166037698116],[16, 417.4399147779247],[5, 425.8908216395668],[18, 443.97017347535916],[9, 519.731513729656],[10, 531.8393780365633],[3, 553.4100409491705],[14, 565.1913566394879],[8, 578.5296222627568],[7, 607.1476711537722]],"pathLength": 607.1476711537722}
{ "path": [5,12,18,13,2,3,14,1,6,7,17,16,19,10,11,15,4,9,8],"timedPath": [[4, 0],[11, 153.66194244018442],[17, 187.05428295659834],[12, 267.75686720389086],[1, 281.1267868902173],[2, 296.0626925974099],[13, 332.8295760230086],[0, 391.1687655162224],[5, 405.7868144072378],[6, 415.2937535015678],[16, 425.9420079025113],[15, 439.2802735257801],[18, 454.49600213959474],[9, 501.2573423938916],[10, 521.3652067007989],[14, 545.5341252085728],[3, 559.3154408988903],[8, 574.51304852612],[7, 607.1310974171354]],"pathLength": 607.1310974171354}
{ "path": [2,16,12,18,5,13,3,14,1,17,6,19,10,11,15,9,4,7,8],"timedPath": [[1, 0],[15, 188.01039864469809],[11, 198.90295515458598],[17, 232.2952956709999],[4, 237.71196233766656],[12, 268.6717086728105],[2, 289.7029282146919],[13, 319.4698116402906],[0, 467.80900113350435],[16, 474.57676808647074],[5, 482.02767494811286],[18, 500.1070267839052],[9, 509.86836703820205],[10, 524.9762313451093],[14, 546.1451498528833],[8, 563.4834154761521],[3, 575.6810231033819],[6, 584.6118485750721],[7, 606.6659411284616]],"pathLength": 606.6659411284616}
{ "path": [3,16,2,12,18,5,13,14,1,6,17,10,19,11,15,9,4,7,8],"timedPath": [[2, 0],[15, 196.56293167362364],[1, 204.57333031832172],[11, 217.99164698827158],[17, 251.3839875046855],[4, 256.80065417135216],[12, 286.7604005064961],[13, 319.44758484566773],[0, 467.7867743388815],[5, 476.4048232298969],[16, 483.85573009153904],[9, 509.50434622000506],[18, 517.2656864743019],[10, 527.6123744476901],[14, 546.781292955464],[8, 564.1195585787328],[3, 576.3171662059626],[6, 585.2479916776529],[7, 606.3020842310423]],"pathLength": 606.3020842310423}
