{ "path": [18,9,13,12,3,2,14,19,6,1,7,16,17,10,11,15,4,5,8],"timedPath": [[17, 0],[8, 259.456896593445],[12, 264.738178094378],[11, 270.42999223767805],[2, 277.2863942499988],[1, 283.71773720901814],[13, 289.9635210319788],[18, 307.75109459581347],[5, 318.63527493230214],[0, 325.15648245561766],[6, 336.9065664581057],[15, 347.2133355418796],[16, 362.12641102182226],[9, 386.09259821920034],[10, 422.82842501011135],[14, 447.7171047471256],[3, 464.5499473435699],[4, 720483.8896591138],[7, 1440501.2378799454]],"pathLength": 1440501.2378799454}
{ "path": [2,18,5,3,12,16,7,14,13,15,10,6,17,1,19,11,9,4,8],"timedPath": [[1, 0],[17, 20.25712179100299],[4, 78.28396345691596],[2, 114.14779417487016],[11, 126.0041961871909],[15, 198.85306387168856],[6, 253.1598329554624],[13, 259.5503704653045],[12, 266.2339984613437],[14, 285.35514670202656],[9, 359.8622634052654],[5, 367.1114904743901],[16, 374.4645622911933],[0, 379.71922259654264],[18, 386.0993571959374],[10, 422.43741548742184],[8, 440.1268541236712],[3, 460.16372437009085],[7, 477.83695725810094]],"pathLength": 477.83695725810094}
{ "path": [5,18,3,2,12,7,14,13,15,6,1,19,17,16,10,9,11,4,8],"timedPath": [[4, 0],[17, 5.026841665912969],[2, 73.70429823316667],[1, 84.135641192186],[11, 125.3483638817346],[6, 245.04763715324532],[13, 251.43817466308744],[12, 258.12180265912656],[14, 274.24295089980944],[5, 295.98927892105166],[0, 307.5104864443672],[18, 318.89062104376194],[16, 362.5126914704072],[15, 369.4257669503499],[9, 390.29520410549964],[8, 423.67790780364726],[10, 438.3673464398966],[3, 459.31390052094446],[7, 476.98713340895455]],"pathLength": 476.98713340895455}
{ "path": [18,5,11,14,13,12,2,3,6,1,19,4,16,7,17,10,9,15,8],"timedPath": [[17, 0],[4, 65.02684166591297],[10, 264.3945038511309],[13, 270.0703006312047],[12, 276.75392862724385],[11, 282.4457427705439],[1, 288.6584654600925],[2, 295.0898084191118],[5, 309.10822228742427],[0, 316.6294298107398],[18, 326.00956441013454],[3, 398.2908766852007],[15, 403.5505802584634],[6, 408.8573493422373],[16, 414.6710234456145],[9, 423.63721064299256],[8, 441.0199143411402],[14, 456.93298982108286],[7, 475.9385308338738]],"pathLength": 475.9385308338738}
{ "path": [5,18,3,2,19,12,15,13,14,11,6,1,16,7,17,10,9,4,8],"timedPath": [[4, 0],[17, 5.026841665912969],[2, 73.70429823316667],[1, 84.135641192186],[18, 215.35523690100436],[11, 222.08609455408657],[14, 245.66693346901587],[12, 251.78808170969876],[13, 258.4717097057379],[10, 299.14750648581173],[5, 311.7367264491819],[0, 319.2579339724974],[15, 337.0214431497439],[6, 344.3282122335178],[16, 361.14188633689497],[9, 386.10807353427305],[8, 421.49077723242067],[3, 453.5276474788403],[7, 473.2008803668504]],"pathLength": 473.2008803668504}
{ "path": [2,18,5,3,12,19,11,14,13,4,6,16,7,1,17,9,10,15,8],"timedPath": [[1, 0],[17, 20.25712179100299],[4, 78.28396345691596],[2, 114.14779417487016],[11, 126.0041961871909],[18, 218.7350538402731],[10, 254.0731121317576],[13, 259.74890891183145],[12, 266.4325369078706],[3, 323.4683641998807],[5, 331.54812923333895],[15, 344.40661947001513],[6, 350.713388553789],[0, 356.46347255627705],[16, 366.7181328616264],[8, 413.30930079690825],[9, 422.6920044950558],[14, 448.1991211982947],[7, 470.20466221108563]],"pathLength": 470.20466221108563}
{ "path": [5,18,2,3,12,16,13,14,15,4,19,6,7,1,17,9,10,11,8],"timedPath": [[4, 0],[17, 5.026841665912969],[1, 84.28396345691596],[2, 95.71530641593529],[11, 126.57170842825604],[15, 199.4205761127537],[12, 245.1968144397802],[13, 251.88044243581933],[14, 265.4431335112219],[3, 322.2759761076662],[18, 330.5572883827324],[5, 338.44146871922106],[6, 346.09072765237784],[0, 351.8408116548659],[16, 364.0954719602152],[8, 412.6866398954971],[9, 422.0693435936447],[10, 436.8051703845557],[7, 463.34178503041403]],"pathLength": 463.34178503041403}
{ "path": [5,18,2,3,12,11,14,13,15,4,6,19,7,1,16,17,10,9,8],"timedPath": [[4, 0],[17, 5.026841665912969],[1, 84.28396345691596],[2, 95.71530641593529],[11, 126.57170842825604],[10, 246.01912117786605],[13, 251.69491795793988],[12, 258.378545953979],[14, 274.4996941946619],[3, 328.33253679110624],[5, 335.4123018245645],[18, 342.2964821610532],[6, 350.02521532048127],[0, 355.7752993229693],[15, 363.5388085002158],[16, 371.45188398015847],[9, 391.41807117753655],[8, 423.80077487568417],[7, 456.3219823989997]],"pathLength": 456.3219823989997}
{ "path": [3,18,5,2,12,11,13,14,15,4,1,6,7,16,19,17,10,9,8],"timedPath": [[2, 0],[17, 29.6774565672537],[4, 80.70429823316667],[1, 102.17091738099599],[11, 125.38364007054459],[10, 245.83105282015458],[12, 252.64477141292883],[13, 259.328399408968],[14, 274.8910904843705],[3, 329.72393308081485],[0, 335.60028362103094],[5, 342.12149114434646],[6, 348.77075007750324],[15, 357.0775191612771],[18, 363.5491727430991],[16, 372.1712431697444],[9, 392.1374303671225],[8, 423.5201340652701],[7, 456.0413415885856]],"pathLength": 456.0413415885856}
{ "path": [18,5,2,3,12,11,14,13,15,4,1,6,7,16,19,17,10,9,8],"timedPath": [[17, 0],[4, 65.02684166591297],[1, 92.49346081374229],[2, 101.92480377276163],[11, 126.78120578508239],[10, 246.2286185346924],[13, 251.90441531476623],[12, 258.58804331080535],[14, 274.70919155148823],[3, 329.54203414793255],[0, 335.41838468814865],[5, 341.9395922114642],[6, 348.58885114462095],[15, 356.8956202283948],[18, 363.36727381021683],[16, 372.9893442368621],[9, 391.9555314342402],[8, 424.3382351323878],[7, 455.85944265570333]],"pathLength": 455.85944265570333}
{ "path": [5,18,2,3,12,16,11,14,13,15,4,19,6,1,7,17,10,9,8],"timedPath": [[4, 0],[17, 5.026841665912969],[1, 84.28396345691596],[2, 95.71530641593529],[11, 126.57170842825604],[15, 199.4205761127537],[10, 249.55418797537334],[13, 255.22998475544716],[12, 261.9136127514863],[14, 279.0347609921692],[3, 331.8676035886135],[18, 339.1489158636797],[5, 347.03309620016836],[0, 352.5543037234839],[6, 358.30438772597194],[16, 368.11806182934913],[9, 389.0842490267272],[8, 422.4669527248748],[7, 454.9881602481903]],"pathLength": 454.9881602481903}
