{ "path": [2,13,12,18,3,19,11,15,1,17,6,16,7,9,4,10,14,5,8],"timedPath": [[1, 0],[12, 246.20575073512506],[11, 251.89756487842513],[17, 274.8977577786261],[2, 305.91190990993937],[18, 908.128329554325],[10, 720913.4663878458],[14, 1440919.3550675828],[0, 2160924.5828426844],[16, 2880929.83750299],[5, 3600935.1905748066],[15, 4320941.049065043],[6, 5040946.3558341265],[8, 5760951.871481944],[3, 6480957.908352191],[9, 7200964.584645577],[13, 7920970.640112787],[4, 8640998.80632981],[7, 9361016.823412603]],"pathLength": 9361016.823412603}
{ "path": [2,16,18,12,5,3,14,19,11,10,9,6,1,15,4,7,13,17,8],"timedPath": [[1, 0],[15, 185.4336708731858],[17, 205.3400919355632],[11, 228.34028483576415],[4, 251.62373971229727],[2, 283.78019459414065],[13, 302.61095811283434],[18, 1019.3985316766691],[10, 721024.7365899681],[9, 1441030.472416759],[8, 2161037.8551204572],[5, 2881043.1097807623],[0, 3601048.630988286],[14, 4321053.858763387],[3, 5041059.691605984],[6, 5761065.257871359],[12, 6481070.72744176],[16, 7201076.5871062875],[7, 7921082.505924685]],"pathLength": 7921082.505924685}
{ "path": [2,4,3,12,1,7,17,19,16,6,10,15,11,9,13,14,18,5,8],"timedPath": [[1, 0],[3, 305.18007202881154],[2, 311.6658087409096],[11, 318.52221075323035],[0, 471.8752825700335],[6, 477.62536657252156],[16, 483.43904067589875],[18, 490.06111110254403],[15, 496.53276468436604],[5, 502.3912549210422],[9, 511.6404819901669],[14, 544.1475986934058],[10, 550.0362784304201],[8, 561.7257170666694],[12, 2556.0069985676027],[13, 722562.6906265636],[17, 1442591.2197161242],[4, 2162596.559263198],[7, 2882614.5763459913]],"pathLength": 2882614.5763459913}
{ "path": [2,4,3,12,13,7,19,6,1,16,17,10,11,15,9,14,5,18,8],"timedPath": [[1, 0],[3, 305.18007202881154],[2, 311.6658087409096],[11, 318.52221075323035],[12, 404.2140248965304],[6, 409.68359529786557],[18, 416.41232845729365],[5, 424.2965087937823],[0, 429.81771631709785],[15, 437.5812254943443],[16, 443.494300974287],[9, 519.460488171665],[10, 527.196314962576],[14, 541.0849946995903],[8, 554.998070179533],[13, 4609.4697237613545],[4, 724637.6359407833],[17, 1444642.9754878571],[7, 2164660.9925706503]],"pathLength": 2164660.9925706503}
{ "path": [18,12,2,5,4,3,19,6,7,1,17,16,10,9,15,11,14,13,8],"timedPath": [[17, 0],[11, 143.00019290020094],[1, 151.21291558974954],[4, 180.46314327475295],[3, 342.57958943264487],[2, 349.0653261447429],[18, 386.28174578912854],[5, 401.1659261256172],[6, 406.815185058774],[0, 412.56526906126203],[16, 418.81992936661135],[15, 429.733004846554],[9, 573.6024420017038],[8, 581.9851456998514],[14, 587.8982211797941],[10, 593.7869009168083],[13, 2510.462697696882],[12, 722517.1463256929],[7, 1442522.5382783392]],"pathLength": 1442522.5382783392}
{ "path": [2,15,18,12,3,14,6,16,7,1,17,19,10,9,4,11,13,5,8],"timedPath": [[1, 0],[14, 245.9545138718792],[17, 270.9225438754179],[11, 293.92273677561883],[2, 300.7791387879396],[13, 340.6099023066333],[5, 452.89492088782174],[15, 458.7534111244979],[6, 464.0601802082718],[0, 469.81026421075984],[16, 475.06492451610916],[18, 481.68699494275444],[9, 495.08478705621854],[8, 582.4674907543662],[3, 588.5043610007858],[10, 594.4509150818336],[12, 1289.264633674608],[4, 721308.0249833149],[7, 1441326.042066108]],"pathLength": 1441326.042066108}
{ "path": [5,9,12,2,3,14,13,19,16,17,1,7,6,10,11,15,4,18,8],"timedPath": [[4, 0],[8, 263.6801803419334],[11, 269.10017687697626],[1, 275.31289956652483],[2, 281.74424252554417],[13, 299.57500604423785],[12, 333.258634040277],[18, 448.3998344180296],[15, 454.87148799985164],[16, 460.7845634797943],[0, 466.03922378514363],[6, 471.7893077876317],[5, 477.43856672078846],[9, 494.68779378991314],[10, 516.4236205808241],[14, 540.3123003178384],[3, 551.1451429142827],[17, 720571.9180539399],[7, 1440589.935136733]],"pathLength": 1440589.935136733}
{ "path": [18,9,3,2,12,13,14,19,7,1,16,6,17,10,11,15,4,5,8],"timedPath": [[17, 0],[8, 263.2399784922566],[2, 270.39513301331937],[1, 276.8264759723387],[11, 283.03919866188727],[12, 297.73101280518733],[13, 333.4146408012265],[18, 446.20221436506114],[6, 452.9309475244892],[0, 458.6810315269773],[15, 464.44454070422375],[5, 470.30303094089993],[16, 475.65610275770314],[9, 493.6222899550812],[10, 517.3581167459922],[14, 540.2467964830065],[3, 551.0796390794508],[4, 720571.1960852373],[7, 1440589.2131680306]],"pathLength": 1440589.2131680306}
{ "path": [2,3,18,5,12,15,14,1,17,6,19,7,16,10,11,9,4,13,8],"timedPath": [[1, 0],[2, 137.43134295901933],[17, 168.4454950903326],[4, 174.78504216413165],[11, 198.06849704066477],[14, 293.6493359555941],[13, 322.21202703099664],[0, 439.98117797839836],[16, 445.2358382837477],[5, 450.5889101005509],[18, 457.47309043703956],[6, 464.20182359646765],[15, 469.5085926802415],[9, 492.37802983539126],[10, 517.1138566263023],[8, 552.8032952625517],[3, 560.8401655089714],[12, 2603.8759928009813],[7, 722609.2679454472]],"pathLength": 722609.2679454472}
{ "path": [2,3,18,5,12,15,14,1,7,17,16,19,6,11,9,10,4,13,8],"timedPath": [[1, 0],[2, 137.43134295901933],[17, 168.4454950903326],[4, 174.78504216413165],[11, 198.06849704066477],[14, 293.6493359555941],[13, 322.21202703099664],[0, 439.98117797839836],[6, 445.7312619808864],[16, 451.5449360842636],[15, 457.4580115642063],[18, 463.9296651460283],[5, 470.81384548251697],[10, 556.4030654458871],[8, 566.0925040821364],[9, 573.475207780284],[3, 580.1515011669024],[12, 1729.1873284589124],[7, 721734.5792811052]],"pathLength": 721734.5792811052}
{ "path": [18,12,2,13,5,3,14,19,7,16,10,9,1,15,11,4,17,6,8],"timedPath": [[17, 0],[11, 143.00019290020094],[1, 151.21291558974954],[12, 245.4186663248746],[4, 264.1790159651353],[2, 294.3354708469787],[13, 324.1662343656724],[18, 531.9538079295071],[6, 538.6825410889352],[15, 543.989310172709],[9, 550.8587473278587],[8, 563.2414510260063],[0, 568.9460623388912],[14, 574.173837440464],[10, 580.0625171774783],[3, 586.0090712585261],[16, 592.0807309899293],[5, 597.4338028067325],[7, 611.1384141196174]],"pathLength": 611.1384141196174}
{ "path": [3,19,5,18,12,2,13,14,1,17,7,6,16,10,9,15,11,4,8],"timedPath": [[2, 0],[18, 215.21641964438558],[4, 243.88440669675467],[17, 249.22395377055372],[11, 272.22414667075464],[1, 278.4368693603032],[12, 291.64262009542824],[13, 319.3262480914674],[0, 465.0953990388691],[16, 470.35005934421844],[6, 476.16373344759563],[5, 481.8129923807524],[15, 487.6714826174286],[9, 499.5409197725783],[8, 571.9236234707259],[14, 577.8366989506686],[10, 583.7253786876829],[3, 589.6719327687307],[7, 607.3451656567407]],"pathLength": 607.3451656567407}
{ "path": [18,12,2,5,17,3,14,13,1,19,6,10,16,11,7,15,4,9,8],"timedPath": [[17, 0],[11, 143.00019290020094],[1, 151.21291558974954],[4, 180.46314327475295],[16, 270.7810250311867],[2, 277.5153761772475],[13, 292.3461396959412],[12, 316.02976769198034],[0, 499.96413929929315],[18, 506.3442738986879],[5, 513.2284542351766],[9, 521.4776813043013],[15, 528.347118459451],[10, 535.4807303220707],[6, 541.8741150162889],[14, 549.7337795440185],[3, 557.5666221404628],[8, 566.6034923868824],[7, 606.1246999101979]],"pathLength": 606.1246999101979}
{ "path": [2,13,5,18,12,3,14,1,19,7,17,16,6,10,4,11,15,9,8],"timedPath": [[1, 0],[12, 246.20575073512506],[4, 264.96610037538574],[17, 270.3056474491848],[11, 293.30584034938573],[2, 300.1622423617065],[13, 338.9930058804002],[0, 372.7621568278019],[18, 383.14229142719665],[6, 391.87102458662474],[16, 415.68469869000194],[15, 427.5977741699446],[5, 433.4562644066208],[9, 554.7054914757455],[3, 562.3817848623639],[10, 568.3283389434117],[14, 574.217018680426],[8, 581.1300941603687],[7, 604.6513016836842]],"pathLength": 604.6513016836842}
{ "path": [18,1,5,3,2,12,13,14,7,6,17,16,19,10,11,15,4,9,8],