{ "path": [18,5,14,11,19,3,10,4,2,16,7,8,12,6,9,13,17,1,15],"timedPath": [[17, 0],[4, 6007.357022603956],[13, 726035.523239626],[10, 1446045.2143956076],[18, 2166052.561083581],[2, 2886059.063396612],[9, 3606065.672830605],[3, 4326082.30910053],[1, 5046088.55910053],[15, 5766096.569499175],[6, 6486103.698987898],[7, 7206109.753080452],[11, 7926120.215705991],[5, 8646126.490460869],[8, 9366133.258227821],[12, 10086140.210790241],[16, 10806151.178294837],[0, 11526157.94606179],[14, 12246164.52720062]],"pathLength": 12246164.52720062}
{ "path": [15,1,18,5,2,13,12,3,14,11,19,10,4,16,8,7,9,6,17],"timedPath": [[14, 0],[0, 186.5811388300842],[17, 210.70936114395562],[4, 218.06638374791078],[1, 238.3166114329142],[12, 252.68653111924067],[11, 262.4888742973153],[2, 280.3753982661752],[13, 302.14228169177386],[10, 7347.833437673453],[18, 727355.1801256468],[9, 1447362.9414659012],[3, 2167379.5777358264],[15, 2887386.380511464],[7, 3607394.31142903],[6, 4327400.365521584],[8, 5047408.9449768495],[5, 5767415.712743802],[16, 6487423.163650664]],"pathLength": 6487423.163650664}
{ "path": [13,9,18,2,3,12,6,17,1,15,10,11,7,8,16,4,14,19,5],"timedPath": [[12, 0],[8, 249.95256241897667],[17, 270.1925409112333],[1, 291.2760901325823],[2, 306.2119958397749],[11, 324.09851980863476],[5, 562.373274687033],[16, 569.8241815486751],[0, 576.5919485016415],[14, 583.1730873317257],[9, 598.6349891133756],[10, 608.7428534202829],[6, 623.4152655059809],[7, 631.4693580593703],[15, 720639.4002756252],[3, 1440646.203051263],[13, 2160659.4828794952],[18, 2880669.949952651],[4, 3600698.617939703]],"pathLength": 3600698.617939703}
{ "path": [1,15,2,12,3,14,13,17,6,7,16,19,10,11,9,4,8,5,18],"timedPath": [[0, 0],[14, 246.5811388300842],[1, 258.20705595737894],[11, 271.6253726273288],[2, 289.51189659618865],[13, 318.2787800217873],[12, 413.96596436095894],[16, 425.933468957615],[5, 433.3843758192571],[6, 442.8913149135871],[15, 450.0208036367839],[18, 465.23653225059854],[9, 493.9978725048954],[10, 521.1057368118027],[8, 560.8332566784336],[3, 574.0308643056633],[7, 608.7042226032665],[4, 720626.7213053964],[17, 1440634.0783280004]],"pathLength": 1440634.0783280004}
{ "path": [7,8,13,18,2,12,3,19,1,6,17,16,10,11,9,4,15,14,5],"timedPath": [[6, 0],[7, 253.05409255338947],[12, 261.7748971729419],[17, 280.0628407476432],[1, 301.14638996899214],[11, 314.56470663894197],[2, 332.45123060780185],[18, 453.95354363924514],[0, 468.53397798337704],[5, 477.15202687439245],[16, 484.6029337360346],[15, 495.94119935930337],[9, 516.9182089446346],[10, 530.0260732515419],[8, 561.7535931181728],[3, 573.9512007454025],[14, 584.73251643572],[13, 2951.6385303174725],[4, 722979.8047473395]],"pathLength": 722979.8047473395}
{ "path": [15,1,2,18,12,5,3,14,19,16,17,6,7,10,11,4,9,8,13],"timedPath": [[14, 0],[0, 186.5811388300842],[1, 198.70406737887023],[17, 219.78761660021922],[11, 242.78780950042017],[4, 266.07126437695325],[2, 296.22771925879664],[13, 333.9946026843953],[18, 447.4616758400142],[15, 462.67740445382884],[16, 474.01567007709764],[5, 481.46657693873976],[6, 490.97351603306976],[9, 514.7244576226016],[10, 527.8323219295089],[3, 552.4029848421161],[8, 568.6005924693459],[7, 609.2186413603613],[12, 720616.93944598]],"pathLength": 720616.93944598}
{ "path": [15,1,2,5,12,14,3,18,13,7,19,16,17,4,6,9,11,10,8],"timedPath": [[14, 0],[0, 186.5811388300842],[1, 198.70406737887023],[4, 218.95429506387364],[11, 242.23774994040676],[13, 255.9207036548175],[2, 267.68758708041617],[17, 298.70173921172943],[12, 342.9896827864307],[6, 517.249283989032],[18, 534.2495733373954],[15, 549.4653019512101],[16, 560.803567574479],[3, 574.2426722099696],[5, 586.7380411505592],[8, 593.5058081035255],[10, 610.2333279701564],[9, 620.3411922770638],[7, 643.0991267863832]],"pathLength": 643.0991267863832}
{ "path": [15,1,5,12,18,2,3,14,13,7,17,16,6,19,10,11,4,9,8],"timedPath": [[14, 0],[0, 186.5811388300842],[4, 210.70936114395562],[11, 233.99281602048873],[17, 256.9930089206897],[1, 278.07655814203866],[2, 293.01246384923127],[13, 325.7793472748299],[12, 459.4665316140015],[6, 467.72613281660284],[16, 478.37438721754637],[15, 489.71265284081517],[5, 500.67200590040886],[18, 518.7513577362012],[9, 526.5126979904979],[10, 537.6205622974053],[3, 555.1912252100125],[8, 570.3888328372423],[7, 608.0068817282577]],"pathLength": 608.0068817282577}
{ "path": [3,19,2,12,5,18,13,14,6,16,1,7,17,10,11,15,4,9,8],"timedPath": [[2, 0],[18, 216.50231303144332],[1, 229.9683399101575],[11, 243.38665658010737],[4, 266.6701114566405],[17, 274.02713406059564],[12, 297.3150776352969],[13, 342.0022619744685],[5, 454.92243262555166],[15, 465.88178568514536],[0, 476.1818118905313],[6, 486.38864500780244],[16, 497.03689940874597],[9, 518.6855155372119],[10, 530.7933798441193],[14, 547.9622983518932],[3, 560.7436140422107],[8, 574.9412216694404],[7, 607.5592705604558]],"pathLength": 607.5592705604558}
{ "path": [15,1,5,2,18,12,3,14,13,6,7,16,19,17,10,11,4,9,8],"timedPath": [[14, 0],[0, 186.5811388300842],[4, 210.70936114395562],[1, 230.95958882895903],[17, 252.04313805030802],[11, 275.04333095050896],[2, 292.92985491936884],[13, 325.69673834496746],[12, 459.38392268413907],[5, 468.10043987096867],[6, 477.60737896529866],[15, 484.73686768849547],[18, 499.9525963023101],[16, 516.2124685139394],[9, 534.8610846424053],[10, 544.9689489493127],[3, 559.5396118619199],[8, 574.7372194891495],[7, 607.355268380165]],"pathLength": 607.355268380165}
{ "path": [2,16,5,12,18,13,3,14,1,7,17,6,19,10,11,15,4,9,8],"timedPath": [[1, 0],[15, 188.01039864469809],[4, 207.51063810632232],[11, 230.79409298285543],[17, 253.79428588305638],[12, 273.08222945775765],[2, 294.11344899963905],[13, 328.8803324252377],[0, 405.2195219184515],[6, 415.4263550357226],[16, 426.07460943666615],[5, 433.5255162983083],[18, 451.6048681341006],[9, 504.36620838839747],[10, 522.4740726953048],[14, 545.6429912030787],[3, 559.4243068933962],[8, 574.621914520626],[7, 607.2399634116414]],"pathLength": 607.2399634116414}
{ "path": [18,1,12,5,2,3,13,14,19,6,7,17,16,10,11,4,15,9,8],"timedPath": [[17, 0],[0, 204.12822231387142],[11, 211.57912917551354],[4, 234.86258405204666],[1, 255.11281173705007],[2, 271.04871744424264],[12, 296.07993698612404],[13, 338.76712132529565],[18, 422.23419448091454],[5, 440.3135463167069],[6, 449.8204854110369],[16, 460.4687398119804],[15, 471.8070054352492],[9, 503.7840150205804],[10, 521.8918793274877],[3, 553.4625422400949],[14, 565.2438579304123],[8, 578.5821235536812],[7, 607.2001724446966]],"pathLength": 607.2001724446966}
{ "path": [5,1,12,18,2,3,13,14,19,7,6,16,17,10,11,15,4,9,8],"timedPath": [[4, 0],[0, 204.12822231387142],[11, 211.57912917551354],[17, 234.5793220757145],[1, 255.66287129706348],[2, 271.5987770042561],[12, 296.6299965461375],[13, 340.3171808853091],[18, 415.784254040928],[6, 432.7845433892914],[5, 442.2914824836214],[15, 453.2508355432151],[16, 464.5891011664839],[9, 505.2377172949499],[10, 522.3455816018572],[14, 545.5145001096312],[3, 559.2958157999486],[8, 574.4934234271784],[7, 607.1114723181938]],"pathLength": 607.1114723181938}
{ "path": [2,16,5,12,18,13,3,14,1,19,6,7,17,10,11,4,15,9,8],"timedPath": [[1, 0],[15, 188.01039864469809],[4, 207.51063810632232],[11, 230.79409298285543],[17, 253.79428588305638],[12, 273.08222945775765],[2, 294.11344899963905],[13, 328.8803324252377],[0, 405.2195219184515],[18, 419.7999562625834],[5, 437.87930809837576],[6, 447.38624719270575],[16, 458.0345015936493],[9, 508.6831177221153],[10, 524.7909820290226],[3, 552.3616449416298],[14, 564.1429606319473],[8, 577.4812262552161],[7, 607.0992751462315]],"pathLength": 607.0992751462315}
{ "path": [14,1,18,12,5,2,3,13,6,7,16,17,19,10,11,4,15,9,8],