{ "path": [1,2,18,17,11,0,14,16,5,8,12,7,6,15,3,10,13,9,4],"timedPath": [[1, 0],[2, 7.43134295901934],[18, 214.6477626034049],[17, 260.1355388542561],[11, 305.001418305102],[0, 310.3544901219052],[14, 4640.582265223478],[16, 11846.051835624814],[5, 19051.404907441618],[8, 26256.659567746967],[12, 33461.9408492479],[7, 40667.33280189417],[6, 47872.48465196188],[15, 55077.79142104565],[3, 62283.05112461891],[10, 69488.99767869996],[13, 76694.67347548004],[9, 83900.72894268966],[4, 91145.81413937501]],"pathLength": 91145.81413937501}
{ "path": [17,1,3,11,0,2,18,16,9,6,5,10,14,15,8,7,12,13,4],"timedPath": [[17, 0],[1, 44.37077970559351],[3, 304.55085173440506],[11, 310.59105240775125],[0, 315.94412422455446],[2, 323.4474590678007],[18, 539.6638787121863],[16, 546.2859491388316],[9, 553.2521363362097],[6, 560.3771219193355],[5, 566.0263808524924],[10, 572.6156008158625],[14, 578.5042805528768],[15, 584.2934079684612],[8, 590.0809815322959],[7, 607.6021890556115],[12, 7812.994141701885],[13, 15019.677769697924],[4, 22264.541033608384]],"pathLength": 22264.541033608384}
{ "path": [4,1,3,11,0,2,18,15,16,14,5,6,10,9,8,7,12,13,17],"timedPath": [[4, 0],[1, 43.65176549845404],[3, 304.8318375272656],[11, 310.87203820061177],[0, 316.225110017415],[2, 323.7284448606612],[18, 535.9448645050468],[15, 542.4165180868688],[16, 548.3295935668115],[14, 554.7991639681466],[5, 560.5454919893888],[6, 566.1947509225456],[10, 572.5881356167638],[9, 578.3239624076748],[8, 586.7066661058224],[7, 606.2278736291379],[12, 7811.619826275412],[13, 15018.303454271452],[17, 22263.88801801081]],"pathLength": 22263.88801801081}
{ "path": [4,1,3,0,11,2,18,15,9,14,5,6,10,16,8,7,12,13,17],"timedPath": [[4, 0],[1, 43.65176549845404],[3, 304.8318375272656],[0, 310.7081880674817],[11, 316.0612598842849],[2, 323.91766189660564],[18, 534.1340815409912],[15, 540.6057351228133],[9, 547.475172277963],[14, 554.9822889812019],[5, 560.7286170024441],[6, 566.377875935601],[10, 572.7712606298192],[16, 579.1278563644186],[8, 584.7190242997004],[7, 605.240231823016],[12, 7810.63218446929],[13, 15017.31581246533],[17, 22262.90037620469]],"pathLength": 22262.90037620469}
{ "path": [4,1,3,11,0,2,18,10,9,6,5,14,16,8,15,7,12,13,17],"timedPath": [[4, 0],[1, 43.65176549845404],[3, 304.8318375272656],[11, 310.87203820061177],[0, 316.225110017415],[2, 323.7284448606612],[18, 535.9448645050468],[10, 541.2829227965312],[9, 547.0187495874422],[6, 554.1437351705681],[5, 559.7929941037249],[14, 565.5393221249672],[16, 571.0088925263022],[8, 577.6000604615841],[15, 583.3876340254188],[7, 604.8098550433076],[12, 7810.201807689582],[13, 15016.88543568562],[17, 22262.46999942498]],"pathLength": 22262.46999942498}
{ "path": [1,2,18,11,17,4,12,0,5,15,6,16,9,14,3,10,8,7,13],"timedPath": [[1, 0],[2, 7.43134295901934],[18, 214.6477626034049],[11, 221.37862025648712],[17, 266.24449970733303],[4, 274.0314325580688],[12, 322.48342027936764],[0, 328.4177918866805],[5, 523.9389994099961],[15, 529.7974896466723],[6, 535.1042587304461],[16, 540.9179328338233],[9, 547.8841200312014],[14, 555.3912367344403],[3, 562.2240793308846],[10, 568.1706334119324],[8, 575.8600720481817],[7, 604.3812795714972],[13, 7810.9224361991555]],"pathLength": 7810.9224361991555}
{ "path": [17,2,1,15,11,13,12,4,0,6,18,16,5,9,10,14,3,8,7],"timedPath": [[17, 0],[2, 46.70066941151359],[1, 53.13201237053293],[15, 227.56568324371872],[11, 233.41455092821639],[13, 245.52133897831158],[12, 252.2049669743507],[4, 303.6569546956496],[0, 347.9524343939332],[6, 460.7025183964212],[18, 467.4312515558493],[16, 474.0533219824946],[5, 479.4063937992978],[9, 495.6556208684225],[10, 516.3914476593335],[14, 540.2801273963478],[3, 551.112969992792],[8, 561.1498402392117],[7, 609.6710477625272]],"pathLength": 609.6710477625272}
{ "path": [1,2,18,11,17,4,12,0,13,6,16,5,15,9,10,14,3,8,7],"timedPath": [[1, 0],[2, 7.43134295901934],[18, 214.6477626034049],[11, 221.37862025648712],[17, 266.24449970733303],[4, 274.0314325580688],[12, 322.48342027936764],[0, 328.4177918866805],[13, 464.1869428340823],[6, 470.5774803439244],[16, 476.3911544473016],[5, 481.7442262641048],[15, 487.60271650078096],[9, 499.4721536559307],[10, 516.2079804468417],[14, 541.096660183856],[3, 551.9295027803003],[8, 561.9663730267199],[7, 609.4875805500354]],"pathLength": 609.4875805500354}
