{ "path": [2,1,3,0,11,16,5,8,12,13,15,6,7,14,18,10,9,4,17],"timedPath": [[2, 0],[1, 6.43134295901934],[3, 304.61141498783087],[0, 310.48776552804696],[11, 315.8408373448502],[16, 4461.012719950651],[5, 11666.365791767454],[8, 18871.620452072802],[12, 26076.901733573737],[13, 33283.58536156978],[15, 40489.834091809775],[6, 47695.140860893545],[7, 54900.29271096126],[14, 62106.29825197405],[18, 69312.45252475954],[10, 76517.79058305103],[9, 83723.52640984194],[4, 90968.6116065273],[17, 98174.39853937803]],"pathLength": 98174.39853937803}
{ "path": [17,2,1,15,11,12,13,4,0,16,5,8,7,6,3,14,18,10,9],"timedPath": [[17, 0],[2, 46.70066941151359],[1, 53.13201237053293],[15, 227.56568324371872],[11, 233.41455092821639],[12, 245.10636507151645],[13, 252.78999306755557],[4, 305.6532569780146],[0, 349.9487366762982],[16, 1169.2033969816475],[5, 8374.556468798452],[8, 15579.8111291038],[7, 22785.332336627114],[6, 29990.48418669483],[3, 37196.0504520689],[14, 44401.88329466534],[18, 51608.03756745085],[10, 58813.37562574233],[9, 66019.11145253324]],"pathLength": 66019.11145253324}
{ "path": [4,1,3,11,0,2,18,15,5,10,6,9,16,14,8,7,12,13,17],"timedPath": [[4, 0],[1, 43.65176549845404],[3, 304.8318375272656],[11, 310.87203820061177],[0, 316.225110017415],[2, 323.7284448606612],[18, 535.9448645050468],[15, 542.4165180868688],[5, 548.275008323545],[10, 554.8642282869151],[6, 561.2576129811333],[9, 568.3825985642592],[16, 575.3487857616373],[14, 580.8183561629723],[8, 586.731431642915],[7, 606.2526391662306],[12, 7811.644591812505],[13, 15018.328219808544],[17, 22263.9127835479]],"pathLength": 22263.9127835479}
{ "path": [4,1,3,0,11,2,18,6,15,16,5,14,9,10,8,7,12,13,17],"timedPath": [[4, 0],[1, 43.65176549845404],[3, 304.8318375272656],[0, 310.7081880674817],[11, 316.0612598842849],[2, 323.91766189660564],[18, 534.1340815409912],[6, 540.8628147004193],[15, 546.1695837841932],[16, 552.0826592641358],[5, 557.435731080939],[14, 563.1820591021813],[9, 569.6891758054202],[10, 575.4250025963312],[8, 583.1144412325805],[7, 605.635648755896],[12, 7811.02760140217],[13, 15017.71122939821],[17, 22263.295793137568]],"pathLength": 22263.295793137568}
{ "path": [4,1,3,11,0,2,13,6,15,18,16,5,10,9,14,8,7,12,17],"timedPath": [[4, 0],[1, 43.65176549845404],[3, 304.8318375272656],[11, 310.87203820061177],[0, 316.225110017415],[2, 323.7284448606612],[13, 434.5592083793549],[6, 440.949745889197],[15, 446.2565149729709],[18, 452.7281685547929],[16, 459.35023898143817],[5, 464.7033107982414],[10, 584.2925307616116],[9, 590.0283575525226],[14, 596.5354742557615],[8, 602.4485497357042],[7, 614.9697572590197],[12, 7820.3617099052935],[17, 15064.542154008735]],"pathLength": 15064.542154008735}
{ "path": [1,2,9,12,11,17,0,6,16,15,5,18,10,14,3,8,7,13,4],"timedPath": [[1, 0],[2, 7.43134295901934],[9, 245.66319419450346],[12, 253.19449998045351],[11, 258.8863141237536],[17, 303.7521935745995],[0, 348.7730164139914],[6, 453.52310041647945],[16, 459.33677451985665],[15, 465.2498499997993],[5, 471.1083402364755],[18, 477.99252057296417],[10, 533.3305788644486],[14, 544.2192586014629],[3, 553.0521011979072],[8, 563.0889714443268],[7, 608.6101789676424],[13, 7815.1513355953],[4, 15060.01459950576]],"pathLength": 15060.01459950576}
{ "path": [1,2,18,11,17,4,13,0,12,5,15,16,9,10,6,8,3,14,7],"timedPath": [[1, 0],[2, 7.43134295901934],[18, 214.6477626034049],[11, 221.37862025648712],[17, 266.24449970733303],[4, 274.0314325580688],[13, 325.89469646852785],[0, 331.6638474159296],[12, 494.59821902324245],[5, 500.1336116551987],[15, 505.9921018918749],[16, 511.90517737181756],[9, 519.8713645691956],[10, 527.6071913601066],[6, 534.0005760543248],[8, 551.5162238717297],[3, 559.5530941181494],[14, 565.3859367145936],[7, 607.3914777273847]],"pathLength": 607.3914777273847}
{ "path": [17,1,6,12,11,13,4,0,2,18,16,15,5,9,10,3,14,8,7],"timedPath": [[17, 0],[1, 44.37077970559351],[6, 245.10787845387725],[12, 250.57744885521237],[11, 256.26926299851243],[13, 264.3760510486076],[4, 311.2393149590667],[0, 355.5347946573503],[2, 362.03812950059654],[18, 377.25454914498215],[16, 470.87661957162743],[15, 476.7896950515701],[5, 482.6481852882463],[9, 496.89741235737097],[10, 516.633239148282],[3, 551.5797932293299],[14, 558.4126358257741],[8, 567.3257113057168],[7, 605.8469188290323]],"pathLength": 605.8469188290323}
