{ "path": [5,18,7,1,15,12,14,11,9,13,6,17,3,10,19,16,4,2,8],"timedPath": [[4, 0]],"pathLength": 1138.3277768825817}
{ "path": [3,19,10,2,4,16,7,9,13,17,12,6,1,15,14,11,18,5,8],"timedPath": [[2, 0]],"pathLength": 1032.2175993104258}
{ "path": [2,4,11,10,19,3,14,15,12,17,9,7,13,6,1,16,18,5,8],"timedPath": [[1, 0]],"pathLength": 1031.3770279710805}
{ "path": [3,19,10,15,1,17,12,6,9,7,16,4,2,11,14,13,18,5,8],"timedPath": [[2, 0]],"pathLength": 988.032929677483}
{ "path": [2,4,16,7,9,13,6,12,17,1,14,11,10,3,19,15,5,18,8],"timedPath": [[1, 0]],"pathLength": 961.2420570610936}
{ "path": [18,5,7,12,17,1,15,11,10,3,19,14,9,13,6,4,16,2,8],"timedPath": [[17, 0]],"pathLength": 954.0728306038668}
{ "path": [5,18,7,9,12,17,1,15,6,16,4,2,11,10,3,19,14,13,8],"timedPath": [[4, 0]],"pathLength": 910.9125078519348}
{ "path": [5,18,2,4,16,7,12,6,9,13,15,1,17,14,19,3,10,11,8],"timedPath": [[4, 0]],"pathLength": 907.3894354485782}
{ "path": [3,10,19,11,14,15,1,17,12,6,9,13,7,4,16,2,18,5,8],"timedPath": [[2, 0]],"pathLength": 819.7563533756496}
{ "path": [5,18,7,16,4,2,11,19,3,10,14,15,1,17,6,12,13,9,8],"timedPath": [[4, 0]],"pathLength": 742.8691345288196}
{ "path": [5,18,13,9,6,12,17,1,15,14,19,3,10,11,2,4,16,7,8],"timedPath": [[4, 0]],"pathLength": 662.8199684035195}
{ "path": [18,5,13,9,6,12,17,1,15,14,10,3,19,11,2,4,16,7,8],"timedPath": [[17, 0]],"pathLength": 657.6702658819082}
{ "path": [5,18,13,9,6,12,17,1,15,14,10,3,19,11,2,4,16,7,8],"timedPath": [[4, 0]],"pathLength": 652.0013930951952}
{ "path": [5,18,13,9,6,12,17,1,15,14,3,10,19,11,2,4,16,7,8],"timedPath": [[4, 0]],"pathLength": 648.3919023152878}
