{ "path": [5,18,13,10,4,16,1,15,2,7,9,6,12,17,14,11,19,3,8],"timedPath": [[4, 0]],"pathLength": 1231.014289736111}
{ "path": [5,18,1,15,17,12,6,13,7,14,4,16,2,9,11,3,10,19,8],"timedPath": [[4, 0]],"pathLength": 1197.6347884679246}
{ "path": [3,10,2,4,16,7,13,12,6,1,15,17,9,14,19,11,18,5,8],"timedPath": [[2, 0]],"pathLength": 1146.3455539176598}
{ "path": [2,4,16,1,17,6,7,13,9,12,15,3,19,10,11,14,18,5,8],"timedPath": [[1, 0]],"pathLength": 1092.7013675253563}
{ "path": [18,5,4,2,16,7,13,9,6,15,1,12,17,14,10,3,19,11,8],"timedPath": [[17, 0]],"pathLength": 856.3187675239357}
{ "path": [5,18,13,9,6,12,17,1,15,3,10,19,11,14,7,4,2,16,8],"timedPath": [[4, 0]],"pathLength": 794.6406004658138}
{ "path": [5,18,13,9,6,12,17,1,15,11,19,10,3,14,4,2,16,7,8],"timedPath": [[4, 0]],"pathLength": 714.7101632987783}
{ "path": [5,18,16,4,2,11,3,10,19,14,15,1,17,12,6,9,13,7,8],"timedPath": [[4, 0]],"pathLength": 694.5391578902742}
{ "path": [18,5,13,9,6,12,17,1,15,14,11,19,10,3,2,4,16,7,8],"timedPath": [[17, 0]],"pathLength": 685.6969048619269}
{ "path": [18,5,13,9,6,12,17,1,15,14,19,3,10,11,2,4,16,7,8],"timedPath": [[17, 0]],"pathLength": 668.4888411902325}
{ "path": [18,5,13,9,6,12,17,1,15,14,10,3,19,11,2,4,16,7,8],"timedPath": [[17, 0]],"pathLength": 657.6702658819082}
{ "path": [18,5,13,9,6,12,17,1,15,14,3,10,19,11,2,4,16,7,8],"timedPath": [[17, 0]],"pathLength": 654.0607751020009}
{ "path": [5,18,13,9,6,12,17,1,15,14,10,3,19,11,2,4,16,7,8],"timedPath": [[4, 0]],"pathLength": 652.0013930951952}
{ "path": [5,18,13,9,6,12,17,1,15,14,3,10,19,11,2,4,16,7,8],"timedPath": [[4, 0]],"pathLength": 648.3919023152878}
