{ "path": [18,5,1,15,16,17,12,6,9,13,7,14,19,3,10,11,4,2,8],"timedPath": [[17, 0]],"pathLength": 975.2382595731161}
{ "path": [5,18,7,16,2,4,10,11,3,19,14,1,17,12,9,13,6,15,8],"timedPath": [[4, 0]],"pathLength": 951.0415874775389}
{ "path": [18,5,16,7,17,12,6,14,11,19,10,3,4,2,1,15,9,13,8],"timedPath": [[17, 0]],"pathLength": 944.5306767276717}
{ "path": [5,18,13,9,6,12,17,1,15,16,14,11,19,10,3,7,4,2,8],"timedPath": [[4, 0]],"pathLength": 899.620839223524}
{ "path": [18,5,4,2,11,3,19,10,14,6,7,16,15,1,17,12,9,13,8],"timedPath": [[17, 0]],"pathLength": 881.3583490549645}
{ "path": [5,18,1,17,12,6,9,13,7,2,4,15,14,19,3,10,11,16,8],"timedPath": [[4, 0]],"pathLength": 878.8995623347939}
{ "path": [18,5,7,17,12,9,13,6,1,15,11,19,10,3,14,16,4,2,8],"timedPath": [[17, 0]],"pathLength": 876.7247230381136}
{ "path": [18,5,13,9,6,12,17,1,15,4,2,3,10,11,19,14,16,7,8],"timedPath": [[17, 0]],"pathLength": 828.0557426220903}
{ "path": [18,5,6,9,13,7,17,12,1,15,14,10,3,19,11,2,4,16,8],"timedPath": [[17, 0]],"pathLength": 798.0312968276246}
{ "path": [5,18,13,9,12,7,16,4,2,11,19,10,3,14,15,1,17,6,8],"timedPath": [[4, 0]],"pathLength": 766.2548882238999}
{ "path": [5,18,13,9,6,17,12,1,15,14,10,3,19,11,4,16,2,7,8],"timedPath": [[4, 0]],"pathLength": 735.4460861402164}
{ "path": [5,18,13,9,6,12,17,1,15,14,10,3,19,11,16,4,2,7,8],"timedPath": [[4, 0]],"pathLength": 707.5917129057317}
{ "path": [18,5,7,16,4,2,11,19,3,10,14,15,1,17,12,6,9,13,8],"timedPath": [[17, 0]],"pathLength": 679.6394035863789}
{ "path": [5,18,13,9,6,12,17,1,15,14,10,3,19,11,2,4,16,7,8],"timedPath": [[4, 0]],"pathLength": 652.0013930951952}
{ "path": [5,18,13,9,6,12,17,1,15,14,3,10,19,11,2,4,16,7,8],"timedPath": [[4, 0]],"pathLength": 648.3919023152878}
