{ "path": [5,3,2,7,12,18,14,15,11,16,4,17,13,9,6,1,19,10,8],"timedPath": [[4, 0],[2, 31.15645488184339],[1, 37.587797840862734],[6, 245.32489658914648],[11, 251.0241698606572],[17, 274.02436276085814],[13, 309.55345232156054],[14, 4582.116143396963],[10, 724588.0048231339],[15, 1444594.1384349966],[3, 2164599.3981385697],[16, 2884605.4697983013],[12, 3604611.329462829],[8, 4324616.61074433],[5, 5044621.865404636],[0, 5764627.386612159],[18, 6484633.7667467585],[9, 7204639.1645388715],[7, 7924646.434589461]],"pathLength": 7924646.434589461}
{ "path": [5,3,2,16,18,12,13,14,11,10,19,1,6,7,9,15,17,4,8],"timedPath": [[4, 0],[2, 31.15645488184339],[1, 37.587797840862734],[15, 200.02146871404852],[17, 219.92788977642593],[11, 242.92808267662687],[12, 248.61989681992694],[13, 256.30352481596606],[10, 3592.97932159604],[9, 723598.715148387],[18, 1443604.1129405005],[0, 2163610.4930751],[5, 2883616.0142826233],[6, 3603621.6635415563],[8, 4323627.179189374],[14, 5043633.092264853],[16, 5763638.561835255],[3, 6483644.633494986],[7, 7203650.306727874]],"pathLength": 7203650.306727874}
{ "path": [5,3,2,11,12,13,18,14,19,10,7,15,1,17,9,16,4,6,8],"timedPath": [[4, 0],[2, 31.15645488184339],[1, 37.587797840862734],[10, 245.48438858995456],[11, 251.93180133956457],[12, 258.62361548286464],[17, 276.9115590575659],[13, 314.4406486182683],[18, 689.228222182103],[9, 694.6260142955671],[6, 701.7509998786929],[14, 707.6106644064225],[0, 720712.838439508],[16, 1440718.0930998134],[8, 2160723.6842677486],[15, 2880729.4718413125],[3, 3600734.731544886],[5, 4320740.811309919],[7, 5040746.515921231]],"pathLength": 5040746.515921231}
{ "path": [18,2,3,10,12,13,5,14,6,7,1,11,9,16,4,15,17,19,8],"timedPath": [[17, 0],[1, 21.083549221348985],[2, 34.51489218036832],[9, 250.74674341585245],[11, 257.834681846936],[12, 264.52649599023607],[4, 283.28684563049677],[13, 324.4530626525121],[5, 559.7380812337005],[6, 565.3873401668574],[0, 571.1374241693454],[10, 577.2429093490065],[8, 584.9323479852558],[15, 590.7199215490905],[3, 595.9796251223532],[14, 601.8124677187975],[16, 720607.2820381202],[18, 1440613.904108547],[7, 2160620.777203907]],"pathLength": 2160620.777203907}
{ "path": [2,3,10,13,12,18,14,19,15,17,16,7,6,1,4,9,11,5,8],"timedPath": [[1, 0],[2, 7.43134295901934],[9, 245.66319419450346],[12, 253.19449998045351],[11, 258.8863141237536],[17, 281.88650702395455],[13, 322.41559658465695],[18, 554.2031701484916],[14, 561.3574429339957],[16, 566.8270133353308],[15, 572.7400888152735],[6, 578.0468578990473],[5, 583.6961168322041],[0, 589.2173243555196],[3, 595.0936748957357],[8, 601.1305451421554],[10, 607.8199837784047],[4, 720634.290894332],[7, 1440652.307977125]],"pathLength": 1440652.307977125}
{ "path": [18,2,3,17,12,14,5,13,1,7,19,10,16,6,11,9,4,15,8],"timedPath": [[17, 0],[1, 21.083549221348985],[2, 34.51489218036832],[16, 246.24924332642914],[11, 251.42112593223078],[13, 258.52791398232597],[4, 286.6941310043413],[12, 317.454480644602],[0, 484.38885225191484],[6, 490.1389362544029],[18, 496.867669413831],[9, 505.2654615272951],[15, 512.1348986824448],[5, 517.993388919121],[10, 526.5826088824912],[8, 551.2720475187405],[3, 559.3089177651601],[14, 565.1417603616044],[7, 608.1473013743954]],"pathLength": 608.1473013743954}
{ "path": [18,3,2,7,13,12,5,14,1,6,17,16,10,19,11,9,15,4,8],"timedPath": [[17, 0],[2, 32.01415213131328],[1, 38.44549509033262],[6, 245.18259383861636],[12, 250.65216423995147],[11, 256.34397838325157],[4, 279.62743325978465],[13, 317.79365028179996],[0, 480.5628012292017],[5, 486.0840087525172],[16, 491.4370805693204],[15, 497.3501560492631],[9, 506.21959320441283],[18, 511.61738531787694],[10, 520.9554436093614],[8, 551.6448822456107],[14, 558.5579577255534],[3, 565.3908003219976],[7, 607.0640332100077]],"pathLength": 607.0640332100077}
{ "path": [18,3,2,7,13,12,5,14,1,6,17,16,19,10,15,9,11,4,8],"timedPath": [[17, 0],[2, 32.01415213131328],[1, 38.44549509033262],[6, 245.18259383861636],[12, 250.65216423995147],[11, 256.34397838325157],[4, 279.62743325978465],[13, 317.79365028179996],[0, 480.5628012292017],[5, 486.0840087525172],[16, 491.4370805693204],[15, 497.3501560492631],[18, 503.8218096310851],[9, 510.2196017445492],[14, 544.7267184477881],[8, 557.6397939277308],[10, 564.3292325639801],[3, 570.2757866450279],[7, 604.9490195330379]],"pathLength": 604.9490195330379}
{ "path": [5,3,2,7,13,12,18,14,1,6,17,16,19,10,15,4,11,9,8],"timedPath": [[4, 0],[2, 31.15645488184339],[1, 37.587797840862734],[6, 245.32489658914648],[12, 250.7944669904816],[11, 256.4862811337817],[17, 279.48647403398263],[13, 318.01556359468503],[0, 477.7847145420868],[5, 483.30592206540234],[16, 488.65899388220555],[15, 494.5720693621482],[18, 501.04372294397024],[9, 508.44151505743434],[14, 546.9486317606733],[3, 555.7814743571175],[10, 561.7280284381653],[8, 570.4174670744146],[7, 604.9386745977301]],"pathLength": 604.9386745977301}
