{ "path": [5,18,17,12,9,13,6,11,19,3,10,14,16,4,7,2,1,15,8],"timedPath": [[4, 0]],"pathLength": 1083.0652559283922}
{ "path": [5,18,9,12,1,15,16,4,2,19,10,3,11,13,7,6,17,14,8],"timedPath": [[4, 0]],"pathLength": 1077.8423293664746}
{ "path": [2,16,7,6,12,17,9,13,14,19,3,10,11,1,15,4,18,5,8],"timedPath": [[1, 0]],"pathLength": 1076.7388278846379}
{ "path": [5,18,7,13,9,6,12,17,19,3,10,14,2,4,16,1,15,11,8],"timedPath": [[4, 0]],"pathLength": 995.093882065217}
{ "path": [2,4,16,7,11,19,3,10,14,15,17,1,6,9,12,13,5,18,8],"timedPath": [[1, 0]],"pathLength": 945.7354204249749}
{ "path": [5,18,7,13,9,6,12,17,1,4,2,16,15,19,11,3,10,14,8],"timedPath": [[4, 0]],"pathLength": 925.6235381016653}
{ "path": [18,5,7,16,4,2,13,9,6,12,17,19,10,3,11,14,15,1,8],"timedPath": [[17, 0]],"pathLength": 860.4308224385068}
{ "path": [18,5,13,12,16,4,2,11,19,10,3,14,15,1,17,9,6,7,8],"timedPath": [[17, 0]],"pathLength": 807.1276361883554}
{ "path": [5,18,16,2,4,11,19,3,10,14,15,1,17,12,6,9,13,7,8],"timedPath": [[4, 0]],"pathLength": 703.6378943356909}
{ "path": [18,5,13,9,6,12,17,1,15,14,19,3,10,11,2,4,16,7,8],"timedPath": [[17, 0]],"pathLength": 668.4888411902325}
{ "path": [5,18,13,9,6,12,17,1,15,14,19,3,10,11,2,4,16,7,8],"timedPath": [[4, 0]],"pathLength": 662.8199684035195}
{ "path": [5,18,13,9,6,12,17,1,15,14,10,3,19,11,2,4,16,7,8],"timedPath": [[4, 0]],"pathLength": 652.0013930951952}
{ "path": [5,18,13,9,6,12,17,1,15,14,3,10,19,11,2,4,16,7,8],"timedPath": [[4, 0]],"pathLength": 648.3919023152878}
