{ "path": [2,4,7,15,1,13,9,12,6,17,16,14,11,3,10,19,5,18,8],"timedPath": [[1, 0]],"pathLength": 1135.9600264503906}
{ "path": [18,5,6,9,12,10,3,19,11,4,2,16,7,13,1,17,15,14,8],"timedPath": [[17, 0]],"pathLength": 1040.6858851052352}
{ "path": [5,18,4,16,2,6,12,1,17,15,19,3,10,11,14,13,9,7,8],"timedPath": [[4, 0]],"pathLength": 955.5226701362357}
{ "path": [18,5,2,4,7,16,17,12,6,13,9,1,15,14,19,3,10,11,8],"timedPath": [[17, 0]],"pathLength": 889.4939649079246}
{ "path": [5,18,13,9,6,12,15,1,17,16,7,4,2,11,10,3,19,14,8],"timedPath": [[4, 0]],"pathLength": 867.3388843027965}
{ "path": [18,5,9,6,12,17,1,15,11,14,3,10,19,2,4,7,16,13,8],"timedPath": [[17, 0]],"pathLength": 846.0605746940842}
{ "path": [18,5,13,9,6,1,17,12,7,16,4,2,10,3,19,11,14,15,8],"timedPath": [[17, 0]],"pathLength": 823.6750573086451}
{ "path": [5,18,13,9,6,12,17,15,14,10,3,19,11,4,2,16,7,1,8],"timedPath": [[4, 0]],"pathLength": 792.9551517753124}
{ "path": [18,5,13,9,6,12,17,1,15,14,3,10,19,11,2,4,16,7,8],"timedPath": [[17, 0]],"pathLength": 654.0607751020009}
{ "path": [5,18,13,9,6,12,17,1,15,14,10,3,19,11,2,4,16,7,8],"timedPath": [[4, 0]],"pathLength": 652.0013930951952}
{ "path": [5,18,13,9,6,12,17,1,15,14,3,10,19,11,2,4,16,7,8],"timedPath": [[4, 0]],"pathLength": 648.3919023152878}
