{ "path": [3,10,19,17,1,14,12,6,9,13,7,16,2,4,15,11,18,5,8],"timedPath": [[2, 0]],"pathLength": 1136.0759470405053}
{ "path": [18,5,6,12,17,2,15,1,10,3,19,11,14,9,13,7,16,4,8],"timedPath": [[17, 0]],"pathLength": 1022.6595124819673}
{ "path": [2,4,7,16,13,9,6,17,1,15,12,14,19,10,3,11,18,5,8],"timedPath": [[1, 0]],"pathLength": 1022.0733604706986}
{ "path": [5,18,2,4,1,17,12,15,11,19,3,10,14,16,7,6,9,13,8],"timedPath": [[4, 0]],"pathLength": 881.6003993443928}
{ "path": [5,18,13,7,1,15,14,3,10,19,11,4,2,9,6,12,17,16,8],"timedPath": [[4, 0]],"pathLength": 862.217358833728}
{ "path": [18,5,2,4,16,7,13,12,17,1,14,10,3,19,11,15,6,9,8],"timedPath": [[17, 0]],"pathLength": 824.0663817098828}
{ "path": [18,5,4,2,16,1,15,14,11,19,3,10,17,12,6,9,13,7,8],"timedPath": [[17, 0]],"pathLength": 801.8541983200231}
