{ "path": [5,18,19,13,9,12,17,1,6,7,16,4,15,14,11,10,3,2,8],"timedPath": [[4, 0]],"pathLength": 1181.6081535273088}
{ "path": [5,18,15,1,12,17,6,7,9,13,16,4,2,11,19,3,10,14,8],"timedPath": [[4, 0]],"pathLength": 938.2613196556377}
{ "path": [18,5,9,13,4,2,16,7,17,12,6,1,11,10,3,19,14,15,8],"timedPath": [[17, 0]],"pathLength": 930.6116275808778}
{ "path": [5,18,13,9,6,12,17,1,7,16,4,2,14,3,10,19,11,15,8],"timedPath": [[4, 0]],"pathLength": 819.2553280518713}
{ "path": [18,5,13,9,6,17,12,1,15,14,19,10,3,11,4,2,16,7,8],"timedPath": [[17, 0]],"pathLength": 708.1898754105825}
{ "path": [18,5,13,9,6,12,17,1,15,14,11,3,10,19,4,2,16,7,8],"timedPath": [[17, 0]],"pathLength": 704.4527241819944}
{ "path": [18,5,7,13,9,6,12,17,1,15,14,3,10,19,11,2,4,16,8],"timedPath": [[17, 0]],"pathLength": 692.1126179148353}
{ "path": [18,5,13,9,6,17,12,1,15,14,10,3,19,11,2,4,16,7,8],"timedPath": [[17, 0]],"pathLength": 679.9817685849445}
{ "path": [5,18,13,9,6,12,17,1,15,14,3,10,19,11,2,4,16,7,8],"timedPath": [[4, 0]],"pathLength": 648.3919023152878}
