{ "path": [5,18,7,8,9,13,15,1,17,12,6,4,2,16,11,19,3,10,14],"timedPath": [[4, 0],[17, 6005.339547073799],[6, 726012.3569253727],[7, 1446017.5087754405],[8, 2166023.0299829636],[12, 2886028.3112644646],[14, 3606034.4324127054],[0, 4326039.660187807],[16, 5046044.9148481125],[11, 5766050.086730719],[5, 6486055.270368876],[3, 7206061.350133909],[1, 7926066.530205938],[15, 8646071.963876812],[10, 9366078.097488675],[18, 10086083.435546966],[2, 10806088.65196661],[9, 11526093.883817846],[13, 12246099.939285055]],"pathLength": 12246099.939285055}
{ "path": [18,5,13,9,6,12,17,1,15,14,19,3,10,11,16,8,7,4,2],"timedPath": [[17, 0],[4, 6005.339547073799],[12, 726012.3218303353],[8, 1446017.6031118361],[5, 2166022.8577721417],[11, 2886028.0414102995],[16, 3606033.213292905],[0, 4326038.467953211],[14, 5046043.695728312],[13, 5766049.258419388],[18, 6486055.045992952],[2, 7206060.2624125965],[9, 7926065.4942638315],[10, 8646071.230090622],[15, 9366077.363702485],[7, 10086082.785923503],[6, 10806087.93777357],[3, 11526093.504038945],[1, 12246098.684110973]],"pathLength": 12246098.684110973}
{ "path": [2,4,12,3,19,11,15,7,8,10,14,1,17,6,9,13,16,5,18],"timedPath": [[1, 0],[3, 305.18007202881154],[11, 311.22027270215773],[2, 318.0766747144785],[18, 619.2930943588641],[10, 624.6311526503486],[14, 630.5198323873628],[6, 636.3794969150924],[7, 642.5313469828076],[9, 649.8013975723854],[13, 720655.856864782],[0, 1440661.6260157295],[16, 2160666.880676035],[5, 2880672.2337478516],[8, 3600677.4884081567],[12, 4320682.769689658],[15, 5040688.545927985],[4, 5760695.6347980155],[17, 6480700.974345089]],"pathLength": 6480700.974345089}
{ "path": [2,4,12,3,19,10,7,8,15,11,14,1,17,6,9,13,16,18,5],"timedPath": [[1, 0],[3, 305.18007202881154],[11, 311.22027270215773],[2, 318.0766747144785],[18, 619.2930943588641],[9, 624.6908864723282],[6, 631.8158720554541],[7, 637.9677221231692],[14, 643.9732631359602],[10, 649.8619428729745],[13, 720655.537739653],[0, 1440661.3068906004],[16, 2160666.561550906],[5, 2880671.9146227227],[8, 3600677.1692830278],[12, 4320682.450564529],[15, 5040688.226802856],[17, 5760695.374186442],[4, 6480700.713733516]],"pathLength": 6480700.713733516}
{ "path": [3,10,18,12,2,5,13,14,1,15,17,11,7,8,9,6,16,4,19],"timedPath": [[2, 0],[9, 245.23185123548413],[17, 254.15352806799024],[11, 261.7465930716206],[1, 267.9593157611692],[4, 275.1562273124302],[12, 287.1385105739323],[13, 309.82213856997146],[0, 591.5912895173732],[14, 596.819064618946],[16, 602.288635020281],[10, 608.6452307548805],[6, 615.0386154490986],[7, 623.1904655168138],[8, 720628.7116730401],[5, 1440633.9663333455],[15, 2160639.824823582],[3, 2880645.0845271554],[18, 3600651.3658394306]],"pathLength": 3600651.3658394306}
{ "path": [2,4,12,3,14,1,7,6,19,17,16,10,11,15,9,8,13,5,18],"timedPath": [[1, 0],[3, 305.18007202881154],[11, 311.22027270215773],[2, 318.0766747144785],[13, 404.9074382331722],[0, 410.6765891805739],[6, 416.42667318306195],[5, 423.0759321162187],[18, 429.9601124527074],[16, 436.5821828793527],[15, 443.49525835929535],[9, 519.3646955144451],[10, 527.1005223053561],[14, 540.9892020423704],[8, 554.902277522313],[7, 616.4234850456286],[12, 720621.815437692],[4, 1440628.7977209534],[17, 2160634.1372680273]],"pathLength": 2160634.1372680273}
{ "path": [3,10,18,2,5,12,13,14,1,19,17,4,15,7,11,16,8,9,6],"timedPath": [[2, 0],[9, 245.23185123548413],[17, 254.15352806799024],[1, 261.4704859390129],[4, 268.6673974902739],[11, 276.3012685409149],[12, 287.993082684215],[13, 311.67671068025413],[0, 560.4458616276559],[18, 566.8259962270506],[16, 573.448066653696],[3, 579.5197263850991],[14, 585.3525689815434],[6, 591.212233509273],[10, 597.6056182034912],[15, 603.7392300661108],[7, 615.1614510839996],[8, 720620.6826586073],[5, 1440625.9373189127]],"pathLength": 1440625.9373189127}
{ "path": [3,10,5,12,18,2,13,14,1,7,19,11,6,4,16,9,17,15,8],"timedPath": [[2, 0],[9, 245.23185123548413],[4, 254.0166399228994],[11, 261.6505109735404],[17, 269.2435759771708],[1, 276.5605338481935],[12, 288.7662845833185],[13, 313.44991257935766],[0, 533.2190635267594],[6, 538.9691475292475],[18, 545.6978806886756],[10, 551.03593898016],[5, 557.6251589435302],[3, 564.7049239769885],[15, 569.9646275502513],[8, 576.752201114086],[16, 582.3433690493679],[14, 587.812939450703],[7, 606.818480463494]],"pathLength": 606.818480463494}
{ "path": [3,10,5,12,18,2,13,14,1,17,19,11,15,16,4,7,9,6,8],"timedPath": [[2, 0],[9, 245.23185123548413],[4, 254.0166399228994],[11, 261.6505109735404],[17, 269.2435759771708],[1, 276.5605338481935],[12, 288.7662845833185],[13, 313.44991257935766],[0, 533.2190635267594],[16, 538.4737238321087],[18, 545.095794258754],[10, 550.4338525502385],[14, 557.3225322872528],[15, 563.1116597028372],[3, 568.3713632760999],[6, 573.937628650173],[8, 580.4532764675779],[5, 585.7079367729272],[7, 606.4125480858121]],"pathLength": 606.4125480858121}
{ "path": [2,7,18,12,5,3,13,14,1,6,19,10,11,17,16,15,4,9,8],"timedPath": [[1, 0],[6, 245.73709874828373],[17, 252.7544770472129],[11, 260.3475420508433],[4, 267.9814131014843],[2, 276.6053921961076],[12, 289.9148115778912],[13, 315.59843957393036],[0, 505.3675905213321],[5, 510.8887980446476],[18, 517.7729783811363],[9, 523.1707704946004],[10, 529.9065972855115],[16, 536.2631930201109],[15, 542.1762685000535],[14, 549.9653959156379],[3, 557.7982385120822],[8, 566.8351087585019],[7, 606.3563162818174]],"pathLength": 606.3563162818174}
{ "path": [3,10,5,12,18,2,13,14,1,17,19,16,7,4,11,15,6,9,8],"timedPath": [[2, 0],[9, 245.23185123548413],[4, 254.0166399228994],[11, 261.6505109735404],[17, 269.2435759771708],[1, 276.5605338481935],[12, 288.7662845833185],[13, 313.44991257935766],[0, 533.2190635267594],[16, 538.4737238321087],[18, 545.095794258754],[15, 551.567447840576],[6, 556.8742169243499],[3, 563.4404822984229],[10, 569.3870363794707],[14, 575.275716116485],[5, 581.0220441377272],[8, 586.2767044430765],[7, 605.797911966392]],"pathLength": 605.797911966392}
{ "path": [3,10,18,12,5,2,13,14,1,17,6,16,15,11,19,4,9,7,8],"timedPath": [[2, 0],[9, 245.23185123548413],[17, 254.15352806799024],[11, 261.7465930716206],[4, 269.3804641222616],[1, 276.5773756735226],[12, 288.78312640864766],[13, 313.4667544046868],[0, 533.2359053520886],[16, 538.4905656574379],[5, 543.8436374742411],[15, 549.7021277109172],[14, 556.4912551265016],[10, 562.3799348635159],[18, 567.7179931550004],[3, 573.9993054300666],[8, 581.0361756764862],[6, 586.5518234938911],[7, 605.7036735616063]],"pathLength": 605.7036735616063}
{ "path": [3,10,5,12,18,2,13,14,1,17,16,7,19,11,15,4,6,9,8],"timedPath": [[2, 0],[9, 245.23185123548413],[4, 254.0166399228994],[11, 261.6505109735404],[17, 269.2435759771708],[1, 276.5605338481935],[12, 288.7662845833185],[13, 313.44991257935766],[0, 533.2190635267594],[16, 538.4737238321087],[15, 544.3867993120514],[6, 549.6935683958252],[18, 556.4223015552533],[10, 561.7603598467377],[14, 567.649039583752],[3, 573.4818821801963],[5, 579.5616472136546],[8, 584.8163075190039],[7, 605.3375150423194]],"pathLength": 605.3375150423194}
{ "path": [3,10,5,12,18,2,13,14,1,17,6,16,7,11,19,4,15,9,8],"timedPath": [[2, 0],[9, 245.23185123548413],[4, 254.0166399228994],[11, 261.6505109735404],[17, 269.2435759771708],[1, 276.5605338481935],[12, 288.7662845833185],[13, 313.44991257935766],[0, 533.2190635267594],[16, 538.4737238321087],[5, 543.8267956489119],[15, 549.6852858855881],[6, 554.9920549693619],[10, 561.3854396635801],[18, 566.7234979550645],[3, 573.0048102301307],[14, 578.837652826575],[8, 584.7507283065177],[7, 605.2719358298332]],"pathLength": 605.2719358298332}
{ "path": [3,10,5,12,18,2,13,14,1,17,11,19,16,15,4,7,6,9,8],