{ "path": [3,19,10,6,12,17,1,15,13,9,7,16,2,4,11,14,5,18,8],"timedPath": [[2, 0]],"pathLength": 1142.4064081300153}
{ "path": [18,5,13,9,12,17,1,15,14,4,16,7,6,3,10,19,11,2,8],"timedPath": [[17, 0]],"pathLength": 946.6137594338176}
{ "path": [2,4,16,9,6,12,17,1,15,14,11,19,3,10,7,13,5,18,8],"timedPath": [[1, 0]],"pathLength": 927.6603702457763}
{ "path": [18,5,2,4,11,10,3,19,14,15,17,12,6,9,13,7,16,1,8],"timedPath": [[17, 0]],"pathLength": 831.4298841594797}
{ "path": [18,5,13,9,6,17,12,7,16,2,4,11,19,3,10,14,15,1,8],"timedPath": [[17, 0]],"pathLength": 788.3637660003367}
{ "path": [18,5,2,4,11,19,10,3,14,15,1,17,12,6,9,13,7,16,8],"timedPath": [[17, 0]],"pathLength": 716.1050641187444}
{ "path": [18,5,13,9,6,12,17,1,15,14,10,19,3,11,4,2,16,7,8],"timedPath": [[17, 0]],"pathLength": 706.9084618629444}
{ "path": [5,18,16,2,4,11,19,3,10,14,15,1,17,12,6,9,13,7,8],"timedPath": [[4, 0]],"pathLength": 703.6378943356909}
{ "path": [5,18,13,9,6,12,17,1,15,14,11,19,3,10,4,2,16,7,8],"timedPath": [[4, 0]],"pathLength": 699.8155521035743}
{ "path": [18,5,13,9,6,12,17,1,15,14,11,19,10,3,2,4,16,7,8],"timedPath": [[17, 0]],"pathLength": 685.6969048619269}
{ "path": [18,5,13,9,6,12,17,1,15,14,11,19,3,10,2,4,16,7,8],"timedPath": [[17, 0]],"pathLength": 685.1672758765919}
{ "path": [18,5,7,16,4,2,11,19,3,10,14,15,1,17,12,6,9,13,8],"timedPath": [[17, 0]],"pathLength": 679.6394035863789}
{ "path": [5,18,13,9,6,12,17,1,15,14,11,19,3,10,2,4,16,7,8],"timedPath": [[4, 0]],"pathLength": 679.4984030898788}
{ "path": [18,5,13,9,6,12,17,1,15,14,3,10,19,11,2,4,16,7,8],"timedPath": [[17, 0]],"pathLength": 654.0607751020009}
{ "path": [5,18,13,9,6,12,17,1,15,14,10,3,19,11,2,4,16,7,8],"timedPath": [[4, 0]],"pathLength": 652.0013930951952}
{ "path": [5,18,13,9,6,12,17,1,15,14,3,10,19,11,2,4,16,7,8],"timedPath": [[4, 0]],"pathLength": 648.3919023152878}
