{ "path": [3,19,10,14,12,17,1,6,7,2,4,16,11,13,9,15,18,5,8],"timedPath": [[2, 0]],"pathLength": 41.009105415641365}
{ "path": [5,18,13,9,7,12,17,1,2,4,16,6,15,14,19,3,10,11,8],"timedPath": [[4, 0]],"pathLength": 21.696434003998263}
{ "path": [5,18,9,13,6,12,17,1,15,14,10,3,19,11,4,2,16,7,8],"timedPath": [[4, 0]],"pathLength": 20.561772153634152}
{ "path": [18,5,7,13,9,6,1,17,12,15,14,19,10,3,11,2,4,16,8],"timedPath": [[17, 0]],"pathLength": 20.047636245839424}
{ "path": [5,18,16,4,2,11,19,10,3,14,15,1,17,12,6,9,13,7,8],"timedPath": [[4, 0]],"pathLength": 19.86016117556134}
{ "path": [18,5,13,9,6,12,17,1,15,14,19,3,10,11,2,4,16,7,8],"timedPath": [[17, 0]],"pathLength": 18.78338355677751}
{ "path": [5,18,13,9,6,12,17,1,15,14,19,3,10,11,2,4,16,7,8],"timedPath": [[4, 0]],"pathLength": 18.335251320673706}
{ "path": [5,18,13,9,6,12,17,1,15,14,10,3,19,11,2,4,16,7,8],"timedPath": [[4, 0]],"pathLength": 18.20537646703236}
{ "path": [5,18,13,9,6,12,17,1,15,14,3,10,19,11,2,4,16,7,8],"timedPath": [[4, 0]],"pathLength": 18.16204524518473}
