{ "path": [5,18,1,7,6,12,17,9,4,15,11,19,10,3,16,13,2,14,8],"timedPath": [[4, 0]],"pathLength": 1299.6380312153233}
{ "path": [3,19,11,10,1,15,2,4,16,7,13,9,17,14,12,6,18,5,8],"timedPath": [[2, 0]],"pathLength": 1100.32191539706}
{ "path": [18,5,6,1,15,9,13,7,16,17,12,4,2,10,3,19,11,14,8],"timedPath": [[17, 0]],"pathLength": 1039.5645727143879}
{ "path": [2,4,16,7,1,17,15,11,3,10,19,14,12,6,9,13,18,5,8],"timedPath": [[1, 0]],"pathLength": 918.0819766627806}
{ "path": [5,18,11,19,3,10,14,15,12,6,9,13,7,1,17,4,2,16,8],"timedPath": [[4, 0]],"pathLength": 902.6807530215385}
{ "path": [3,10,11,19,14,15,1,17,12,7,13,9,6,16,4,2,5,18,8],"timedPath": [[2, 0]],"pathLength": 893.3957419526345}
