{ "path": [2,4,7,16,11,14,17,6,9,1,15,12,19,3,10,13,18,5,8],"timedPath": [[1, 0]],"pathLength": 1231.3532274186862}
{ "path": [3,10,19,1,17,4,16,7,9,6,12,11,14,15,13,2,5,18,8],"timedPath": [[2, 0]],"pathLength": 1189.606061729939}
{ "path": [5,18,15,1,11,13,17,12,6,7,16,4,2,19,3,10,14,9,8],"timedPath": [[4, 0]],"pathLength": 1140.3983831788464}
{ "path": [18,5,9,12,17,11,10,3,19,14,1,15,16,2,4,6,13,7,8],"timedPath": [[17, 0]],"pathLength": 929.204602253659}
{ "path": [5,18,6,12,17,15,1,14,19,3,10,11,16,4,2,7,13,9,8],"timedPath": [[4, 0]],"pathLength": 846.6976081317972}
{ "path": [18,5,2,4,16,7,13,9,6,12,17,1,11,19,3,10,14,15,8],"timedPath": [[17, 0]],"pathLength": 784.2037126802602}
{ "path": [18,5,9,6,12,17,1,15,14,19,3,10,11,2,4,16,7,13,8],"timedPath": [[17, 0]],"pathLength": 727.211819807757}
{ "path": [5,18,13,9,6,12,17,1,15,14,19,10,3,11,2,4,16,7,8],"timedPath": [[4, 0]],"pathLength": 661.5560782853058}
{ "path": [18,5,13,9,6,12,17,1,15,14,10,3,19,11,2,4,16,7,8],"timedPath": [[17, 0]],"pathLength": 657.6702658819082}
{ "path": [5,18,13,9,6,12,17,1,15,14,10,3,19,11,2,4,16,7,8],"timedPath": [[4, 0]],"pathLength": 652.0013930951952}
{ "path": [5,18,13,9,6,12,17,1,15,14,3,10,19,11,2,4,16,7,8],"timedPath": [[4, 0]],"pathLength": 648.3919023152878}
