{ "path": [5,18,4,2,16,7,9,13,6,12,17,1,15,3,19,10,11,14,8],"timedPath": [[4, 0]],"pathLength": 878.4068610788011}
{ "path": [5,18,4,2,11,19,3,10,14,15,6,13,9,7,16,1,17,12,8],"timedPath": [[4, 0]],"pathLength": 870.9272708075982}
{ "path": [5,18,11,10,3,19,14,15,1,12,17,6,13,9,2,4,16,7,8],"timedPath": [[4, 0]],"pathLength": 843.0937965246884}
{ "path": [18,5,13,7,9,6,12,17,15,1,14,11,3,10,19,16,4,2,8],"timedPath": [[17, 0]],"pathLength": 830.7059140962085}
{ "path": [5,18,7,13,9,6,12,17,15,1,14,19,3,10,11,16,4,2,8],"timedPath": [[4, 0]],"pathLength": 796.5226375477001}
{ "path": [5,18,13,9,6,12,17,15,1,14,19,3,10,11,4,2,7,16,8],"timedPath": [[4, 0]],"pathLength": 764.3709505173224}
{ "path": [18,5,7,16,13,9,6,12,17,1,15,14,19,3,10,11,2,4,8],"timedPath": [[17, 0]],"pathLength": 756.915968019839}
{ "path": [5,18,9,6,12,17,1,15,14,19,3,10,11,2,4,16,7,13,8],"timedPath": [[4, 0]],"pathLength": 721.9293976116354}
{ "path": [18,5,13,9,6,12,17,1,15,14,10,3,19,11,2,4,16,7,8],"timedPath": [[17, 0]],"pathLength": 657.6702658819082}
{ "path": [5,18,13,9,6,12,17,1,15,14,10,3,19,11,2,4,16,7,8],"timedPath": [[4, 0]],"pathLength": 652.0013930951952}
{ "path": [5,18,13,9,6,12,17,1,15,14,3,10,19,11,2,4,16,7,8],"timedPath": [[4, 0]],"pathLength": 648.3919023152878}
