{ "path": [18,5,4,7,6,12,9,13,17,1,15,14,19,3,10,11,2,16,8],"timedPath": [[17, 0]],"pathLength": 853.5394277788178}
{ "path": [3,1,1,1,1,1,1,1,1,1,1,1,1,1,1,1,1,1,8],"timedPath": [[2, 0]],"pathLength": 198.76689768581366}
{ "path": [2,1,1,1,1,1,1,1,1,1,1,1,1,1,1,1,1,1,8],"timedPath": [[1, 0]],"pathLength": 159.01424782883333}
