{ "path": [3,11,19,10,14,2,4,6,12,17,1,15,16,7,9,13,18,5,8],"timedPath": [[2, 0]],"pathLength": 974.2758592004437}
{ "path": [18,5,13,9,17,1,12,6,2,4,11,3,10,19,15,14,16,7,8],"timedPath": [[17, 0]],"pathLength": 913.2786947444841}
{ "path": [18,5,17,12,6,1,15,11,19,3,10,14,4,2,16,7,9,13,8],"timedPath": [[17, 0]],"pathLength": 854.6231000642521}
{ "path": [18,5,13,6,12,17,15,16,7,4,2,11,19,10,3,14,1,9,8],"timedPath": [[17, 0]],"pathLength": 850.873991393289}
{ "path": [5,18,12,17,1,15,14,3,10,19,11,2,4,7,16,6,9,13,8],"timedPath": [[4, 0]],"pathLength": 806.6912151970846}
{ "path": [18,5,13,9,6,12,17,1,15,14,3,19,10,11,16,7,2,4,8],"timedPath": [[17, 0]],"pathLength": 788.8515053324035}
{ "path": [5,18,13,9,6,12,17,1,15,19,3,10,11,14,16,4,2,7,8],"timedPath": [[4, 0]],"pathLength": 767.9673994135908}
{ "path": [18,5,13,9,6,12,1,15,17,14,11,19,10,3,2,4,16,7,8],"timedPath": [[17, 0]],"pathLength": 751.7260055568355}
{ "path": [5,18,9,6,12,17,1,15,14,19,3,10,11,4,2,16,7,13,8],"timedPath": [[4, 0]],"pathLength": 740.5828192471628}
{ "path": [5,18,13,9,6,12,17,1,15,14,10,3,19,11,4,2,16,7,8],"timedPath": [[4, 0]],"pathLength": 670.6548147307226}
{ "path": [18,5,13,9,6,12,17,1,15,14,3,10,19,11,2,4,16,7,8],"timedPath": [[17, 0]],"pathLength": 654.0607751020009}
{ "path": [5,18,13,9,6,12,17,1,15,14,10,3,19,11,2,4,16,7,8],"timedPath": [[4, 0]],"pathLength": 652.0013930951952}
{ "path": [5,18,13,9,6,12,17,1,15,14,3,10,19,11,2,4,16,7,8],"timedPath": [[4, 0]],"pathLength": 648.3919023152878}
