{ "path": [3,19,1,15,13,9,6,17,12,16,11,4,2,14,7,10,5,18,8],"timedPath": [[2, 0]],"pathLength": 1489.0984685333895}
{ "path": [3,10,19,11,12,6,13,7,1,17,15,9,16,4,2,14,5,18,8],"timedPath": [[2, 0]],"pathLength": 1167.5549576604137}
{ "path": [18,5,13,9,6,7,1,17,12,4,16,2,15,14,3,11,19,10,8],"timedPath": [[17, 0]],"pathLength": 1025.4549988611282}
{ "path": [5,18,4,16,6,12,7,1,17,9,13,15,14,19,3,10,11,2,8],"timedPath": [[4, 0]],"pathLength": 989.1657106703476}
{ "path": [5,18,7,2,4,16,15,1,17,12,6,9,13,14,3,10,19,11,8],"timedPath": [[4, 0]],"pathLength": 892.603891940528}
{ "path": [18,5,13,9,6,12,1,17,7,16,4,2,3,19,10,11,14,15,8],"timedPath": [[17, 0]],"pathLength": 852.5564731772045}
{ "path": [18,5,9,6,12,17,1,15,14,19,3,10,11,16,2,4,7,13,8],"timedPath": [[17, 0]],"pathLength": 783.0631956301345}
{ "path": [5,18,7,16,2,4,14,19,3,10,11,15,1,17,12,6,9,13,8],"timedPath": [[4, 0]],"pathLength": 757.7310635853503}
{ "path": [18,5,16,7,13,9,12,6,17,1,15,14,10,3,19,11,2,4,8],"timedPath": [[17, 0]],"pathLength": 756.3276086571736}
{ "path": [18,5,13,9,6,12,17,1,15,14,11,19,3,10,2,16,4,7,8],"timedPath": [[17, 0]],"pathLength": 727.9081005948906}
{ "path": [5,18,2,4,16,11,19,3,10,14,15,1,17,12,6,9,13,7,8],"timedPath": [[4, 0]],"pathLength": 718.8538693646852}
{ "path": [5,18,7,16,4,2,11,19,3,10,14,1,15,17,12,6,9,13,8],"timedPath": [[4, 0]],"pathLength": 715.6943456266886}
{ "path": [5,18,13,9,6,12,17,1,15,14,3,10,19,11,16,4,2,7,8],"timedPath": [[4, 0]],"pathLength": 703.9822221258243}
{ "path": [18,5,13,9,6,12,17,1,15,14,11,19,3,10,2,4,16,7,8],"timedPath": [[17, 0]],"pathLength": 685.1672758765919}
{ "path": [5,18,13,9,6,12,17,1,15,14,10,3,19,11,2,4,16,7,8],"timedPath": [[4, 0]],"pathLength": 652.0013930951952}
{ "path": [5,18,13,9,6,12,17,1,15,14,3,10,19,11,2,4,16,7,8],"timedPath": [[4, 0]],"pathLength": 648.3919023152878}
