{ "path": [3,10,19,15,1,14,11,4,2,12,17,6,9,7,16,13,5,18,8],"timedPath": [[2, 0]],"pathLength": 1030.5291284470914}
{ "path": [18,5,7,2,4,16,14,10,3,19,11,1,12,9,6,13,15,17,8],"timedPath": [[17, 0]],"pathLength": 982.1909149574394}
{ "path": [3,10,19,11,2,4,16,9,6,12,17,14,15,1,7,13,5,18,8],"timedPath": [[2, 0]],"pathLength": 905.324524440387}
{ "path": [3,10,19,11,14,15,1,17,6,12,4,2,16,7,9,13,18,5,8],"timedPath": [[2, 0]],"pathLength": 842.326559670355}
{ "path": [5,18,2,4,16,7,17,1,15,14,19,3,10,11,6,12,9,13,8],"timedPath": [[4, 0]],"pathLength": 841.2975341881548}
{ "path": [18,5,9,6,12,17,16,4,2,10,3,19,11,14,15,1,7,13,8],"timedPath": [[17, 0]],"pathLength": 835.6643712666375}
{ "path": [5,18,1,17,12,6,15,14,19,10,3,11,2,4,16,7,13,9,8],"timedPath": [[4, 0]],"pathLength": 823.5043684109467}
{ "path": [5,18,7,16,2,4,10,3,19,11,14,15,1,17,9,6,12,13,8],"timedPath": [[4, 0]],"pathLength": 797.5322233567947}
{ "path": [18,5,16,2,4,14,11,10,3,19,15,1,12,17,6,9,13,7,8],"timedPath": [[17, 0]],"pathLength": 792.3715273379036}
{ "path": [18,5,9,6,12,17,1,15,14,3,19,10,11,2,4,16,7,13,8],"timedPath": [[17, 0]],"pathLength": 744.6324181832479}
{ "path": [18,5,7,16,4,2,11,19,3,10,14,15,17,1,12,6,9,13,8],"timedPath": [[17, 0]],"pathLength": 714.8740133330136}
{ "path": [5,18,13,9,6,12,17,1,15,14,10,3,19,11,2,4,7,16,8],"timedPath": [[4, 0]],"pathLength": 700.0598912521588}
{ "path": [5,18,13,9,6,12,17,1,15,14,11,19,3,10,2,4,16,7,8],"timedPath": [[4, 0]],"pathLength": 679.4984030898788}
{ "path": [5,18,13,9,6,12,17,1,15,14,19,10,3,11,2,4,16,7,8],"timedPath": [[4, 0]],"pathLength": 661.5560782853058}
{ "path": [18,5,13,9,6,12,17,1,15,14,10,3,19,11,2,4,16,7,8],"timedPath": [[17, 0]],"pathLength": 657.6702658819082}
{ "path": [5,18,13,9,6,12,17,1,15,14,10,3,19,11,2,4,16,7,8],"timedPath": [[4, 0]],"pathLength": 652.0013930951952}
{ "path": [5,18,13,9,6,12,17,1,15,14,3,10,19,11,2,4,16,7,8],"timedPath": [[4, 0]],"pathLength": 648.3919023152878}
