{ "path": [3,19,10,11,14,15,17,12,6,9,13,7,16,4,2,1,18,5,8],"timedPath": [[2, 0]],"pathLength": 929.8037578513843}
{ "path": [18,5,10,3,19,11,2,4,16,6,17,12,14,15,1,9,13,7,8],"timedPath": [[17, 0]],"pathLength": 927.5491196310983}
{ "path": [3,10,19,11,14,15,1,12,9,13,6,17,16,4,2,7,18,5,8],"timedPath": [[2, 0]],"pathLength": 891.2153802188375}
{ "path": [18,5,13,9,7,4,2,1,12,6,17,15,14,11,19,3,10,16,8],"timedPath": [[17, 0]],"pathLength": 880.2341491943597}
{ "path": [5,18,13,6,1,3,10,19,11,14,15,17,12,9,16,4,2,7,8],"timedPath": [[4, 0]],"pathLength": 849.4641332861428}
{ "path": [5,18,2,4,16,7,14,11,3,10,19,15,1,17,6,12,9,13,8],"timedPath": [[4, 0]],"pathLength": 825.0829755836173}
{ "path": [5,18,17,15,14,10,3,19,11,2,4,16,1,12,6,9,13,7,8],"timedPath": [[4, 0]],"pathLength": 812.9408332737363}
{ "path": [5,18,13,9,6,12,17,1,15,16,4,2,14,3,10,19,11,7,8],"timedPath": [[4, 0]],"pathLength": 786.8569128557203}
{ "path": [5,18,7,9,6,12,17,1,15,14,19,10,3,11,4,2,16,13,8],"timedPath": [[4, 0]],"pathLength": 767.4318362442305}
{ "path": [5,18,9,13,6,12,17,1,15,11,19,3,10,14,2,4,16,7,8],"timedPath": [[4, 0]],"pathLength": 755.053453477745}
{ "path": [18,5,13,9,6,12,17,1,15,14,10,3,19,11,2,4,7,16,8],"timedPath": [[17, 0]],"pathLength": 705.7287640388718}
{ "path": [5,18,13,9,6,12,17,1,15,14,10,3,19,11,2,4,16,7,8],"timedPath": [[4, 0]],"pathLength": 652.0013930951952}
{ "path": [5,18,13,9,6,12,17,1,15,14,3,10,19,11,2,4,16,7,8],"timedPath": [[4, 0]],"pathLength": 648.3919023152878}
