{ "path": [18,5,13,17,1,15,7,16,4,2,14,3,10,11,6,12,19,9,8],"timedPath": [[17, 0]],"pathLength": 1194.7279178889876}
{ "path": [5,18,6,12,15,1,17,9,4,2,16,7,11,10,19,3,14,13,8],"timedPath": [[4, 0]],"pathLength": 1019.0449719348235}
{ "path": [2,4,16,7,13,9,17,6,12,1,15,14,11,19,10,3,5,18,8],"timedPath": [[1, 0]],"pathLength": 937.2122223372062}
{ "path": [5,18,6,12,1,15,14,3,10,19,11,4,7,16,2,9,17,13,8],"timedPath": [[4, 0]],"pathLength": 935.1400747826888}
{ "path": [5,18,7,13,9,6,12,17,1,15,14,11,3,19,10,16,2,4,8],"timedPath": [[4, 0]],"pathLength": 812.074030455543}
{ "path": [18,5,7,6,12,17,1,15,14,10,3,19,11,4,2,16,13,9,8],"timedPath": [[17, 0]],"pathLength": 781.0366101387732}
{ "path": [18,5,13,7,9,6,12,17,1,15,14,19,3,10,11,4,2,16,8],"timedPath": [[17, 0]],"pathLength": 742.7482268901882}
{ "path": [5,18,13,7,16,4,2,19,10,3,11,14,15,1,17,12,6,9,8],"timedPath": [[4, 0]],"pathLength": 725.6033267982552}
{ "path": [18,5,16,4,2,11,19,3,10,14,15,1,17,12,6,9,13,7,8],"timedPath": [[17, 0]],"pathLength": 680.1102934911252}
{ "path": [18,5,7,16,4,2,11,19,3,10,14,15,1,17,12,6,9,13,8],"timedPath": [[17, 0]],"pathLength": 679.6394035863789}
{ "path": [5,18,13,9,6,12,17,1,15,14,11,19,3,10,2,4,16,7,8],"timedPath": [[4, 0]],"pathLength": 679.4984030898788}
{ "path": [5,18,13,9,6,12,17,1,15,14,10,3,19,11,4,2,16,7,8],"timedPath": [[4, 0]],"pathLength": 670.6548147307226}
{ "path": [5,18,13,9,6,12,17,1,15,14,10,3,19,11,2,4,16,7,8],"timedPath": [[4, 0]],"pathLength": 652.0013930951952}
{ "path": [5,18,13,9,6,12,17,1,15,14,3,10,19,11,2,4,16,7,8],"timedPath": [[4, 0]],"pathLength": 648.3919023152878}
