{ "path": [2,16,4,7,13,9,6,17,11,10,14,15,3,19,1,12,5,18,8],"timedPath": [[1, 0]],"pathLength": 1199.738413604784}
{ "path": [2,4,15,1,17,6,9,13,7,16,12,14,19,3,10,11,18,5,8],"timedPath": [[1, 0]],"pathLength": 1042.3244915073892}
{ "path": [5,18,13,14,15,11,19,3,10,4,2,7,16,17,1,6,12,9,8],"timedPath": [[4, 0]],"pathLength": 990.363978586819}
{ "path": [5,18,4,2,17,1,12,9,6,7,16,15,14,19,3,10,11,13,8],"timedPath": [[4, 0]],"pathLength": 982.4381273580873}
{ "path": [2,4,14,3,10,19,11,15,1,6,17,12,9,13,16,7,18,5,8],"timedPath": [[1, 0]],"pathLength": 945.4839194745457}
{ "path": [18,5,2,16,4,6,12,17,1,15,14,11,3,19,10,7,13,9,8],"timedPath": [[17, 0]],"pathLength": 911.0171530503985}
{ "path": [5,18,7,16,4,2,1,17,12,6,9,13,11,19,3,10,14,15,8],"timedPath": [[4, 0]],"pathLength": 874.6043642275599}
{ "path": [5,18,16,9,6,12,17,1,15,14,11,10,3,19,4,2,13,7,8],"timedPath": [[4, 0]],"pathLength": 839.5192024577115}
{ "path": [5,18,13,9,6,12,17,1,15,14,19,3,10,11,4,2,16,7,8],"timedPath": [[4, 0]],"pathLength": 681.4733900390469}
{ "path": [5,18,13,9,6,12,17,1,15,14,3,10,19,11,4,2,16,7,8],"timedPath": [[4, 0]],"pathLength": 667.0453239508151}
{ "path": [18,5,13,9,6,12,17,1,15,14,3,10,19,11,2,4,16,7,8],"timedPath": [[17, 0]],"pathLength": 654.0607751020009}
{ "path": [5,18,13,9,6,12,17,1,15,14,3,10,19,11,2,4,16,7,8],"timedPath": [[4, 0]],"pathLength": 648.3919023152878}
