{ "path": [3,7,13,12,2,14,15,11,1,6,9,17,16,19,10,5,18,4,8],"timedPath": [[2, 0],[6, 246.9118188869129],[12, 252.38138928824802],[11, 258.0732034315481],[1, 264.2859261210967],[13, 274.53170994405735],[14, 2112.09440101946],[10, 722117.9830807565],[0, 1442124.0885659363],[5, 2162129.60977346],[8, 2882134.8644337654],[16, 3602140.4556017006],[15, 4322146.36867718],[18, 5042152.840330762],[9, 5762158.238122875],[4, 6482188.160881584],[17, 7202193.187723249],[3, 7922213.150168491],[7, 8642218.823401378]],"pathLength": 8642218.823401378}
{ "path": [3,12,2,5,18,13,14,15,6,11,19,17,7,16,9,4,10,1,8],"timedPath": [[2, 0],[11, 126.85640201232076],[1, 134.06912470186936],[4, 189.5357438496987],[17, 203.56258551561166],[12, 257.1677493809409],[13, 265.85137737698005],[14, 1644.4140684523827],[5, 721650.1603964737],[10, 1441656.7496164371],[18, 2161662.0876747286],[16, 2881668.709745155],[6, 3601674.5234192587],[15, 4321679.830188342],[8, 5041685.617761906],[3, 5761691.654632153],[9, 6481698.330925539],[0, 7201705.065816716],[7, 7921710.948639108]],"pathLength": 7921710.948639108}
{ "path": [2,18,16,12,3,13,14,15,11,9,7,6,1,10,19,17,4,5,8],"timedPath": [[1, 0],[17, 22.25712179100299],[15, 203.39760026914757],[11, 209.24646795364524],[2, 216.102869965966],[12, 246.41228934774963],[13, 254.09591734378876],[14, 1142.6586084191913],[10, 721148.5472881562],[8, 1441155.2367267925],[6, 2161160.75237461],[5, 2881166.401633543],[0, 3601171.9228410665],[9, 4321178.657732244],[18, 5041184.055524357],[16, 5761190.677594784],[3, 6481196.749254515],[4, 7201216.088966286],[7, 7921233.4371871175]],"pathLength": 7921233.4371871175}
{ "path": [18,15,12,13,2,3,14,19,10,11,7,4,1,6,9,17,5,16,8],"timedPath": [[17, 0],[14, 263.94200474643986],[11, 269.52284366136917],[12, 278.21465780466923],[1, 284.42040853979427],[2, 290.8517514988136],[13, 316.6825150175073],[18, 645.470088581342],[9, 650.8678806948061],[10, 656.6037074857171],[6, 662.9970921799353],[3, 720668.563357554],[0, 1440674.439708094],[5, 2160679.9609156176],[8, 2880685.215575923],[16, 3600690.8067438584],[4, 4320714.132007184],[15, 5040732.887175053],[7, 5760738.309396071]],"pathLength": 5760738.309396071}
{ "path": [18,9,13,2,12,3,14,1,11,15,17,10,16,4,7,6,5,19,8],"timedPath": [[17, 0],[8, 262.45689659344504],[12, 269.73817809437804],[1, 275.9439288295031],[11, 282.15665151905165],[2, 289.0130535313724],[13, 312.8438170500661],[0, 542.6129679974679],[10, 548.7184531771289],[14, 555.6071329141432],[16, 561.0767033154783],[9, 568.0428905128564],[15, 574.9123276680061],[3, 580.1720312412689],[6, 585.7382966153419],[5, 591.3875555484988],[4, 720612.8873423905],[18, 1440640.3391878158],[7, 2160647.212283176]],"pathLength": 2160647.212283176}
{ "path": [5,18,12,2,3,7,14,13,1,6,19,17,16,10,11,15,9,4,8],"timedPath": [[4, 0],[17, 7.026841665912969],[11, 141.10212346847513],[1, 147.31484615802373],[2, 160.74618911704306],[6, 281.65800800395596],[13, 300.04854551379805],[12, 334.73217350983714],[0, 381.66654511715],[5, 398.18775264046553],[18, 405.0719329769542],[16, 414.6940034035995],[15, 426.60707888354216],[9, 591.4765160386919],[10, 597.2123428296029],[14, 603.1010225666172],[8, 720609.0140980466],[3, 1440615.050968293],[7, 2160620.724201181]],"pathLength": 2160620.724201181}
{ "path": [18,11,2,12,13,3,14,1,7,19,17,6,16,10,4,15,9,5,8],"timedPath": [[17, 0],[10, 266.13852321057175],[1, 272.0351139596636],[11, 278.24783664921216],[12, 290.9396507925122],[2, 298.24907017429587],[13, 334.07983369298955],[0, 382.8489846403913],[6, 390.59906864287933],[18, 397.3278018023074],[16, 412.9498722289527],[5, 419.3029440457559],[15, 429.1614342824321],[9, 576.0308714375818],[3, 582.7071648242003],[14, 588.5400074206445],[8, 594.4530829005872],[4, 720614.3275622764],[7, 1440631.675783108]],"pathLength": 1440631.675783108}
{ "path": [5,18,12,2,3,7,14,13,1,6,17,16,19,10,9,15,4,11,8],"timedPath": [[4, 0],[17, 7.026841665912969],[11, 141.10212346847513],[1, 147.31484615802373],[2, 160.74618911704306],[6, 281.65800800395596],[13, 300.04854551379805],[12, 334.73217350983714],[0, 381.66654511715],[5, 398.18775264046553],[16, 411.54082445726874],[15, 425.4538999372114],[18, 431.92555351903343],[9, 560.3233456324975],[8, 569.7060493306451],[14, 575.6191248105878],[3, 581.451967407032],[10, 587.3985214880798],[7, 607.9351361339382]],"pathLength": 607.9351361339382}
{ "path": [5,18,12,2,3,7,14,13,1,19,17,6,16,10,11,4,9,15,8],"timedPath": [[4, 0],[17, 7.026841665912969],[11, 141.10212346847513],[1, 147.31484615802373],[2, 160.74618911704306],[6, 281.65800800395596],[13, 300.04854551379805],[12, 334.73217350983714],[0, 381.66654511715],[18, 389.04667971654476],[16, 420.66875014319004],[5, 426.02182195999325],[15, 433.8803121966694],[9, 552.7497493518192],[10, 558.4855761427302],[3, 565.432130223778],[8, 573.4690004701977],[14, 579.3820759501403],[7, 605.3876169629314]],"pathLength": 605.3876169629314}
{ "path": [5,18,7,2,12,3,13,14,1,11,10,6,16,19,17,15,9,4,8],"timedPath": [[4, 0],[17, 7.026841665912969],[6, 257.31123789522525],[1, 263.048336643509],[11, 269.2610593330576],[2, 276.11746134537833],[12, 289.426880727162],[13, 314.1105087232011],[0, 524.8796596706029],[10, 531.985144850264],[9, 537.720971641175],[5, 544.9701987102997],[15, 550.8286889469758],[18, 557.3003425287978],[16, 563.9224129554432],[14, 569.3919833567783],[8, 576.305058836721],[3, 582.3419290831406],[7, 605.0151619711506]],"pathLength": 605.0151619711506}
{ "path": [5,18,17,12,2,3,13,14,1,6,7,16,19,10,15,4,11,9,8],"timedPath": [[4, 0],[17, 7.026841665912969],[16, 262.1463430529827],[11, 267.3182256587843],[1, 273.53094834833286],[2, 279.9622913073522],[12, 295.27171068913583],[13, 326.955338685175],[0, 409.7244896325767],[5, 416.24569715589223],[6, 421.894956089049],[15, 430.2017251728229],[18, 436.6733787546449],[9, 540.071170868109],[14, 549.5782875713479],[3, 557.4111301677922],[10, 563.35768424884],[8, 572.0471228850893],[7, 604.5683304084048]],"pathLength": 604.5683304084048}
{ "path": [5,18,15,12,13,2,3,14,1,6,17,7,19,11,16,4,10,9,8],"timedPath": [[4, 0],[17, 7.026841665912969],[14, 262.9688464123529],[11, 268.5496853272822],[12, 277.24149947058226],[1, 283.4472502057073],[2, 289.8785931647266],[13, 314.7093566834203],[0, 516.478507630822],[5, 521.9997151541376],[16, 527.3527869709408],[6, 533.166461074318],[18, 539.8951942337461],[10, 545.2332525252306],[15, 551.3668643878502],[3, 558.626567961113],[9, 565.3028613477314],[8, 574.685565045879],[7, 604.2067725691945]],"pathLength": 604.2067725691945}
{ "path": [5,18,11,2,12,3,14,13,7,6,17,1,19,16,4,10,15,9,8],"timedPath": [[4, 0],[17, 7.026841665912969],[10, 265.1653648764847],[1, 271.06195562557656],[11, 277.27467831512513],[2, 284.1310803274459],[13, 302.9618438461396],[12, 342.6454718421787],[6, 519.1150422435138],[5, 524.7643011766706],[16, 530.1173729934739],[0, 535.3720332988231],[18, 541.7521678982179],[15, 548.2238214800399],[3, 555.4835250533026],[9, 562.1598184399211],[14, 568.66693514316],[8, 575.5800106231027],[7, 604.1012181464182]],"pathLength": 604.1012181464182}
{ "path": [5,18,15,3,2,12,13,14,1,7,6,17,19,16,10,11,4,9,8],"timedPath": [[4, 0],[17, 7.026841665912969],[14, 262.9688464123529],[2, 269.24440957769644],[1, 275.6757525367158],[11, 281.88847522626435],[12, 296.5802893695644],[13, 330.26391736560356],[0, 395.0330683130053],[6, 400.78315231549334],[5, 409.4324112486501],[16, 416.7854830654533],[18, 423.4075534920986],[15, 432.8792070739206],[9, 557.7486442290704],[10, 563.4844710199814],[3, 569.4310251010291],[8, 576.4678953474488],[7, 603.9891028707643]],"pathLength": 603.9891028707643}
{ "path": [5,18,15,12,2,3,14,13,19,17,6,16,10,11,4,9,1,7,8],