{ "path": [2,4,13,1,15,14,17,12,6,9,16,7,3,19,10,11,5,18,8],"timedPath": [[1, 0]],"pathLength": 1180.7093372451905}
{ "path": [18,5,9,12,17,6,7,2,4,16,13,15,1,14,11,19,3,10,8],"timedPath": [[17, 0]],"pathLength": 999.2642994750531}
{ "path": [18,5,13,9,12,6,17,1,15,2,4,16,7,14,10,19,3,11,8],"timedPath": [[17, 0]],"pathLength": 906.2561029136493}
{ "path": [5,18,7,13,9,6,12,17,1,15,16,4,2,10,19,11,3,14,8],"timedPath": [[4, 0]],"pathLength": 889.8694288033942}
{ "path": [18,5,2,4,16,6,9,13,12,17,1,15,11,19,3,10,14,7,8],"timedPath": [[17, 0]],"pathLength": 832.1388547344529}
{ "path": [5,18,4,2,16,13,9,6,12,17,1,15,11,19,10,3,14,7,8],"timedPath": [[4, 0]],"pathLength": 800.1103964556416}
{ "path": [18,5,16,2,4,7,13,9,6,12,17,1,15,14,19,10,3,11,8],"timedPath": [[17, 0]],"pathLength": 791.9912403850872}
