{ "path": [18,5,4,2,16,7,1,17,12,6,9,13,14,3,19,10,11,15,8],"timedPath": [[17, 0]],"pathLength": 22.94192311298885}
{ "path": [5,18,7,6,9,13,17,12,15,1,4,16,2,11,19,3,10,14,8],"timedPath": [[4, 0]],"pathLength": 22.18586852908621}
{ "path": [5,18,13,12,6,9,16,4,2,11,19,10,3,15,1,17,14,7,8],"timedPath": [[4, 0]],"pathLength": 21.11340388616438}
{ "path": [5,18,13,6,12,17,14,3,10,19,11,16,7,4,2,15,1,9,8],"timedPath": [[4, 0]],"pathLength": 20.87546828807344}
{ "path": [5,18,13,9,12,17,1,7,16,4,2,11,19,3,10,14,15,6,8],"timedPath": [[4, 0]],"pathLength": 20.0084727063008}
{ "path": [18,5,7,16,4,2,11,14,3,10,19,15,1,17,12,6,9,13,8],"timedPath": [[17, 0]],"pathLength": 19.93522025146443}
{ "path": [5,18,13,9,6,12,17,1,15,14,11,19,3,10,4,2,16,7,8],"timedPath": [[4, 0]],"pathLength": 18.779375974936073}
{ "path": [5,18,13,9,6,12,17,1,15,14,11,19,10,3,2,4,16,7,8],"timedPath": [[4, 0]],"pathLength": 18.541830716492367}
{ "path": [5,18,13,9,6,12,17,1,15,14,11,19,3,10,2,4,16,7,8],"timedPath": [[4, 0]],"pathLength": 18.535472625431925}
{ "path": [5,18,13,9,6,12,17,1,15,14,19,10,3,11,2,4,16,7,8],"timedPath": [[4, 0]],"pathLength": 18.320078570154937}
{ "path": [5,18,13,9,6,12,17,1,15,14,3,10,19,11,2,4,16,7,8],"timedPath": [[4, 0]],"pathLength": 18.16204524518473}
