{ "path": [3,19,10,16,6,9,13,2,4,7,1,15,17,12,14,11,18,5,8],"timedPath": [[2, 0]],"pathLength": 1220.9226841226598}
{ "path": [2,15,17,12,6,1,9,13,7,16,4,10,3,19,11,14,18,5,8],"timedPath": [[1, 0]],"pathLength": 1088.35361476169}
{ "path": [18,5,13,9,15,16,11,14,10,3,19,17,12,6,2,4,1,7,8],"timedPath": [[17, 0]],"pathLength": 1067.2916448659748}
{ "path": [18,5,9,4,2,7,16,13,6,12,17,1,15,14,3,11,19,10,8],"timedPath": [[17, 0]],"pathLength": 995.2210005944422}
{ "path": [18,5,7,9,13,6,1,12,17,16,2,4,15,14,11,3,19,10,8],"timedPath": [[17, 0]],"pathLength": 978.4117746875181}
{ "path": [5,18,7,13,9,12,6,17,2,4,16,1,15,14,11,19,3,10,8],"timedPath": [[4, 0]],"pathLength": 918.3809408394592}
{ "path": [18,5,16,2,15,1,6,9,13,12,17,14,19,10,3,11,4,7,8],"timedPath": [[17, 0]],"pathLength": 878.4525683489331}
{ "path": [18,5,13,9,12,17,1,14,11,19,10,3,15,2,4,16,7,6,8],"timedPath": [[17, 0]],"pathLength": 849.0596252000921}
{ "path": [18,5,9,6,12,17,1,15,3,10,19,14,11,4,2,16,7,13,8],"timedPath": [[17, 0]],"pathLength": 815.3553133068727}
{ "path": [18,5,6,12,17,1,15,14,19,3,10,11,4,2,16,7,9,13,8],"timedPath": [[17, 0]],"pathLength": 772.4811752426924}
{ "path": [18,5,9,6,12,17,1,15,14,19,3,10,11,2,4,16,7,13,8],"timedPath": [[17, 0]],"pathLength": 727.211819807757}
{ "path": [5,18,16,4,2,11,3,10,19,14,15,1,17,12,6,9,13,7,8],"timedPath": [[4, 0]],"pathLength": 694.5391578902742}
{ "path": [18,5,7,16,4,2,11,19,3,10,14,15,1,17,12,6,9,13,8],"timedPath": [[17, 0]],"pathLength": 679.6394035863789}
{ "path": [18,5,13,9,6,12,17,1,15,14,19,3,10,11,2,4,16,7,8],"timedPath": [[17, 0]],"pathLength": 668.4888411902325}
{ "path": [5,18,13,9,6,12,17,1,15,14,19,10,3,11,2,4,16,7,8],"timedPath": [[4, 0]],"pathLength": 661.5560782853058}
{ "path": [18,5,13,9,6,12,17,1,15,14,10,3,19,11,2,4,16,7,8],"timedPath": [[17, 0]],"pathLength": 657.6702658819082}
{ "path": [5,18,13,9,6,12,17,1,15,14,10,3,19,11,2,4,16,7,8],"timedPath": [[4, 0]],"pathLength": 652.0013930951952}
{ "path": [5,18,13,9,6,12,17,1,15,14,3,10,19,11,2,4,16,7,8],"timedPath": [[4, 0]],"pathLength": 648.3919023152878}
