{ "path": [3,10,11,19,14,9,6,12,17,1,15,13,2,4,16,7,18,5,8],"timedPath": [[2, 0]],"pathLength": 996.531143031176}
{ "path": [18,5,11,19,3,10,15,1,17,12,6,9,13,7,16,2,4,14,8],"timedPath": [[17, 0]],"pathLength": 934.9550894249202}
{ "path": [18,5,2,4,16,1,17,12,6,9,13,19,3,10,11,15,14,7,8],"timedPath": [[17, 0]],"pathLength": 933.3700624155535}
{ "path": [18,5,1,15,6,12,7,16,4,2,11,19,3,10,14,17,13,9,8],"timedPath": [[17, 0]],"pathLength": 921.170657351333}
{ "path": [5,18,9,16,2,4,7,13,6,12,17,1,15,11,19,3,10,14,8],"timedPath": [[4, 0]],"pathLength": 884.4057578048086}
{ "path": [5,18,9,6,12,17,1,15,14,19,3,10,11,4,2,16,7,13,8],"timedPath": [[4, 0]],"pathLength": 740.5828192471628}
{ "path": [18,5,13,9,6,12,17,1,15,14,11,19,3,10,2,4,16,7,8],"timedPath": [[17, 0]],"pathLength": 685.1672758765919}
{ "path": [5,18,13,9,6,12,17,1,15,14,11,19,3,10,2,4,16,7,8],"timedPath": [[4, 0]],"pathLength": 679.4984030898788}
{ "path": [18,5,13,9,6,12,17,1,15,14,10,3,19,11,4,2,16,7,8],"timedPath": [[17, 0]],"pathLength": 676.3236875174356}
{ "path": [18,5,7,16,4,2,11,19,10,3,14,15,1,17,12,6,9,13,8],"timedPath": [[17, 0]],"pathLength": 676.0299128064714}
{ "path": [18,5,13,9,6,12,17,1,15,14,10,3,19,11,2,4,16,7,8],"timedPath": [[17, 0]],"pathLength": 657.6702658819082}
{ "path": [5,18,13,9,6,12,17,1,15,14,10,3,19,11,2,4,16,7,8],"timedPath": [[4, 0]],"pathLength": 652.0013930951952}
{ "path": [5,18,13,9,6,12,17,1,15,14,3,10,19,11,2,4,16,7,8],"timedPath": [[4, 0]],"pathLength": 648.3919023152878}
