{ "path": [18,5,7,14,6,1,15,17,12,4,2,10,19,11,3,9,13,16,8],"timedPath": [[17, 0]],"pathLength": 1178.5377303229375}
{ "path": [2,4,16,7,6,12,17,1,14,11,19,3,10,13,9,15,18,5,8],"timedPath": [[1, 0]],"pathLength": 1087.4172234599207}
{ "path": [18,5,13,9,12,17,6,1,16,4,2,7,15,14,11,3,10,19,8],"timedPath": [[17, 0]],"pathLength": 928.7805481382259}
{ "path": [5,18,16,4,2,13,9,6,12,17,1,15,10,3,19,11,14,7,8],"timedPath": [[4, 0]],"pathLength": 834.4981676929458}
{ "path": [5,18,11,19,3,10,14,15,1,12,17,6,9,13,16,4,2,7,8],"timedPath": [[4, 0]],"pathLength": 808.0809958111797}
{ "path": [3,10,19,11,14,15,1,17,12,6,9,7,16,4,2,5,18,13,8],"timedPath": [[2, 0]],"pathLength": 783.3231547650083}
{ "path": [5,18,13,9,7,16,4,2,11,19,3,10,14,15,1,17,6,12,8],"timedPath": [[4, 0]],"pathLength": 741.7371099514728}
{ "path": [5,18,9,6,12,17,1,15,14,3,10,19,11,4,2,16,7,13,8],"timedPath": [[4, 0]],"pathLength": 726.154753158931}
{ "path": [5,18,7,16,4,2,11,19,3,10,14,15,1,17,12,6,9,13,8],"timedPath": [[4, 0]],"pathLength": 680.5942272935354}
{ "path": [5,18,13,9,6,12,17,1,15,14,11,10,3,19,2,4,16,7,8],"timedPath": [[4, 0]],"pathLength": 680.4152754614616}
{ "path": [18,5,13,9,6,12,17,1,15,14,3,10,19,11,2,4,16,7,8],"timedPath": [[17, 0]],"pathLength": 654.0607751020009}
{ "path": [5,18,13,9,6,12,17,1,15,14,10,3,19,11,2,4,16,7,8],"timedPath": [[4, 0]],"pathLength": 652.0013930951952}
{ "path": [5,18,13,9,6,12,17,1,15,14,3,10,19,11,2,4,16,7,8],"timedPath": [[4, 0]],"pathLength": 648.3919023152878}
