{ "path": [18,3,2,11,12,5,14,4,16,7,19,6,9,13,1,17,15,10,8],"timedPath": [[17, 0],[2, 32.01415213131328],[1, 38.44549509033262],[10, 245.34208583942447],[11, 251.78949858903448],[4, 275.0729534655676],[13, 311.2391704875829],[3, 5870.4319428619765],[15, 13075.69164643524],[6, 20280.998415519014],[18, 27487.72714867844],[5, 34694.61132901493],[8, 41899.86598932028],[12, 49105.14727082121],[0, 56311.08164242852],[16, 63516.33630273387],[14, 70721.8058731352],[9, 77928.31298983845],[7, 85135.58304042803]],"pathLength": 85135.58304042803}
{ "path": [2,3,19,12,18,5,13,14,10,16,4,7,17,1,6,9,15,11,8],"timedPath": [[1, 0],[2, 7.43134295901934],[18, 214.6477626034049],[11, 221.37862025648712],[17, 244.37881315668807],[4, 249.71836023048712],[12, 268.4787098707478],[13, 280.16233786678697],[9, 7374.217805076407],[15, 14581.087242231557],[3, 21786.34694580482],[6, 28991.913211178893],[16, 36197.72688528227],[0, 43402.981545587616],[5, 50608.50275311093],[8, 57813.75741341628],[14, 65019.67048889622],[10, 72225.55916863323],[7, 79432.09578327909]],"pathLength": 79432.09578327909}
{ "path": [5,3,2,4,12,1,17,11,9,15,10,7,6,13,16,18,14,19,8],"timedPath": [[4, 0],[2, 31.15645488184339],[1, 37.587797840862734],[3, 304.76786986967426],[11, 310.80807054302045],[0, 574.1611423598237],[16, 579.4158026651729],[10, 585.7723983997723],[8, 592.4618370360216],[14, 598.3749125159643],[9, 604.8820292192032],[6, 612.0070148023291],[5, 7817.656273735485],[12, 15023.191666367442],[15, 22228.96790469447],[17, 29448.874325756846],[13, 36677.403415317545],[18, 43883.19098888138],[7, 51090.06408424138]],"pathLength": 51090.06408424138}
{ "path": [18,2,3,4,12,13,1,19,7,17,6,16,15,9,5,14,10,11,8],"timedPath": [[17, 0],[1, 21.083549221348985],[2, 34.51489218036832],[3, 306.00062889246635],[11, 312.04082956581254],[12, 373.7326437091126],[0, 379.6670153164255],[18, 388.0471499158202],[6, 395.7758830752483],[16, 412.5895571786255],[5, 418.9426289954287],[15, 428.8011192321049],[14, 2080.590246647689],[8, 9286.503322127632],[4, 16507.183502469565],[13, 23735.34971949158],[9, 30941.4051867012],[10, 38147.14101349211],[7, 45353.67762813797]],"pathLength": 45353.67762813797}
{ "path": [5,3,2,4,12,13,1,19,7,6,17,16,10,11,15,14,9,18,8],"timedPath": [[4, 0],[2, 31.15645488184339],[1, 37.587797840862734],[3, 304.76786986967426],[11, 310.80807054302045],[12, 368.4998846863205],[0, 375.4342562936334],[18, 384.81439089302813],[6, 392.5431240524562],[5, 403.192382985613],[16, 412.5454548024162],[15, 425.4585302823589],[9, 599.3279674375086],[10, 605.0637942284196],[14, 610.9524739654339],[13, 7816.515165040837],[8, 15022.98681862266],[17, 22243.226797114916],[7, 29461.243879908092]],"pathLength": 29461.243879908092}
{ "path": [3,2,9,13,5,12,14,19,17,7,10,1,6,16,11,4,15,18,8],"timedPath": [[2, 0],[1, 6.43134295901934],[8, 249.64762550756444],[12, 254.92890700849745],[4, 273.68925664875815],[11, 296.97271152529123],[13, 331.0794995753864],[18, 462.8670731392211],[16, 469.48914356586636],[6, 475.30281766924355],[9, 493.42780325236936],[0, 500.16269442945844],[5, 505.68390195277397],[15, 511.54239218945014],[10, 521.6760040520697],[3, 547.6225581331175],[14, 554.4554007295618],[17, 7779.423430733101],[7, 14997.440513526279]],"pathLength": 14997.440513526279}
{ "path": [5,2,3,10,13,12,18,14,19,7,1,17,6,16,11,4,15,9,8],"timedPath": [[4, 0],[1, 20.25022768500341],[2, 32.68157064402275],[9, 249.91342187950687],[12, 257.4447276654569],[11, 263.136541808757],[17, 286.13673470895793],[13, 329.66582426966033],[18, 474.453397833495],[6, 481.1821309929231],[0, 486.93221499541113],[16, 492.18687530076045],[5, 497.53994711756366],[15, 503.39843735423983],[10, 517.5320492168595],[3, 550.4786032979073],[14, 557.3114458943516],[8, 566.2245213742942],[7, 606.7457288976098]],"pathLength": 606.7457288976098}
{ "path": [18,2,3,10,13,12,5,14,19,7,1,17,6,16,11,4,15,9,8],"timedPath": [[17, 0],[1, 21.083549221348985],[2, 34.51489218036832],[9, 250.74674341585245],[12, 259.2780492018025],[11, 264.96986334510257],[4, 288.25331822163565],[13, 333.41953524365096],[18, 446.2071088074856],[6, 452.9358419669137],[0, 458.68592596940175],[16, 463.94058627475107],[5, 469.2936580915543],[15, 475.15214832823045],[10, 541.28576019085],[3, 551.2323142718978],[14, 558.0651568683421],[8, 566.9782323482848],[7, 606.4994398716003]],"pathLength": 606.4994398716003}
{ "path": [5,2,3,10,13,12,18,14,19,7,6,16,17,1,9,15,4,11,8],"timedPath": [[4, 0],[1, 20.25022768500341],[2, 32.68157064402275],[9, 249.91342187950687],[12, 257.4447276654569],[11, 263.136541808757],[17, 286.13673470895793],[13, 329.66582426966033],[18, 474.453397833495],[6, 481.1821309929231],[5, 486.83138992607985],[15, 492.689880162756],[16, 498.6029556426987],[0, 503.857615948048],[8, 563.562227260933],[14, 569.4753027408757],[3, 575.30814533732],[10, 581.2546994183677],[7, 605.7913140642261]],"pathLength": 605.7913140642261}
{ "path": [18,2,3,10,12,13,5,14,19,7,1,17,6,16,11,15,9,4,8],"timedPath": [[17, 0],[1, 21.083549221348985],[2, 34.51489218036832],[9, 250.74674341585245],[11, 257.834681846936],[12, 264.52649599023607],[4, 283.28684563049677],[13, 324.4530626525121],[18, 528.2406362163467],[6, 534.9693693757748],[0, 540.7194533782629],[16, 545.9741136836121],[5, 551.3271855004153],[15, 557.1856757370915],[10, 563.3192875997112],[14, 569.2079673367255],[8, 576.1210428166681],[3, 582.1579130630878],[7, 604.8311459510978]],"pathLength": 604.8311459510978}
