{ "path": [2,18,9,12,3,14,1,19,7,6,17,16,10,11,15,4,13,5,8],"timedPath": [[1, 0],[17, 23.083549221348985],[8, 269.3235277136056],[11, 277.2390036610282],[2, 295.1255276298881],[13, 330.8924110554867],[0, 397.2316005487005],[18, 411.8120348928324],[6, 428.8123242411958],[5, 438.3192633355258],[16, 445.77017019716794],[15, 457.10843582043674],[9, 509.0854454057679],[10, 524.1933097126753],[14, 545.3622282204492],[3, 559.1435439107667],[12, 2701.333911696137],[4, 722720.0942613364],[7, 1442738.1113441295]],"pathLength": 1442738.1113441295}
{ "path": [2,18,7,3,12,14,19,16,10,6,17,1,11,4,15,9,13,5,8],"timedPath": [[1, 0],[17, 23.083549221348985],[6, 258.0875169130823],[2, 276.3587263530693],[11, 294.2452503219292],[13, 330.92820403633993],[18, 469.3952771919588],[15, 484.61100580577346],[9, 508.58801539110465],[5, 529.2013999626118],[16, 536.652306824254],[0, 543.4200737772203],[10, 556.0939833993679],[3, 568.664646311975],[14, 579.4459620022925],[8, 590.7842276255614],[12, 1386.7367900445379],[4, 721405.4971396849],[7, 1441423.514222478]],"pathLength": 1441423.514222478}
{ "path": [18,13,12,3,2,14,1,19,7,17,6,16,10,11,4,9,15,5,8],"timedPath": [[17, 0],[12, 258.2879435747012],[11, 268.09028675277585],[2, 285.97681072163573],[1, 300.91271642882833],[13, 348.5605324665469],[0, 370.89972195976065],[18, 389.48015630389256],[6, 406.480445652256],[16, 420.1287000531995],[5, 427.57960691484163],[15, 440.53895997443533],[9, 539.5159695597665],[10, 549.6238338666739],[3, 563.194496779281],[8, 577.3921044065107],[14, 588.7303700297796],[4, 720613.530762843],[7, 1440631.547845636]],"pathLength": 1440631.547845636}
{ "path": [3,18,15,12,2,13,14,19,7,17,1,16,6,10,11,4,9,5,8],"timedPath": [[2, 0],[17, 33.01415213131328],[14, 263.982182134852],[11, 273.01417226931966],[1, 286.4324889392695],[12, 311.80240862559594],[13, 387.48959296476755],[18, 397.95666612038644],[6, 414.95695546874987],[16, 426.6052098696934],[0, 433.3729768226598],[15, 444.67300302804574],[5, 455.63235608763944],[9, 512.2457406591466],[10, 526.3536049660539],[3, 551.9242678786611],[8, 568.1218755058908],[4, 720588.8020558478],[7, 1440606.819138641]],"pathLength": 1440606.819138641}
{ "path": [2,16,5,18,14,3,12,13,1,19,17,6,7,10,11,9,4,15,8],"timedPath": [[1, 0],[15, 188.01039864469809],[4, 207.51063810632232],[17, 214.86766071027748],[13, 268.3967502709799],[2, 279.1636336965786],[11, 297.05015766543846],[12, 329.8525008435131],[0, 402.33859708427644],[18, 416.91903142840835],[16, 433.1789036400377],[5, 440.6298105016798],[6, 450.1367495960098],[9, 518.8876911855416],[10, 530.995555492449],[8, 561.7230753590799],[3, 573.9206829863097],[14, 584.7019986766271],[7, 611.6821292070845]],"pathLength": 611.6821292070845}
{ "path": [5,18,14,2,3,12,13,7,19,6,1,16,17,10,11,15,4,9,8],"timedPath": [[4, 0],[17, 9.357022603955159],[13, 267.88611216465756],[1, 281.5339282023761],[2, 296.4698339095687],[11, 314.3563578784286],[12, 388.1587010565032],[6, 397.41830225910456],[18, 414.418591607468],[5, 433.49794344326034],[0, 442.11599233427575],[15, 452.4160185396617],[16, 463.7542841629305],[9, 505.4029002913965],[10, 522.5107645983038],[14, 545.6796831060777],[3, 559.4609987963952],[8, 574.6586064236249],[7, 607.2766553146403]],"pathLength": 607.2766553146403}
{ "path": [5,18,13,12,2,3,14,1,7,6,17,16,19,10,11,15,4,9,8],"timedPath": [[4, 0],[17, 9.357022603955159],[12, 257.64496617865643],[11, 267.44730935673107],[1, 280.8656260266809],[2, 295.8015317338735],[13, 332.5684151594721],[0, 391.9076046526859],[6, 402.114437769957],[5, 414.621376864287],[16, 423.07228372592914],[15, 437.41054934919794],[18, 452.62627796301257],[9, 503.3876182173094],[10, 521.4954825242168],[14, 545.6644010319907],[3, 559.4457167223081],[8, 574.6433243495378],[7, 607.2613732405532]],"pathLength": 607.2613732405532}
{ "path": [5,18,14,3,2,12,13,1,7,19,6,17,16,10,11,15,4,9,8],"timedPath": [[4, 0],[17, 9.357022603955159],[13, 267.88611216465756],[2, 278.65299559025624],[1, 293.58890129744884],[11, 307.0072179673987],[12, 358.8095611454733],[0, 374.29565738623666],[6, 390.5024905035078],[18, 407.5027798518712],[5, 427.58213168766355],[16, 435.0330385493057],[15, 447.37130417257447],[9, 522.3483137579057],[10, 534.456178064813],[14, 550.6250965725869],[3, 563.4064122629044],[8, 577.6040198901342],[7, 607.2220687811496]],"pathLength": 607.2220687811496}
{ "path": [5,18,15,12,13,3,2,14,1,7,17,6,19,16,11,10,4,9,8],"timedPath": [[4, 0],[17, 9.357022603955159],[14, 264.32505260749383],[11, 273.3570427419615],[12, 288.15938592003613],[2, 309.1906054619175],[1, 324.12651116911013],[13, 444.7743272068287],[0, 455.11351670004245],[6, 465.32034981731357],[16, 475.9686042182571],[5, 483.4195110798992],[18, 501.4988629156916],[15, 516.7145915295063],[10, 532.5837472091907],[9, 542.6916115160981],[3, 563.3278814415414],[8, 577.5254890687711],[7, 607.1435379597865]],"pathLength": 607.1435379597865}
{ "path": [5,18,14,3,12,2,13,19,1,7,6,17,16,10,11,15,4,9,8],"timedPath": [[4, 0],[17, 9.357022603955159],[13, 267.88611216465756],[2, 278.65299559025624],[11, 296.5395195591161],[1, 309.95783622906595],[12, 373.32775591539246],[18, 396.1912552042918],[0, 410.7716895484237],[6, 420.9785226656948],[5, 430.4854617600248],[16, 437.93636862166693],[15, 450.2746342449357],[9, 517.2516438302669],[10, 530.3595081371742],[14, 547.5284266449481],[3, 561.3097423352656],[8, 575.5073499624953],[7, 607.1253988535107]],"pathLength": 607.1253988535107}
{ "path": [5,18,17,13,12,2,3,14,19,7,6,1,16,10,11,15,4,9,8],"timedPath": [[4, 0],[17, 9.357022603955159],[16, 263.4579969828245],[12, 276.42550157948057],[11, 286.2278447575552],[1, 299.64616142750504],[2, 314.58206713469764],[13, 393.3489505602963],[18, 403.8160237159152],[6, 420.81631306427863],[5, 430.3232521586086],[0, 438.94130104962403],[15, 450.24132725501],[9, 517.2183368403412],[10, 530.3262011472485],[14, 547.4951196550224],[3, 561.2764353453399],[8, 575.4740429725696],[7, 607.092091863585]],"pathLength": 607.092091863585}
{ "path": [5,18,14,3,12,2,13,1,7,19,17,6,16,10,11,4,15,9,8],"timedPath": [[4, 0],[17, 9.357022603955159],[13, 267.88611216465756],[2, 278.65299559025624],[11, 296.5395195591161],[1, 309.95783622906595],[12, 373.32775591539246],[0, 385.8138521561558],[6, 397.0206852734269],[18, 414.02097462179034],[16, 431.2808468334197],[5, 438.7317536950618],[15, 450.6911067546555],[9, 516.6681163399867],[10, 529.775980646894],[3, 552.3466435595012],[14, 564.1279592498187],[8, 577.4662248730875],[7, 607.0842737641029]],"pathLength": 607.0842737641029}
{ "path": [5,18,13,14,2,12,3,1,19,6,17,16,10,11,15,4,9,7,8],"timedPath": [[4, 0],[17, 9.357022603955159],[12, 257.64496617865643],[13, 276.33215051782804],[1, 289.9799665555466],[11, 303.3982832254964],[2, 321.2848071943563],[0, 456.72045656455737],[18, 471.30089090868927],[5, 489.3802427444816],[16, 496.83114960612374],[15, 508.16941522939254],[9, 527.1464248147238],[10, 538.2542891216311],[14, 552.423207629405],[3, 565.2045233197225],[8, 579.4021309469522],[6, 587.9815862127713],[7, 607.0356787661607]],"pathLength": 607.0356787661607}
{ "path": [2,12,13,18,5,14,3,1,19,6,17,16,10,11,15,4,9,7,8],"timedPath": [[1, 0],[11, 133.41831666994986],[12, 249.2206598480245],[17, 267.50860342272574],[4, 274.8656260266809],[13, 311.0318430486962],[2, 321.7987264742949],[0, 453.23437584449596],[18, 467.81481018862786],[5, 485.8941620244202],[16, 493.34506888606234],[15, 504.68333450933113],[9, 523.6603440946624],[10, 534.7682084015697],[14, 549.9371269093436],[3, 562.7184425996611],[8, 576.9160502268908],[6, 585.4955054927099],[7, 606.5495980460993]],"pathLength": 606.5495980460993}
{ "path": [5,18,13,12,2,3,14,1,19,6,17,16,10,11,15,4,9,7,8],