{ "path": [2,16,4,15,7,19,3,11,14,9,13,17,1,12,6,10,5,18,8],"timedPath": [[1, 0]],"pathLength": 48.49713089115796}
{ "path": [5,18,12,6,9,15,1,17,7,4,2,16,13,10,3,19,11,14,8],"timedPath": [[4, 0]],"pathLength": 27.24044188995188}
{ "path": [18,5,2,4,17,1,7,16,15,9,13,14,12,6,19,3,10,11,8],"timedPath": [[17, 0]],"pathLength": 26.619137219042805}
{ "path": [5,18,13,9,12,6,16,4,2,19,11,3,10,14,15,1,17,7,8],"timedPath": [[4, 0]],"pathLength": 20.210092233858482}
{ "path": [5,18,7,13,9,6,17,12,1,15,14,3,10,19,11,2,4,16,8],"timedPath": [[4, 0]],"pathLength": 19.54229504740729}
{ "path": [5,18,13,7,16,4,2,19,3,10,11,14,15,17,1,12,6,9,8],"timedPath": [[4, 0]],"pathLength": 19.52711036340581}
{ "path": [5,18,13,9,6,12,17,1,15,14,19,3,10,11,2,4,16,7,8],"timedPath": [[4, 0]],"pathLength": 18.335251320673706}
{ "path": [5,18,13,9,6,12,17,1,15,14,10,3,19,11,2,4,16,7,8],"timedPath": [[4, 0]],"pathLength": 18.20537646703236}
{ "path": [5,18,13,9,6,12,17,1,15,14,3,10,19,11,2,4,16,7,8],"timedPath": [[4, 0]],"pathLength": 18.16204524518473}
