{ "path": [3,19,14,11,10,13,9,6,12,1,17,15,2,7,16,4,5,18,8],"timedPath": [[2, 0]],"pathLength": 1115.7440831390506}
{ "path": [18,5,12,6,17,13,1,14,15,9,7,16,19,10,3,11,2,4,8],"timedPath": [[17, 0]],"pathLength": 1063.072334736578}
{ "path": [5,18,16,4,2,19,11,3,10,14,15,1,12,17,9,13,6,7,8],"timedPath": [[4, 0]],"pathLength": 819.2831512379091}
{ "path": [18,5,2,4,16,7,1,15,14,10,3,19,11,17,12,6,9,13,8],"timedPath": [[17, 0]],"pathLength": 775.1365564772152}
{ "path": [18,5,16,2,4,11,19,3,10,14,15,1,17,12,6,9,13,7,8],"timedPath": [[17, 0]],"pathLength": 698.7637151266528}
{ "path": [5,18,13,9,6,12,17,1,15,14,3,10,19,11,2,4,16,7,8],"timedPath": [[4, 0]],"pathLength": 648.3919023152878}
