{ "path": [18,5,4,2,17,12,6,13,19,11,14,10,3,16,7,9,1,15,8],"timedPath": [[17, 0]],"pathLength": 1140.476000091884}
{ "path": [5,18,17,6,15,7,9,12,1,13,16,4,2,14,3,10,19,11,8],"timedPath": [[4, 0]],"pathLength": 1088.749137752663}
{ "path": [18,5,17,1,12,6,9,13,7,16,14,19,3,10,15,4,2,11,8],"timedPath": [[17, 0]],"pathLength": 1054.902718428742}
{ "path": [18,5,6,12,17,1,15,2,7,14,3,10,19,11,4,16,9,13,8],"timedPath": [[17, 0]],"pathLength": 935.530122318492}
{ "path": [18,5,2,4,16,7,6,9,17,12,1,15,14,10,3,19,11,13,8],"timedPath": [[17, 0]],"pathLength": 844.7435260680712}
{ "path": [18,5,16,4,2,7,13,9,6,12,17,1,15,14,3,10,19,11,8],"timedPath": [[17, 0]],"pathLength": 778.5660084032281}
