{ "path": [3,10,11,19,14,15,13,9,12,7,6,17,1,4,16,2,18,5,8],"timedPath": [[2, 0]],"pathLength": 1044.2597538085565}
{ "path": [18,5,2,16,7,4,15,1,12,6,3,10,11,19,14,17,13,9,8],"timedPath": [[17, 0]],"pathLength": 1014.0631269287221}
{ "path": [2,4,15,1,17,12,6,9,13,10,3,19,11,14,16,7,5,18,8],"timedPath": [[1, 0]],"pathLength": 1012.6295005005478}
{ "path": [18,5,2,7,16,4,19,3,10,11,14,1,12,6,9,17,15,13,8],"timedPath": [[17, 0]],"pathLength": 925.9292473582352}
{ "path": [3,19,10,11,2,4,16,7,17,1,15,14,12,6,9,13,5,18,8],"timedPath": [[2, 0]],"pathLength": 905.9193976569736}
{ "path": [18,5,3,10,11,19,14,15,1,17,12,6,9,13,16,2,4,7,8],"timedPath": [[17, 0]],"pathLength": 841.4567637000346}
{ "path": [5,18,13,9,12,6,17,1,15,7,16,2,4,11,19,3,10,14,8],"timedPath": [[4, 0]],"pathLength": 839.9875089627166}
{ "path": [5,18,2,4,16,13,9,6,12,17,1,15,14,11,19,3,10,7,8],"timedPath": [[4, 0]],"pathLength": 795.3541917117625}
{ "path": [18,5,2,4,11,19,10,3,14,17,1,15,12,6,9,13,7,16,8],"timedPath": [[17, 0]],"pathLength": 783.2051530919398}
{ "path": [5,18,13,9,6,12,17,1,14,15,11,19,3,10,2,4,16,7,8],"timedPath": [[4, 0]],"pathLength": 742.3281613605707}
{ "path": [5,18,13,9,6,1,12,17,15,14,10,19,3,11,2,4,16,7,8],"timedPath": [[4, 0]],"pathLength": 739.0449229664251}
{ "path": [18,5,13,9,6,12,17,1,15,14,11,19,3,10,2,4,16,7,8],"timedPath": [[17, 0]],"pathLength": 685.1672758765919}
{ "path": [5,18,13,9,6,12,17,1,15,14,11,19,10,3,2,4,16,7,8],"timedPath": [[4, 0]],"pathLength": 680.0280320752139}
{ "path": [5,18,13,9,6,12,17,1,15,14,19,3,10,11,2,4,16,7,8],"timedPath": [[4, 0]],"pathLength": 662.8199684035195}
{ "path": [5,18,13,9,6,12,17,1,15,14,3,10,19,11,2,4,16,7,8],"timedPath": [[4, 0]],"pathLength": 648.3919023152878}
