{ "path": [5,18,7,6,12,13,9,17,1,4,16,10,3,19,11,2,15,14,8],"timedPath": [[4, 0]],"pathLength": 1062.5347420725986}
{ "path": [2,4,16,7,13,9,6,12,17,15,1,3,10,19,11,14,5,18,8],"timedPath": [[1, 0]],"pathLength": 958.265179122347}
{ "path": [18,5,13,6,12,17,15,1,7,2,4,16,14,11,10,3,19,9,8],"timedPath": [[17, 0]],"pathLength": 955.4563024697657}
{ "path": [18,5,7,6,9,13,1,17,12,2,4,16,15,14,19,10,3,11,8],"timedPath": [[17, 0]],"pathLength": 948.7043725410567}
{ "path": [18,5,13,9,6,12,17,1,15,14,2,4,16,10,3,19,11,7,8],"timedPath": [[17, 0]],"pathLength": 845.0768257478348}
{ "path": [5,18,7,16,4,2,9,6,12,17,1,15,14,19,10,3,11,13,8],"timedPath": [[4, 0]],"pathLength": 844.4312491284778}
{ "path": [18,5,7,13,9,6,12,17,1,15,10,3,19,11,14,4,2,16,8],"timedPath": [[17, 0]],"pathLength": 781.9296221835617}
