{ "path": [3,10,19,11,7,16,9,13,6,12,17,14,1,15,2,4,5,18,8],"timedPath": [[2, 0]],"pathLength": 1008.8288281672429}
{ "path": [5,18,13,9,4,2,16,1,17,12,6,7,11,3,10,19,14,15,8],"timedPath": [[4, 0]],"pathLength": 926.8570867711168}
{ "path": [18,5,2,4,16,17,12,6,9,13,15,1,14,11,19,3,10,7,8],"timedPath": [[17, 0]],"pathLength": 886.1294204643539}
{ "path": [3,10,19,11,14,15,1,17,12,6,13,9,7,16,4,2,5,18,8],"timedPath": [[2, 0]],"pathLength": 794.2389217861763}
{ "path": [5,18,7,4,2,11,3,10,19,14,15,1,17,12,6,13,9,16,8],"timedPath": [[4, 0]],"pathLength": 781.642881842079}
{ "path": [5,18,13,7,16,4,2,10,3,19,11,14,15,1,17,12,6,9,8],"timedPath": [[4, 0]],"pathLength": 725.9503445448861}
{ "path": [5,18,13,9,6,12,17,1,15,14,10,19,3,11,4,2,16,7,8],"timedPath": [[4, 0]],"pathLength": 701.2395890762314}
{ "path": [5,18,13,9,6,12,17,1,15,14,10,3,19,11,2,4,16,7,8],"timedPath": [[4, 0]],"pathLength": 652.0013930951952}
{ "path": [5,18,13,9,6,12,17,1,15,14,3,10,19,11,2,4,16,7,8],"timedPath": [[4, 0]],"pathLength": 648.3919023152878}
