{ "path": [5,18,1,17,12,6,9,13,15,16,4,2,7,10,3,19,11,14,8],"timedPath": [[4, 0]],"pathLength": 1037.6393079810282}
{ "path": [18,5,15,1,14,3,19,10,11,4,2,16,7,9,6,12,17,13,8],"timedPath": [[17, 0]],"pathLength": 884.1615972939526}
{ "path": [5,18,13,9,6,12,17,1,7,4,2,16,15,14,10,3,19,11,8],"timedPath": [[4, 0]],"pathLength": 838.0164352851071}
{ "path": [5,18,13,9,6,1,12,17,14,10,3,19,11,15,4,2,16,7,8],"timedPath": [[4, 0]],"pathLength": 785.5872396738988}
{ "path": [3,10,19,11,14,15,1,17,12,6,9,13,7,16,4,2,18,5,8],"timedPath": [[2, 0]],"pathLength": 777.015528657351}
{ "path": [5,18,6,9,12,17,1,15,14,10,3,19,11,2,4,16,7,13,8],"timedPath": [[4, 0]],"pathLength": 751.8927706583977}
{ "path": [18,5,13,9,6,12,17,1,15,11,19,10,3,14,16,4,2,7,8],"timedPath": [[17, 0]],"pathLength": 746.3953112601449}
{ "path": [5,18,13,9,6,12,17,1,15,14,11,19,3,10,4,2,16,7,8],"timedPath": [[4, 0]],"pathLength": 699.8155521035743}
{ "path": [5,18,13,9,6,12,17,1,15,14,10,3,19,11,4,2,16,7,8],"timedPath": [[4, 0]],"pathLength": 670.6548147307226}
{ "path": [5,18,13,9,6,12,17,1,15,14,3,10,19,11,2,4,16,7,8],"timedPath": [[4, 0]],"pathLength": 648.3919023152878}
