{ "path": [18,5,17,1,12,14,19,3,11,2,4,16,7,9,13,6,10,15,8],"timedPath": [[17, 0]],"pathLength": 1175.99377460145}
{ "path": [3,19,10,14,12,6,9,15,1,17,4,16,7,2,11,13,5,18,8],"timedPath": [[2, 0]],"pathLength": 1157.2750037305877}
{ "path": [2,4,19,3,10,11,14,15,16,9,6,12,17,7,1,13,5,18,8],"timedPath": [[1, 0]],"pathLength": 1063.4096270319444}
{ "path": [3,10,19,11,15,1,6,9,12,17,14,2,16,4,7,13,18,5,8],"timedPath": [[2, 0]],"pathLength": 959.2113438616583}
{ "path": [5,18,15,1,4,2,11,19,3,10,14,12,17,6,9,13,7,16,8],"timedPath": [[4, 0]],"pathLength": 883.3901355243686}
{ "path": [2,4,16,7,13,9,6,12,17,1,15,14,10,3,19,11,18,5,8],"timedPath": [[1, 0]],"pathLength": 867.9334767218364}
{ "path": [5,18,9,6,12,17,16,4,2,11,3,10,19,14,15,1,13,7,8],"timedPath": [[4, 0]],"pathLength": 807.7902369538941}
{ "path": [5,18,16,2,4,11,19,3,10,14,15,1,17,6,12,9,13,7,8],"timedPath": [[4, 0]],"pathLength": 732.5034635455955}
{ "path": [5,18,13,9,6,12,17,1,15,14,19,3,10,11,2,4,16,7,8],"timedPath": [[4, 0]],"pathLength": 662.8199684035195}
{ "path": [5,18,13,9,6,12,17,1,15,14,3,10,19,11,2,4,16,7,8],"timedPath": [[4, 0]],"pathLength": 648.3919023152878}
