{ "path": [18,13,3,12,2,1,16,4,6,7,10,15,11,5,19,9,14,17,8],"timedPath": [[17, 0],[12, 258.2879435747012],[2, 280.3191631165826],[11, 298.2056870854425],[1, 311.6240037553923],[0, 567.7469323041784],[15, 578.0469585095643],[3, 584.8497341472963],[5, 597.345103087886],[6, 606.8520421822159],[9, 626.6029837717476],[14, 642.0648855533975],[10, 653.2338040611714],[4, 720679.7047146148],[18, 1440708.3727016672],[8, 2160727.278136256],[13, 2880742.4938648697],[16, 3600754.1527144536],[7, 4320765.530845493]],"pathLength": 4320765.530845493}
{ "path": [18,7,2,3,12,14,1,19,6,17,16,10,4,11,9,15,13,5,8],"timedPath": [[17, 0],[6, 259.00396769173335],[1, 269.12066150273625],[2, 284.05656720992886],[11, 301.94309117878873],[13, 350.6260448931995],[0, 370.9652343864133],[18, 389.5456687305452],[5, 413.6250205663375],[16, 422.07592742797965],[15, 436.41419305124845],[9, 553.3912026365797],[3, 571.027472562023],[10, 582.5981354746302],[8, 599.3256553412612],[14, 610.66392096453],[12, 720623.4465583353],[4, 1440642.2069079755],[7, 2160660.2239907687]],"pathLength": 2160660.2239907687}
{ "path": [18,12,5,14,3,2,13,1,7,16,17,6,19,10,11,15,4,9,8],"timedPath": [[17, 0],[11, 143.00019290020094],[4, 184.28364777673406],[13, 267.44986479874933],[2, 278.216748224348],[1, 293.1526539315406],[12, 324.52257361786707],[0, 430.0086698586304],[6, 440.21550297590153],[15, 447.34499169909833],[16, 458.6832573223671],[5, 466.13416418400925],[18, 484.2135160198016],[9, 497.97485627409844],[10, 521.0827205810058],[14, 545.2516390887797],[3, 559.0329547790972],[8, 574.230562406327],[7, 607.8486112973424]],"pathLength": 607.8486112973424}
{ "path": [3,12,18,5,17,2,14,13,1,6,7,19,16,10,11,4,15,9,8],"timedPath": [[2, 0],[11, 137.88652396885988],[17, 160.88671686906082],[4, 171.24373947301598],[16, 265.5616212294497],[1, 279.1315946509047],[13, 302.7794106886232],[12, 352.4665950277948],[0, 371.95269126855817],[5, 399.5707401595736],[6, 409.07767925390357],[18, 426.077968602267],[15, 443.2936972160816],[9, 531.2707068014129],[10, 541.3785711083202],[3, 556.9492340209274],[14, 567.7305497112449],[8, 580.0688153345137],[7, 607.6868642255291]],"pathLength": 607.6868642255291}
{ "path": [2,16,12,5,18,3,14,13,1,6,7,19,17,10,11,15,4,9,8],"timedPath": [[1, 0],[15, 188.01039864469809],[11, 198.90295515458598],[4, 222.1864100311191],[17, 229.54343263507425],[2, 275.55758476638755],[13, 294.3244681919862],[12, 331.01165253115784],[0, 398.4977487719212],[5, 410.1157976629366],[6, 419.6227367572666],[18, 436.62302610563],[16, 452.88289831725933],[9, 513.5315144457253],[10, 527.6393787526326],[14, 546.8082972604066],[3, 560.589612950724],[8, 574.7872205779538],[7, 607.4052694689692]],"pathLength": 607.4052694689692}
{ "path": [5,1,12,13,18,2,3,14,19,17,6,16,7,10,11,15,4,9,8],"timedPath": [[4, 0],[0, 204.12822231387142],[11, 211.57912917551354],[12, 249.38147235358818],[17, 267.6694159282894],[1, 288.7529651496384],[2, 303.688870856831],[13, 353.45575428242967],[18, 385.92282743804856],[16, 438.1826996496779],[5, 445.63360651132],[15, 456.5929595709137],[6, 463.7224482941105],[9, 506.47338988364226],[10, 523.5812541905495],[14, 545.7501726983235],[3, 559.5314883886409],[8, 574.7290960158707],[7, 607.3471449068861]],"pathLength": 607.3471449068861}
{ "path": [3,19,5,18,13,2,14,12,1,7,16,6,17,10,11,15,4,9,8],"timedPath": [[2, 0],[18, 216.50231303144332],[4, 245.1703000838124],[17, 252.52732268776757],[12, 271.8152662624688],[1, 285.18518594879527],[13, 312.8330019865138],[11, 325.51595570092456],[0, 419.9668625625667],[6, 430.1736956798378],[15, 439.3031844030346],[5, 450.2625374626283],[16, 457.7134443242704],[9, 508.36206045273644],[10, 524.4699247596437],[14, 545.6388432674177],[3, 559.4201589577351],[8, 574.6177665849648],[7, 607.2358154759802]],"pathLength": 607.2358154759802}
{ "path": [18,16,2,12,13,5,3,14,1,6,17,19,7,10,11,15,4,9,8],"timedPath": [[17, 0],[15, 199.9064210623774],[1, 207.9168197070755],[11, 221.33513637702535],[12, 249.1374795551],[4, 267.89782919536066],[2, 298.05428407720404],[13, 337.8211675028027],[0, 379.1603569960165],[5, 399.7784058870319],[16, 414.22931274867403],[18, 430.48918496030336],[6, 447.4894743086668],[9, 523.2404158981985],[10, 534.3482802051059],[14, 550.5171987128798],[3, 563.2985144031973],[8, 577.4961220304269],[7, 607.1141709214423]],"pathLength": 607.1141709214423}
{ "path": [18,12,17,13,5,2,3,14,1,7,6,19,16,10,11,15,4,9,8],"timedPath": [[17, 0],[11, 143.00019290020094],[16, 245.193344655474],[12, 256.16084925213005],[4, 274.92119889239075],[1, 295.1714265773942],[2, 310.1073322845868],[13, 375.87421571018547],[0, 386.21340520339925],[6, 397.42023832067036],[5, 410.92717741500036],[18, 429.0065292507927],[15, 446.22225786460734],[9, 524.1992674499386],[10, 535.3071317568459],[14, 550.4760502646199],[3, 563.2573659549373],[8, 577.454973582167],[7, 607.0730224731824]],"pathLength": 607.0730224731824}
{ "path": [18,12,5,14,3,2,13,1,17,6,16,19,10,11,15,4,9,7,8],"timedPath": [[17, 0],[11, 143.00019290020094],[4, 184.28364777673406],[13, 267.44986479874933],[2, 278.216748224348],[1, 293.1526539315406],[12, 324.52257361786707],[0, 430.0086698586304],[16, 436.7764368115968],[5, 444.2273436732389],[15, 455.1866967328326],[18, 470.40242534664725],[9, 494.1637656009441],[10, 521.2716299078514],[14, 545.4405484156254],[3, 559.2218641059428],[8, 574.4194717331725],[6, 582.9989269989916],[7, 606.053019552381]],"pathLength": 606.053019552381}
{ "path": [5,12,18,14,3,2,13,1,6,17,16,19,10,11,15,4,9,7,8],"timedPath": [[4, 0],[11, 143.2834548765331],[17, 166.28364777673406],[13, 267.8127373374365],[2, 278.57962076303517],[1, 293.51552647022777],[12, 325.8854461565543],[0, 421.3715423973176],[5, 429.98959128833303],[16, 437.44049814997516],[15, 449.77876377324395],[18, 464.9944923870586],[9, 493.7558326413554],[10, 520.8636969482627],[14, 545.0326154560366],[3, 558.8139311463541],[8, 574.0115387735839],[6, 582.590994039403],[7, 605.6450865927924]],"pathLength": 605.6450865927924}
{ "path": [5,12,18,14,3,2,13,1,17,6,16,19,10,11,15,4,9,7,8],"timedPath": [[4, 0],[11, 143.2834548765331],[17, 166.28364777673406],[13, 267.8127373374365],[2, 278.57962076303517],[1, 293.51552647022777],[12, 325.8854461565543],[0, 421.3715423973176],[16, 428.139309350284],[5, 435.59021621192613],[15, 447.54956927151983],[18, 462.76529788533446],[9, 494.5266381396313],[10, 520.6345024465386],[14, 544.8034209543125],[3, 558.58473664463],[8, 573.7823442718598],[6, 582.3617995376788],[7, 605.4158920910683]],"pathLength": 605.4158920910683}
