{ "path": [2,4,16,6,9,13,7,15,1,12,17,14,19,11,3,10,18,5,8],"timedPath": [[1, 0]],"pathLength": 1075.2887720578947}
{ "path": [18,5,1,17,6,12,9,7,13,16,3,10,19,11,15,14,2,4,8],"timedPath": [[17, 0]],"pathLength": 1020.5771323911371}
{ "path": [18,5,7,6,9,13,12,17,1,15,11,14,3,19,10,2,4,16,8],"timedPath": [[17, 0]],"pathLength": 862.5383090608028}
{ "path": [18,5,16,4,12,6,9,17,1,15,14,10,3,19,11,2,7,13,8],"timedPath": [[17, 0]],"pathLength": 844.6555990248381}
{ "path": [18,5,9,12,6,17,1,15,14,19,10,3,11,2,4,16,13,7,8],"timedPath": [[17, 0]],"pathLength": 773.91974206844}
{ "path": [18,5,13,9,6,12,17,1,15,14,3,10,19,11,4,16,2,7,8],"timedPath": [[17, 0]],"pathLength": 715.1939654439859}
{ "path": [5,18,13,9,6,12,17,1,15,14,11,19,3,10,2,4,16,7,8],"timedPath": [[4, 0]],"pathLength": 679.4984030898788}
{ "path": [18,5,13,9,6,12,17,1,15,14,10,3,19,11,2,4,16,7,8],"timedPath": [[17, 0]],"pathLength": 657.6702658819082}
{ "path": [5,18,13,9,6,12,17,1,15,14,10,3,19,11,2,4,16,7,8],"timedPath": [[4, 0]],"pathLength": 652.0013930951952}
{ "path": [5,18,13,9,6,12,17,1,15,14,3,10,19,11,2,4,16,7,8],"timedPath": [[4, 0]],"pathLength": 648.3919023152878}
