{ "path": [18,5,7,9,12,6,13,1,15,11,19,3,10,2,16,4,14,17,8],"timedPath": [[17, 0]],"pathLength": 1016.9159259278771}
{ "path": [5,18,7,15,1,17,12,6,16,4,2,14,19,3,10,11,9,13,8],"timedPath": [[4, 0]],"pathLength": 910.7138812347094}
{ "path": [5,18,6,12,17,9,13,7,16,4,2,11,3,10,19,14,15,1,8],"timedPath": [[4, 0]],"pathLength": 812.8968839944941}
{ "path": [18,5,2,4,13,9,6,12,17,1,15,14,11,19,3,10,16,7,8],"timedPath": [[17, 0]],"pathLength": 789.6114670339192}
{ "path": [5,18,9,6,12,17,1,15,11,19,3,10,14,2,4,16,7,13,8],"timedPath": [[4, 0]],"pathLength": 767.3534608688374}
{ "path": [18,5,2,4,16,19,3,10,11,14,15,1,17,12,6,9,13,7,8],"timedPath": [[17, 0]],"pathLength": 738.5204553591474}
{ "path": [5,18,7,16,4,2,11,19,3,10,14,15,1,17,12,6,9,13,8],"timedPath": [[4, 0]],"pathLength": 680.5942272935354}
{ "path": [18,5,13,9,6,12,17,1,15,14,3,10,19,11,2,4,16,7,8],"timedPath": [[17, 0]],"pathLength": 654.0607751020009}
{ "path": [5,18,13,9,6,12,17,1,15,14,10,3,19,11,2,4,16,7,8],"timedPath": [[4, 0]],"pathLength": 652.0013930951952}
{ "path": [5,18,13,9,6,12,17,1,15,14,3,10,19,11,2,4,16,7,8],"timedPath": [[4, 0]],"pathLength": 648.3919023152878}
