{ "path": [5,2,3,10,18,12,17,13,9,15,1,6,16,7,11,14,19,4,8],"timedPath": [[4, 0],[1, 20.25022768500341],[2, 32.68157064402275],[9, 249.91342187950687],[17, 282.13639522515336],[11, 305.1365881253543],[16, 5592.3084707311555],[12, 12798.168135258886],[8, 20003.449416759817],[14, 27209.362492239758],[0, 34414.59026734133],[5, 41620.11147486464],[15, 48825.96996510132],[6, 56031.2767341851],[10, 63237.670118879316],[13, 70443.34591565939],[18, 77649.13348922323],[3, 84855.4148014983],[7, 92061.08803438631]],"pathLength": 92061.08803438631}
{ "path": [5,3,2,16,12,18,14,13,9,6,17,1,15,7,4,19,10,11,8],"timedPath": [[4, 0],[2, 31.15645488184339],[1, 37.587797840862734],[15, 200.02146871404852],[11, 205.8703363985462],[17, 228.87052929874713],[13, 268.39961885944956],[12, 278.0832468554887],[8, 9279.364528356422],[5, 16484.61918866177],[16, 23689.972260478575],[0, 30895.226920783924],[14, 38100.4546958855],[6, 45306.31436041323],[3, 52511.8806257873],[18, 59718.16193806237],[9, 66923.55973017582],[10, 74129.29555696674],[7, 81335.8321716126]],"pathLength": 81335.8321716126}
