{ "path": [3,1,12,14,13,2,15,11,10,17,18,19,9,4,6,5,16,7,8],"timedPath": [[2, 0],[0, 195.43564937020105],[11, 202.88655623184317],[13, 252.5695099462539],[12, 270.2566942854255],[1, 283.62661397175196],[14, 2692.2525310990463],[10, 722703.4214496068],[9, 1442713.5293139135],[16, 2162732.177930042],[17, 2882766.6540267607],[18, 3602805.443612599],[8, 4322824.349047188],[3, 5042836.546654815],[5, 5762849.042023756],[4, 6482881.711325839],[15, 7202911.882545074],[6, 7922919.012033798],[7, 8642925.06612635]],"pathLength": 8642925.06612635}
{ "path": [3,15,14,12,13,2,19,18,1,10,4,6,9,11,5,16,7,17,8],"timedPath": [[2, 0],[14, 253.854534306093],[13, 264.76054818784564],[11, 277.4435019022564],[12, 293.24584508033104],[1, 306.6157647666575],[18, 895.0817916453716],[17, 720933.8713774835],[0, 1440968.2767105221],[9, 2160985.3197467765],[3, 2881001.9560167016],[5, 3601014.4513856424],[8, 4321021.219152596],[10, 5041037.946672463],[4, 5761074.960558339],[15, 6481105.131777574],[6, 7201112.261266298],[16, 7921122.909520699],[7, 8641134.287651738]],"pathLength": 8641134.287651738}
{ "path": [3,11,14,13,12,2,1,5,9,16,18,15,19,10,7,6,17,4,8],"timedPath": [[2, 0],[10, 248.74351290753603],[13, 259.43466888921523],[12, 277.12185322838684],[11, 286.9241964064615],[1, 300.3425130764113],[0, 828.4654416251974],[4, 720863.163926435],[8, 1440894.0757695017],[15, 2160904.5428426573],[17, 2880934.392669395],[14, 3600969.524440188],[18, 4320982.537017107],[9, 5040990.298357361],[6, 5761010.0492989505],[5, 6481019.556238045],[16, 7201027.007144907],[3, 7921039.446249542],[7, 8641049.11960784]],"pathLength": 8641049.11960784}
{ "path": [3,17,12,13,2,14,19,11,10,15,7,16,4,9,1,5,18,6,8],"timedPath": [[2, 0],[16, 257.03928753890546],[11, 263.2324392941785],[12, 275.03478247225314],[1, 288.4047021585796],[13, 319.05251819629814],[18, 608.519591351917],[10, 615.8662793253052],[9, 625.9741436322125],[14, 641.4360454138624],[6, 652.4035500105184],[15, 720659.5330387338],[3, 1440666.3358143715],[8, 2160678.533421999],[0, 2880688.4245988624],[4, 3600723.1230836725],[17, 4320728.539750339],[5, 5040760.948690487],[7, 5760770.839867351]],"pathLength": 5760770.839867351}
{ "path": [18,11,3,14,12,2,1,19,16,7,17,6,10,15,9,4,13,5,8],"timedPath": [[17, 0],[10, 276.6588806217501],[2, 285.40239352928614],[13, 311.1692769548848],[11, 323.8522306692956],[1, 337.2705473392454],[0, 382.39347588803145],[18, 397.97391023216335],[15, 434.189638845978],[6, 441.3191275691748],[16, 451.9673819701183],[5, 459.41828883176044],[9, 509.0316734032676],[14, 554.4935751849174],[8, 569.8318408081863],[3, 582.029448435416],[12, 1667.2198162207862],[4, 721696.179562556],[7, 1441724.7497885954]],"pathLength": 1441724.7497885954}
{ "path": [18,14,3,2,12,13,6,17,1,16,7,19,10,11,15,9,4,5,8],"timedPath": [[17, 0],[13, 278.5147148445442],[2, 289.28159827014287],[1, 304.21750397733547],[11, 317.6358206472853],[12, 403.43816382535994],[5, 414.15468101218954],[16, 422.60558787383167],[0, 429.37335482679805],[15, 441.673381032184],[6, 448.8028697553808],[18, 465.80315910374424],[9, 493.5644993580411],[10, 521.6723636649484],[14, 544.8412821727223],[8, 563.1795477959912],[3, 575.377155423221],[4, 720606.1357839667],[7, 1440634.7060100064]],"pathLength": 1440634.7060100064}
{ "path": [5,17,12,13,2,14,1,19,3,6,7,16,10,11,15,4,9,18,8],"timedPath": [[4, 0],[16, 274.75105040162447],[11, 280.9442021568975],[12, 298.74654533497215],[1, 312.1164650212986],[13, 385.76428105901715],[0, 396.10347055223093],[18, 410.68390489636283],[2, 417.1862179278062],[5, 437.19737419700823],[6, 446.7043132913382],[15, 453.833802014535],[9, 511.8108115998662],[10, 525.9186759067735],[14, 546.0875944145474],[3, 559.8689101048649],[8, 575.0665177320946],[17, 720605.7204647969],[7, 1440633.9979276694]],"pathLength": 1440633.9979276694}
{ "path": [2,12,5,18,14,3,13,1,17,7,6,16,10,19,11,15,4,9,8],"timedPath": [[1, 0],[11, 133.41831666994986],[4, 205.08025911013428],[17, 210.49692577680094],[13, 278.0116406213451],[2, 288.7785240469438],[12, 323.8097435888252],[0, 434.29583982958854],[16, 441.0636067825549],[6, 451.71186118349846],[5, 461.21880027782845],[15, 472.17815333742215],[9, 504.15516292275333],[18, 511.9165031770502],[10, 523.2631911504383],[14, 545.4321096582122],[3, 559.2134253485297],[8, 574.4110329757593],[7, 608.0290818667747]],"pathLength": 608.0290818667747}
{ "path": [5,16,18,12,14,3,2,13,6,17,7,1,10,19,11,15,4,9,8],"timedPath": [[4, 0],[15, 210.17121923502668],[17, 240.02104597262968],[11, 273.4133864890436],[13, 293.09634020345436],[2, 303.86322362905304],[1, 318.79912933624564],[12, 413.16904902257215],[5, 422.88556620940176],[16, 430.3364730710439],[6, 440.9847274719874],[0, 451.19156058925853],[9, 514.2345968435518],[18, 521.9959370978486],[10, 531.3426250712367],[14, 548.5115435790107],[3, 561.2928592693281],[8, 575.4904668965578],[7, 607.1085157875732]],"pathLength": 607.1085157875732}
