{ "path": [3,19,10,11,14,16,4,2,7,9,13,15,1,17,12,6,5,18,8],"timedPath": [[2, 0],[18, 215.21641964438558],[9, 300.6142117578497],[10, 375.3500385487607],[13, 388.02583532883455],[15, 394.27456556882936],[3, 449.53426914209206],[1, 454.7143411709036],[6, 460.45143991918735],[8, 468.96708773659225],[12, 532.2483692375253],[14, 538.3695174782081],[0, 543.5972925797809],[16, 548.8519528851301],[11, 598.0238354909318],[5, 603.2074736486842],[4, 7824.707260490729],[17, 15029.734102156643],[7, 22247.082322988113]],"pathLength": 22247.082322988113}
{ "path": [3,10,9,13,7,4,16,2,6,12,14,1,17,15,11,19,5,18,8],"timedPath": [[2, 0],[9, 245.23185123548413],[8, 331.6145549336317],[12, 337.8958364345647],[6, 345.3654068358999],[3, 424.93167220997293],[15, 430.1913757832356],[1, 435.62504665642143],[5, 441.88326215135396],[11, 449.0669003091064],[13, 497.1736883592016],[0, 502.94283930660333],[16, 508.19749961195265],[14, 513.6670700132878],[10, 519.5557497503021],[18, 524.8938080417865],[4, 7752.3456534669585],[17, 14957.372495132871],[7, 22174.720715964344]],"pathLength": 22174.720715964344}
{ "path": [5,18,16,7,4,2,3,19,14,11,10,13,9,6,17,12,1,15,8],"timedPath": [[4, 0],[17, 5.026841665912969],[15, 198.16732014405756],[6, 252.4740892278314],[3, 316.0403546019044],[1, 321.22042663071596],[2, 327.6517695897353],[18, 333.8681892341209],[13, 340.65576279795556],[10, 414.3315595780294],[9, 422.0673863689404],[12, 463.59869215489044],[8, 470.87997365582345],[5, 476.13463396117277],[16, 481.487705777976],[11, 500.6595883837776],[0, 506.0126602005808],[14, 511.24043530215357],[7, 519.2459763149445]],"pathLength": 519.2459763149445}
{ "path": [18,5,6,15,17,12,11,19,10,3,1,14,16,7,9,13,4,2,8],"timedPath": [[17, 0],[4, 65.02684166591297],[5, 186.5266285079582],[14, 245.27295652920043],[16, 269.7425269305356],[11, 274.9144095363372],[10, 330.3618222859472],[18, 336.69988057743166],[9, 375.09767269089576],[2, 380.3295239263799],[0, 386.83285876962617],[13, 403.6020097170279],[15, 409.8507399570227],[6, 415.1575090407966],[8, 433.6731568582015],[12, 480.9544383591345],[3, 488.99026565114457],[1, 494.1703376799561],[7, 504.00292067560554]],"pathLength": 504.00292067560554}
{ "path": [18,5,12,14,19,10,3,1,17,13,9,2,4,16,7,6,15,11,8],"timedPath": [[17, 0],[4, 65.02684166591297],[11, 141.37083048159656],[13, 245.47761853169175],[18, 299.2651920955264],[9, 364.66298420899057],[2, 369.89483544447467],[0, 376.3981702877209],[16, 381.65283059307023],[12, 399.5124951207998],[8, 424.79377662173283],[1, 431.01005917027794],[3, 456.1901311990895],[15, 461.4498347723522],[6, 466.75660385612605],[5, 472.4058627892828],[14, 480.15219081052504],[10, 486.04087054753927],[7, 498.5774851933976]],"pathLength": 498.5774851933976}
{ "path": [5,18,9,7,13,6,17,12,3,19,14,11,1,15,16,4,2,10,8],"timedPath": [[4, 0],[17, 5.026841665912969],[8, 258.483738259358],[6, 322.9993860767629],[12, 329.46895647809805],[5, 336.0043491100543],[16, 359.3574209268575],[11, 364.5293035326591],[2, 371.3857055449799],[18, 376.6021251893655],[13, 390.38969875320015],[10, 423.065495533274],[0, 429.1709807129351],[14, 450.39875581450787],[15, 456.18788323009227],[3, 468.44758680335497],[1, 473.6276588321665],[9, 480.2340161692039],[7, 494.50406675878173]],"pathLength": 494.50406675878173}
{ "path": [5,18,2,9,12,17,1,15,7,6,13,3,19,11,10,14,4,16,8],"timedPath": [[4, 0],[17, 5.026841665912969],[1, 84.28396345691596],[8, 246.50024600546107],[11, 251.92024254050395],[16, 283.0921251463056],[0, 301.3467854516549],[14, 342.5745605532277],[6, 349.4342250809573],[5, 355.08348401411405],[12, 364.6188766460703],[2, 371.92829602785395],[18, 377.14471567223956],[10, 421.48277396372407],[9, 429.2186007546351],[13, 466.2740679642549],[3, 477.4668403386486],[15, 482.7265439119113],[7, 494.1487649298001]],"pathLength": 494.1487649298001}
{ "path": [5,18,13,2,11,3,19,14,1,12,4,10,17,6,15,7,9,16,8],"timedPath": [[4, 0],[17, 5.026841665912969],[12, 256.6320055312422],[1, 262.83775626636725],[10, 307.7343470154591],[2, 313.2736285867728],[18, 321.4900482311584],[13, 327.2776217949931],[0, 333.0467727423948],[11, 338.399844559198],[3, 417.4400452325442],[9, 426.1163386191627],[16, 433.0825258165408],[5, 438.435597633344],[14, 455.1819256545862],[6, 461.04159018231576],[8, 469.55723799972066],[15, 475.3448115635553],[7, 488.76703258144414]],"pathLength": 488.76703258144414}
{ "path": [5,18,3,11,14,2,4,7,13,9,6,12,17,1,15,19,10,16,8],"timedPath": [[4, 0],[17, 5.026841665912969],[2, 73.70429823316667],[10, 245.2435798044804],[13, 250.91937658455421],[1, 257.16516040751486],[3, 317.3452324363264],[6, 332.9114978103994],[12, 339.38106821173454],[8, 406.66234971266755],[5, 411.91701001801687],[11, 417.1006481757693],[16, 422.27253078157094],[0, 427.52719108692025],[14, 449.75496618849303],[18, 455.9092389739971],[9, 461.3070310874612],[15, 468.17646824261095],[7, 482.5986892604998]],"pathLength": 482.5986892604998}
{ "path": [18,5,2,4,15,14,19,3,7,16,6,13,17,12,1,11,10,9,8],"timedPath": [[17, 0],[4, 65.02684166591297],[1, 92.49346081374229],[3, 304.6735328425538],[14, 349.50637543899813],[13, 358.0690665144007],[18, 363.85664007823533],[2, 369.07305972262094],[6, 375.98487860953384],[15, 381.2916476933077],[5, 387.1501379299839],[12, 406.68553056194014],[16, 412.54519508966973],[11, 417.71707769547135],[0, 423.07014951227455],[10, 437.17563469193567],[9, 442.9114614828467],[8, 455.29416518099424],[7, 473.81537270430977]],"pathLength": 473.81537270430977}
{ "path": [5,18,1,15,14,2,4,16,7,6,12,17,13,9,3,10,19,11,8],"timedPath": [[4, 0],[17, 5.026841665912969],[0, 202.17219089646295],[14, 244.3999659980357],[13, 249.96265707343824],[1, 256.2084408963989],[3, 316.3885129252104],[15, 334.6482164984731],[6, 342.954985582247],[5, 348.60424451540376],[11, 353.7878826731562],[16, 364.95976527895783],[12, 376.81942980668737],[8, 416.1007113076204],[2, 423.2558658286831],[9, 429.4877170641672],[18, 434.8855091776313],[10, 445.2235674691158],[7, 468.7601821149741]],"pathLength": 468.7601821149741}
