{ "path": [18,5,7,1,6,12,17,15,10,19,3,2,4,16,13,9,11,14,8],"timedPath": [[17, 0],[4, 6005.339547073799],[6, 726024.2639461233],[0, 1446030.014030126],[5, 2166035.5352376495],[11, 2886040.7188758072],[16, 3606045.890758413],[14, 4326051.360328814],[9, 5046057.867445517],[18, 5766063.265237631],[2, 6486068.481657276],[1, 7206074.913000235],[3, 7926080.093072264],[15, 8646085.352775838],[12, 9366091.129014166],[8, 10086096.410295667],[10, 10806103.099734303],[13, 11526108.775531083],[7, 12246115.31668771]],"pathLength": 12246115.31668771}
{ "path": [5,17,2,12,3,14,13,1,19,7,6,16,18,4,15,9,11,10,8],"timedPath": [[4, 0],[16, 264.31788175643374],[1, 270.55245175712355],[11, 276.7651744466721],[2, 283.6215764589929],[13, 302.45233997768656],[12, 341.1359679737257],[0, 370.0703395810386],[18, 381.45047418043333],[6, 390.1792073398614],[5, 401.8284662730182],[15, 423.68695650969437],[17, 720443.5933775721],[3, 1440464.3662885977],[14, 2160470.199131194],[8, 2880476.112206674],[10, 3600482.8016453106],[9, 4320488.537472102],[7, 5040495.807522692]],"pathLength": 5040495.807522692}
{ "path": [2,4,3,12,13,17,1,19,7,6,16,10,11,9,15,14,5,18,8],"timedPath": [[1, 0],[3, 305.18007202881154],[2, 311.6658087409096],[11, 318.52221075323035],[12, 404.2140248965304],[16, 414.07368942426],[0, 419.32834972960933],[18, 425.7084843290041],[6, 432.43721748843217],[5, 438.08647642158894],[15, 444.9449666582651],[9, 515.8144038134149],[10, 524.5502306043259],[8, 551.2396692405753],[14, 558.152744720518],[13, 4427.715435795921],[4, 724455.881652818],[17, 1444461.2211998918],[7, 2164479.238282685]],"pathLength": 2164479.238282685}
{ "path": [2,4,12,3,14,1,7,17,19,6,16,10,11,9,15,13,18,5,8],"timedPath": [[1, 0],[3, 305.18007202881154],[11, 311.22027270215773],[2, 318.0766747144785],[13, 404.9074382331722],[0, 410.6765891805739],[6, 416.42667318306195],[16, 422.24034728643915],[18, 428.8624177130844],[5, 435.7465980495731],[15, 442.60508828624927],[9, 522.474525441399],[10, 530.21035223231],[8, 551.8997908685594],[14, 558.8128663485021],[12, 2713.934014589185],[17, 722732.2219581639],[4, 1442737.5615052376],[7, 2162755.5785880308]],"pathLength": 2162755.5785880308}
{ "path": [5,9,12,3,2,13,14,19,1,17,6,16,7,10,11,15,4,18,8],"timedPath": [[4, 0],[8, 263.6801803419334],[11, 269.10017687697626],[2, 275.956578889297],[1, 282.38792184831635],[12, 297.5936725834414],[13, 333.27730057948054],[18, 447.0648741433152],[0, 453.44500874270994],[16, 458.69966904805926],[5, 464.05274086486247],[15, 469.91123110153865],[6, 475.2180001853125],[9, 494.3429857684383],[10, 517.0788125593493],[14, 539.9674922963636],[3, 550.8003348928079],[17, 720571.5732459185],[7, 1440589.5903287116]],"pathLength": 1440589.5903287116}
{ "path": [18,16,12,5,3,2,13,14,6,19,10,7,11,1,4,9,17,15,8],"timedPath": [[17, 0],[15, 199.9064210623774],[11, 205.75528874687507],[4, 229.03874362340818],[2, 275.1951985052516],[1, 281.62654146427093],[12, 295.83229219939597],[13, 328.5159201954351],[5, 524.8009387766235],[18, 531.6851191131123],[9, 537.0829112265764],[6, 544.2078968097022],[10, 550.6012815039204],[0, 556.7067666835815],[3, 563.5831172237976],[8, 571.6199874702172],[16, 577.2111554054991],[14, 582.6807258068342],[7, 605.6862668196252]],"pathLength": 605.6862668196252}
{ "path": [18,19,3,2,12,5,13,14,1,6,17,16,7,10,11,15,4,9,8],"timedPath": [[17, 0],[18, 239.54941162454023],[2, 250.7658312689258],[1, 257.19717422794514],[11, 263.4098969174937],[4, 286.6933517940268],[12, 317.4537014342875],[13, 402.13732943032664],[0, 407.90648037772837],[5, 415.4276879010439],[16, 420.7807597178471],[15, 430.6938351977898],[6, 436.00060428156365],[9, 544.1255898646895],[10, 549.8614166556005],[14, 556.7500963926148],[3, 563.582938989059],[8, 571.6198092354787],[7, 605.1410167587942]],"pathLength": 605.1410167587942}
{ "path": [18,19,3,2,12,5,13,14,1,6,7,17,16,10,11,15,4,9,8],"timedPath": [[17, 0],[18, 239.54941162454023],[2, 250.7658312689258],[1, 257.19717422794514],[11, 263.4098969174937],[4, 286.6933517940268],[12, 317.4537014342875],[13, 402.13732943032664],[0, 407.90648037772837],[5, 415.4276879010439],[6, 421.07694683420067],[16, 426.89062093757786],[15, 434.80369641752054],[9, 548.6731335726703],[10, 554.4089603635813],[14, 560.2976401005956],[3, 567.1304826970398],[8, 574.1673529434595],[7, 604.688560466775]],"pathLength": 604.688560466775}
{ "path": [18,19,3,2,12,5,13,14,1,17,7,6,16,10,11,15,4,9,8],"timedPath": [[17, 0],[18, 239.54941162454023],[2, 250.7658312689258],[1, 257.19717422794514],[11, 263.4098969174937],[4, 286.6933517940268],[12, 317.4537014342875],[13, 402.13732943032664],[0, 407.90648037772837],[16, 415.1611406830777],[6, 420.9748147864549],[5, 426.62407371961166],[15, 434.48256395628783],[9, 550.3520011114376],[10, 556.0878279023486],[14, 561.9765076393629],[3, 567.8093502358072],[8, 574.8462204822268],[7, 604.3674280055424]],"pathLength": 604.3674280055424}
{ "path": [18,19,3,2,12,5,13,14,1,17,6,7,16,10,11,15,4,9,8],"timedPath": [[17, 0],[18, 239.54941162454023],[2, 250.7658312689258],[1, 257.19717422794514],[11, 263.4098969174937],[4, 286.6933517940268],[12, 317.4537014342875],[13, 402.13732943032664],[0, 407.90648037772837],[16, 415.1611406830777],[5, 421.5142124998809],[6, 427.16347143303767],[15, 434.47024051681154],[9, 550.3396776719613],[10, 556.0755044628723],[14, 561.9641841998866],[3, 567.7970267963309],[8, 574.8338970427506],[7, 604.3551045660661]],"pathLength": 604.3551045660661}
