{ "path": [5,18,16,2,3,14,12,13,15,7,10,9,11,17,6,19,1,4,8],"timedPath": [[4, 0],[17, 7.416666666666666],[15, 210.26649340426965],[1, 218.27689204896774],[2, 233.2127977561603],[13, 249.97968118175896],[11, 262.6626348961697],[12, 274.46497807424436],[14, 2115.2476154449846],[6, 722126.2151200416],[9, 1442145.9660616312],[8, 2162167.5059964694],[10, 2882184.233516336],[16, 3602198.650551727],[5, 4322206.101458589],[18, 5042224.1808104245],[0, 5762238.761244768],[3, 6482249.844578101],[7, 7202259.517936399]],"pathLength": 7202259.517936399}
{ "path": [18,7,12,2,3,14,1,19,17,6,16,10,11,4,15,9,13,5,8],"timedPath": [[17, 0],[6, 269.2190524174667],[11, 279.0731743772036],[1, 292.49149104715343],[2, 307.42739675434603],[13, 366.1942801799447],[0, 378.5334696731585],[18, 395.1139040172904],[16, 423.3737762289197],[5, 430.82468309056185],[15, 443.78403615015554],[9, 529.7610457354867],[10, 540.8689100423941],[3, 557.4395729550013],[14, 568.2208886453187],[8, 580.5591542685876],[12, 1714.5117166875643],[4, 721743.4714630228],[7, 1441772.0416890623]],"pathLength": 1441772.0416890623}
{ "path": [18,13,3,2,12,14,1,6,17,7,16,19,10,11,9,4,15,5,8],"timedPath": [[17, 0],[12, 268.7025842472925],[2, 289.7338037891739],[1, 304.6697094963665],[11, 318.08802616631635],[13, 411.7709798807271],[0, 422.1101693739409],[5, 430.7282182649563],[16, 438.1791251265984],[6, 448.82737952754195],[15, 455.95686825073875],[18, 471.1725968645534],[9, 493.9339371188502],[10, 521.0418014257575],[8, 560.7693212923884],[3, 573.9669289196181],[14, 584.7482446099356],[4, 720620.1867071204],[7, 1440648.75693316]],"pathLength": 1440648.75693316}
{ "path": [3,19,2,5,18,12,14,1,7,17,6,16,10,11,15,4,9,13,8],"timedPath": [[2, 0],[18, 216.50231303144332],[1, 229.9683399101575],[4, 260.7895736357391],[17, 266.2062403024058],[11, 299.5985808188197],[13, 344.28153453323046],[0, 371.62072402644424],[6, 390.82755714371535],[16, 422.4758115446589],[5, 429.926718406301],[15, 442.8860714658947],[9, 532.8630810512259],[10, 542.9709453581332],[14, 556.1398638659072],[3, 567.9211795562246],[8, 581.1187871834543],[12, 1695.071349602431],[7, 721702.792154222]],"pathLength": 721702.792154222}
{ "path": [5,18,19,3,14,2,12,13,1,17,6,7,16,10,11,4,15,9,8],"timedPath": [[4, 0],[17, 7.416666666666666],[18, 248.20625250477823],[2, 254.70856553622156],[13, 267.47544896182023],[1, 281.1232649995388],[11, 294.5415816694886],[12, 324.34392484756324],[0, 430.8300210883266],[16, 437.597788041293],[5, 445.0486949029351],[6, 454.5556339972651],[15, 461.6851227204619],[9, 505.6621323057931],[10, 522.7699966127004],[3, 553.3406595253076],[14, 565.1219752156251],[8, 578.4602408388939],[7, 608.0782897299093]],"pathLength": 608.0782897299093}
{ "path": [2,1,12,3,5,18,13,14,19,16,7,6,17,10,11,15,4,9,8],"timedPath": [[1, 0],[0, 192.12292854878604],[11, 199.57383541042816],[2, 217.46035937928804],[4, 258.1100827692076],[17, 263.5267494358743],[12, 294.22933368316683],[13, 334.91651802233844],[18, 441.3835911779573],[15, 456.59931979177196],[6, 463.72880851496876],[5, 473.23574760929876],[16, 480.6866544709409],[9, 507.3352705994069],[10, 523.4431349063142],[14, 545.6120534140881],[3, 559.3933691044056],[8, 574.5909767316352],[7, 607.2090256226506]],"pathLength": 607.2090256226506}
{ "path": [5,18,19,3,2,12,13,14,1,7,16,6,17,10,11,15,4,9,8],"timedPath": [[4, 0],[17, 7.416666666666666],[18, 248.20625250477823],[2, 254.70856553622156],[1, 269.64447124341416],[11, 283.062787913364],[12, 301.8651310914386],[13, 354.55231543061024],[0, 370.891504923824],[6, 390.09833804109513],[15, 432.2278267642919],[5, 443.1871798238856],[16, 450.6380866855277],[9, 517.2867028139937],[10, 530.394567120901],[14, 547.5634856286749],[3, 561.3448013189924],[8, 575.5424089462222],[7, 607.1604578372376]],"pathLength": 607.1604578372376}
{ "path": [5,18,13,12,14,3,2,1,17,6,7,16,19,10,11,15,4,9,8],"timedPath": [[4, 0],[17, 7.416666666666666],[12, 268.1192509139592],[11, 277.92159409203384],[13, 299.6045478064446],[2, 310.3714312320433],[1, 325.3073369392359],[0, 425.4302654880219],[16, 432.1980324409883],[5, 439.6489393026304],[6, 449.1558783969604],[15, 456.2853671201572],[18, 471.50109573397185],[9, 494.2624359882687],[10, 521.370300295176],[14, 545.5392188029499],[3, 559.3205344932674],[8, 574.518142120497],[7, 607.1361910115124]],"pathLength": 607.1361910115124}
{ "path": [5,18,14,2,3,12,13,6,1,17,7,16,10,11,19,15,4,9,8],"timedPath": [[4, 0],[17, 7.416666666666666],[13, 277.9313815112109],[1, 291.5791975489294],[2, 306.515103256122],[11, 324.4016272249819],[12, 443.20397040305653],[5, 451.92048758988614],[0, 460.53853648090154],[16, 467.3063034338679],[6, 477.95455783481145],[15, 485.08404655800825],[9, 509.06105614333944],[10, 524.1689204502468],[18, 531.515608423635],[14, 550.5281853430092],[3, 563.3095010333267],[8, 577.5071086605565],[7, 607.1251575515719]],"pathLength": 607.1251575515719}
{ "path": [5,18,13,2,3,14,12,1,19,17,6,7,16,10,11,15,4,9,8],"timedPath": [[4, 0],[17, 7.416666666666666],[12, 268.1192509139592],[1, 281.48917060028566],[2, 296.42507630747826],[13, 334.19195973307694],[11, 346.8749134474877],[0, 368.3258203091298],[18, 388.9062546532617],[16, 431.16612686489105],[5, 438.6170337265332],[6, 448.1239728208632],[15, 455.25346154406],[9, 510.23047112939116],[10, 525.3383354362985],[14, 545.5072539440724],[3, 559.2885696343899],[8, 574.4861772616196],[7, 607.104226152635]],"pathLength": 607.104226152635}
{ "path": [5,18,13,12,2,3,14,1,7,19,16,17,6,10,11,15,4,9,8],"timedPath": [[4, 0],[17, 7.416666666666666],[12, 268.1192509139592],[11, 277.92159409203384],[1, 291.3399107619837],[2, 306.2758164691763],[13, 362.04269989477496],[0, 375.38188938798874],[6, 390.58872250525985],[18, 407.5890118536233],[15, 433.8047404674379],[16, 445.1430060907067],[5, 452.59391295234883],[9, 516.207297523856],[10, 529.3151618307634],[14, 547.4840803385373],[3, 561.2653960288548],[8, 575.4630036560845],[7, 607.0810525471]],"pathLength": 607.0810525471}
{ "path": [5,18,14,3,12,2,13,6,17,19,16,1,10,11,15,9,4,7,8],"timedPath": [[4, 0],[17, 7.416666666666666],[13, 277.9313815112109],[2, 288.69826493680955],[11, 306.5847889056694],[1, 320.00310557561926],[12, 420.3730252619457],[5, 429.0895424487753],[16, 436.54044931041744],[18, 452.8003215220468],[15, 468.0160501358614],[0, 478.31607634124737],[9, 505.35911259554064],[10, 522.466976902448],[14, 545.6358954102219],[8, 562.9741610334908],[3, 575.1717686607205],[6, 584.1025941324108],[7, 606.1566866858002]],"pathLength": 606.1566866858002}
{ "path": [5,18,13,3,2,12,14,1,6,17,16,19,10,11,15,4,9,7,8],"timedPath": [[4, 0],[17, 7.416666666666666],[12, 268.1192509139592],[2, 289.1504704558406],[1, 304.0863761630332],[11, 317.50469283298304],[13, 408.1876465473938],[0, 418.5268360406076],[5, 428.144884931623],[16, 435.5957917932651],[15, 447.9340574165339],[18, 463.14978603034854],[9, 494.9111262846454],[10, 521.0189905915527],[14, 545.1879090993266],[3, 558.969224789644],[8, 574.1668324168738],[6, 582.7462876826929],[7, 605.8003802360823]],"pathLength": 605.8003802360823}
