{ "path": [3,2,4,12,17,1,15,14,19,10,11,7,9,13,6,18,5,16,8],"timedPath": [[2, 0],[1, 6.43134295901934],[3, 304.61141498783087],[11, 310.65161566117706],[16, 5049.823498266978],[0, 725055.0781585723],[14, 1445060.3059336739],[13, 2165065.868624749],[18, 2885071.656198313],[9, 3605077.0539904265],[10, 4325082.789817218],[6, 5045089.183201912],[8, 5765094.698849729],[12, 6485099.98013123],[5, 7205105.515523862],[17, 7925127.513276981],[4, 8645132.852824055],[15, 9365152.353063516],[7, 10085157.775284534]],"pathLength": 10085157.775284534}
{ "path": [18,2,7,12,13,5,3,19,1,6,17,16,4,14,15,9,11,10,8],"timedPath": [[17, 0],[1, 21.083549221348985],[6, 244.82064796963272],[11, 250.51992124114344],[12, 256.2117353844435],[4, 274.9720850247042],[2, 353.1285399065476],[18, 381.3449595509332],[0, 387.72509415032795],[5, 400.2463016736435],[16, 412.5993734904467],[15, 425.51244897038936],[3, 2827.7721525436523],[13, 722833.964924918],[14, 1442839.5276159933],[8, 2162845.440691473],[10, 2882852.1301301094],[9, 3602857.8659569],[7, 4322865.13600749]],"pathLength": 4322865.13600749}
{ "path": [5,2,16,12,18,14,13,3,1,6,17,7,19,10,11,15,4,9,8],"timedPath": [[4, 0],[1, 20.25022768500341],[15, 188.6838985581892],[11, 194.53276624268688],[17, 217.53295914288782],[13, 268.0620487035902],[12, 277.74567669962937],[2, 324.055096081413],[0, 427.55843092465926],[5, 433.0796384479748],[16, 438.432710264778],[6, 444.2463843681552],[18, 450.9751175275833],[9, 503.3729096410474],[10, 518.1087364319584],[14, 539.9974161689727],[3, 550.8302587654169],[8, 561.8671290118366],[7, 609.3883365351521]],"pathLength": 609.3883365351521}
{ "path": [5,2,1,12,18,14,13,3,19,11,6,15,17,10,9,16,7,4,8],"timedPath": [[4, 0],[1, 20.25022768500341],[0, 185.27633984089096],[11, 190.62941165769413],[17, 213.62960455789508],[13, 268.1586941185975],[12, 277.84232211463666],[2, 324.1517414964203],[18, 531.3681611408059],[10, 536.7062194322904],[5, 543.2954393956605],[14, 551.0417674169028],[16, 556.5113378182378],[9, 563.4775250156159],[8, 572.8602287137635],[15, 578.6478022775982],[6, 583.954571361372],[3, 589.5208367354451],[7, 607.1940696234551]],"pathLength": 607.1940696234551}
{ "path": [5,2,16,12,18,14,13,3,1,6,19,17,7,10,11,4,15,9,8],"timedPath": [[4, 0],[1, 20.25022768500341],[15, 188.6838985581892],[11, 194.53276624268688],[17, 217.53295914288782],[13, 268.0620487035902],[12, 277.74567669962937],[2, 324.055096081413],[0, 427.55843092465926],[5, 433.0796384479748],[18, 439.96381878446346],[16, 446.58588921110874],[6, 452.39956331448593],[9, 502.52454889761174],[10, 517.2603756885228],[3, 550.2069297695707],[14, 557.039772366015],[8, 565.9528478459576],[7, 606.4740553692732]],"pathLength": 606.4740553692732}
{ "path": [18,2,16,12,5,14,13,3,19,6,1,11,4,7,10,15,9,17,8],"timedPath": [[17, 0],[1, 21.083549221348985],[15, 188.5172200945348],[11, 194.36608777903245],[4, 223.64954265556557],[13, 267.81575967758084],[12, 277.49938767362],[2, 324.80880705540363],[18, 523.0252266997892],[5, 529.9094070362779],[0, 535.4306145595934],[10, 541.5360997392545],[3, 551.4826538203024],[6, 557.0489191943755],[9, 564.1739047775013],[14, 570.6810214807402],[8, 577.5940969606829],[16, 583.1852648959648],[7, 606.1040832929949]],"pathLength": 606.1040832929949}
{ "path": [18,2,16,12,5,14,13,3,19,6,1,10,7,17,11,4,9,15,8],"timedPath": [[17, 0],[1, 21.083549221348985],[15, 188.5172200945348],[11, 194.36608777903245],[4, 223.64954265556557],[13, 267.81575967758084],[12, 277.49938767362],[2, 324.80880705540363],[18, 523.0252266997892],[5, 529.9094070362779],[0, 535.4306145595934],[9, 542.1655057366825],[6, 549.2904913198083],[16, 555.1041654231856],[10, 561.460761157785],[3, 567.4073152388328],[8, 574.4441854852524],[14, 580.3572609651951],[7, 605.3628019779861]],"pathLength": 605.3628019779861}
{ "path": [18,2,16,12,5,14,13,3,19,6,1,10,11,15,4,7,17,9,8],"timedPath": [[17, 0],[1, 21.083549221348985],[15, 188.5172200945348],[11, 194.36608777903245],[4, 223.64954265556557],[13, 267.81575967758084],[12, 277.49938767362],[2, 324.80880705540363],[18, 523.0252266997892],[5, 529.9094070362779],[0, 535.4306145595934],[9, 542.1655057366825],[10, 547.9013325275935],[14, 554.7900122646078],[3, 561.622854861052],[6, 567.1891202351251],[16, 573.0027943385023],[8, 579.5939622737842],[7, 605.1151697970997]],"pathLength": 605.1151697970997}
{ "path": [18,2,16,12,5,14,13,3,19,17,7,10,11,4,15,6,1,9,8],"timedPath": [[17, 0],[1, 21.083549221348985],[15, 188.5172200945348],[11, 194.36608777903245],[4, 223.64954265556557],[13, 267.81575967758084],[12, 277.49938767362],[2, 324.80880705540363],[18, 523.0252266997892],[16, 529.6472971264345],[6, 535.4609712298118],[9, 542.5859568129376],[10, 548.3217836038486],[3, 556.2683376848964],[14, 562.1011802813407],[5, 567.8475083025829],[0, 573.3687158258984],[8, 580.0733271387834],[7, 604.5945346620989]],"pathLength": 604.5945346620989}
{ "path": [18,2,16,12,5,14,13,3,19,17,7,10,11,1,6,15,4,9,8],"timedPath": [[17, 0],[1, 21.083549221348985],[15, 188.5172200945348],[11, 194.36608777903245],[4, 223.64954265556557],[13, 267.81575967758084],[12, 277.49938767362],[2, 324.80880705540363],[18, 523.0252266997892],[16, 529.6472971264345],[6, 535.4609712298118],[9, 542.5859568129376],[10, 548.3217836038486],[0, 554.4272687835097],[5, 559.9484763068252],[14, 565.6948043280674],[3, 571.5276469245117],[8, 578.5645171709314],[7, 604.0857246942469]],"pathLength": 604.0857246942469}
{ "path": [18,2,16,12,5,14,13,3,19,6,1,11,10,7,17,15,4,9,8],"timedPath": [[17, 0],[1, 21.083549221348985],[15, 188.5172200945348],[11, 194.36608777903245],[4, 223.64954265556557],[13, 267.81575967758084],[12, 277.49938767362],[2, 324.80880705540363],[18, 523.0252266997892],[5, 529.9094070362779],[0, 535.4306145595934],[10, 541.5360997392545],[9, 547.2719265301655],[6, 554.3969121132914],[16, 560.2105862166686],[14, 565.6801566180037],[3, 571.512999214448],[8, 578.5498694608676],[7, 604.0710769841832]],"pathLength": 604.0710769841832}
