{ "path": [3,10,1,17,7,15,11,19,2,4,6,9,13,12,16,14,5,18,8],"timedPath": [[2, 0],[9, 245.23185123548413],[0, 314.9667424125732],[16, 362.2214027179225],[6, 368.0350768212997],[14, 429.89474134902923],[10, 441.78342108604346],[18, 447.1214793775279],[1, 453.3410750863463],[3, 466.5211471151578],[5, 472.6009121486161],[8, 479.8555724539654],[12, 544.1368539548985],[11, 593.8286680981985],[15, 599.6775357826962],[13, 621.9262660226909],[4, 7848.90212406729],[17, 15053.928965733203],[7, 22271.277186564676]],"pathLength": 22271.277186564676}
{ "path": [18,5,15,17,6,12,1,14,2,4,16,7,9,13,19,10,3,11,8],"timedPath": [[17, 0],[4, 65.02684166591297],[14, 262.80982299065255],[16, 307.2793933919877],[5, 316.6324652087909],[11, 321.81610336654336],[0, 328.16917518334657],[13, 334.9383261307483],[1, 341.18410995370897],[3, 419.3641819825205],[15, 424.6238855557832],[6, 429.9306546395571],[8, 444.446302456962],[12, 497.727583957895],[18, 504.8687843356476],[9, 510.2665764491117],[2, 7715.498427684596],[10, 14921.03770925591],[7, 22127.57432390177]],"pathLength": 22127.57432390177}
{ "path": [5,18,7,16,4,2,19,3,11,14,15,1,12,17,6,9,13,10,8],"timedPath": [[4, 0],[17, 5.026841665912969],[6, 257.31123789522525],[15, 319.6180069789991],[3, 386.8777105522618],[1, 392.05778258107335],[18, 398.2773782898917],[2, 403.4937979342773],[10, 427.03307950559105],[13, 462.70887628566487],[14, 472.2715673610674],[0, 477.4993424626402],[11, 494.8524142794434],[16, 500.024296885245],[5, 505.3773687020482],[8, 510.63202900739753],[12, 566.9133105083306],[9, 574.4446162942806],[7, 581.7146668838585]],"pathLength": 581.7146668838585}
{ "path": [5,18,13,6,9,19,3,11,14,2,4,7,16,15,1,12,17,10,8],"timedPath": [[4, 0],[17, 5.026841665912969],[12, 256.6320055312422],[5, 289.16739816319847],[8, 383.4220584685478],[18, 390.4252423229167],[2, 395.6416619673023],[10, 424.180943538616],[13, 457.85674031868984],[1, 464.1025241416505],[3, 474.28259617046206],[6, 479.84886154453505],[15, 485.1556306283089],[14, 491.94475804389333],[0, 497.1725331454661],[11, 524.5256049622693],[16, 529.697487568071],[9, 536.6636747654491],[7, 544.9337253550269]],"pathLength": 544.9337253550269}
{ "path": [5,18,4,2,16,19,3,10,14,11,6,12,13,7,9,1,17,15,8],"timedPath": [[4, 0],[17, 5.026841665912969],[3, 318.98928690761073],[1, 324.16935893642227],[15, 339.6030298096081],[18, 346.0746833914301],[2, 351.2911030358157],[9, 379.5229542712998],[13, 394.57842148091964],[10, 424.25421826099347],[5, 430.84343822436364],[11, 437.0270763821161],[12, 486.71889052541616],[6, 492.1884609267513],[8, 497.7041087441562],[0, 503.40872005704114],[16, 508.66338036239046],[14, 514.1329507637256],[7, 522.1384917765166]],"pathLength": 522.1384917765166}
{ "path": [5,18,3,10,14,17,12,1,16,2,15,9,7,13,6,19,11,4,8],"timedPath": [[4, 0],[17, 5.026841665912969],[2, 73.70429823316667],[9, 244.9361494686508],[13, 250.99161667827065],[16, 281.95087472153466],[11, 287.1227573273363],[0, 303.4758291441395],[15, 329.23933832138596],[1, 334.67300919457176],[14, 397.627523066451],[8, 424.54059854639365],[6, 430.05624636379855],[12, 474.5258167651337],[5, 480.06120939708995],[18, 486.9453897335786],[10, 492.2834480250631],[3, 499.23000210611093],[7, 508.903234994121]],"pathLength": 508.903234994121}
{ "path": [5,18,17,6,12,13,9,16,3,19,10,14,7,2,4,15,11,1,8],"timedPath": [[4, 0],[17, 5.026841665912969],[16, 262.1463430529827],[5, 290.4994148697859],[11, 295.68305302753834],[12, 301.3748671708384],[8, 391.6561486717714],[15, 397.44372223560606],[2, 404.10945068798884],[18, 409.32587033237445],[9, 417.72366244583856],[13, 447.7791296554584],[6, 454.1696671653005],[1, 459.90676591358425],[3, 471.0868379423958],[14, 478.9196805388401],[10, 484.80836027585434],[0, 490.91384545551546],[7, 501.796667847393]],"pathLength": 501.796667847393}
{ "path": [5,18,17,15,14,1,12,6,3,19,11,2,13,9,16,7,4,10,8],"timedPath": [[4, 0],[17, 5.026841665912969],[16, 262.1463430529827],[14, 279.6159134543178],[13, 285.17860452972036],[0, 302.9477554771221],[11, 308.3008272939253],[5, 317.48446545167775],[2, 324.50287931999014],[18, 330.71929896437575],[10, 409.0573572558602],[1, 414.95394800495205],[12, 450.15969874007715],[8, 459.44098024101015],[15, 465.2285538048448],[6, 470.5353228886187],[3, 480.10158826269173],[9, 486.77788164931025],[7, 499.04793223888805]],"pathLength": 499.04793223888805}
{ "path": [18,5,7,16,13,12,17,1,6,14,10,19,3,2,4,15,9,11,8],"timedPath": [[17, 0],[4, 65.02684166591297],[6, 257.2357577602721],[15, 320.54252684404594],[12, 326.31876517107247],[11, 332.01057931437254],[16, 359.18246192017415],[0, 364.43712222552347],[5, 369.958329748839],[13, 382.24334833002746],[9, 397.2988155396473],[18, 402.6966076531114],[2, 407.913027297497],[1, 414.34437025651636],[3, 451.5244422853279],[14, 464.3572848817722],[8, 472.2703603617149],[10, 478.95979899796424],[7, 492.49641364382256]],"pathLength": 492.49641364382256}
{ "path": [18,5,15,14,19,3,10,2,13,16,7,1,6,9,17,12,4,11,8],"timedPath": [[17, 0],[4, 65.02684166591297],[14, 262.80982299065255],[13, 268.3725140660551],[18, 302.16008762988974],[2, 307.37650727427535],[9, 366.60835850975946],[1, 373.2147158467969],[12, 388.4204665819219],[15, 394.19670490894845],[6, 399.5034739927223],[0, 405.2535579952104],[5, 410.7747655185259],[8, 431.0294258238752],[16, 436.6205937591571],[11, 442.7924763649587],[3, 461.8326770383049],[10, 468.77923111935274],[7, 484.31584576521107]],"pathLength": 484.31584576521107}
{ "path": [18,5,1,9,2,4,16,13,7,12,17,6,14,3,19,11,10,15,8],"timedPath": [[17, 0],[4, 65.02684166591297],[0, 202.17219089646295],[8, 292.8768022093479],[1, 299.093084757893],[3, 348.27315678670453],[15, 356.53286035996723],[12, 366.30909868699376],[6, 371.7786690883289],[11, 377.47794235983963],[16, 382.64982496564124],[5, 388.00289678244445],[13, 405.2879153636329],[2, 411.1186788823266],[18, 416.3350985267122],[10, 432.6731568181967],[9, 439.4089836091077],[14, 456.91610031234654],[7, 475.9216413251375]],"pathLength": 475.9216413251375}
{ "path": [18,5,19,3,11,4,2,13,7,1,14,12,17,6,9,16,15,10,8],"timedPath": [[17, 0],[4, 65.02684166591297],[18, 236.47868709108522],[2, 241.6951067354708],[10, 269.2343883067845],[3, 325.1809423878324],[1, 330.3610144166439],[12, 337.56676515176895],[6, 345.0363355531041],[0, 350.78641955559215],[13, 359.5555705029939],[11, 365.66235855308906],[16, 372.8342411588907],[5, 378.1873129756939],[8, 416.4419732810432],[15, 422.22954684487786],[14, 448.01867426046226],[9, 454.5257909637011],[7, 474.79584155327893]],"pathLength": 474.79584155327893}
{ "path": [18,5,3,10,14,15,1,4,16,2,7,13,9,17,12,6,11,19,8],"timedPath": [[17, 0],[4, 65.02684166591297],[2, 105.89067238386717],[9, 247.12252361935128],[13, 253.17799082897113],[14, 266.7406819043737],[0, 300.96845700594645],[3, 352.84480754616254],[15, 360.10451111942524],[1, 365.53818199261104],[6, 371.2752807408948],[12, 384.74485114222995],[8, 419.02613264316295],[16, 424.6173005784448],[11, 429.78918318424644],[5, 434.9728213419989],[10, 446.56204130536906],[18, 451.9000995968535],[7, 472.7731949568457]],"pathLength": 472.7731949568457}
{ "path": [5,18,9,13,4,2,16,7,6,12,17,1,14,19,3,10,11,15,8],"timedPath": [[4, 0],[17, 5.026841665912969],[8, 258.483738259358],[12, 263.765019760291],[3, 321.8008470523011],[1, 326.98091908111263],[15, 341.41458995429844],[6, 347.7213590380723],[5, 353.3706179712291],[11, 358.55425612898154],[16, 367.72613873478315],[0, 372.98079904013247],[13, 385.7499499875342],[18, 391.53752355136885],[2, 396.75394319575446],[9, 406.98579443123856],[10, 428.72162122214957],[14, 450.6103009591638],[7, 471.61584197195475]],"pathLength": 471.61584197195475}
