{ "path": [18,5,16,2,15,17,1,12,6,9,13,7,19,3,10,14,4,11,8],"timedPath": [[17, 0],[4, 65.02684166591297],[15, 197.78200953464741],[1, 203.21568040783322],[14, 245.1701942797124],[16, 269.63976468104755],[0, 300.89442498639687],[11, 306.2474968032001],[5, 316.43113496095253],[8, 399.68579526630185],[12, 424.96707676723486],[6, 430.43664716857],[18, 437.1653803279981],[2, 7642.381799972383],[9, 14847.613651207866],[13, 22053.669118417485],[3, 29259.86189079188],[10, 36465.80844487293],[7, 43672.34505951879]],"pathLength": 43672.34505951879}
{ "path": [3,19,7,9,12,17,6,1,15,4,2,16,14,10,11,13,18,5,8],"timedPath": [[2, 0],[18, 215.21641964438558],[6, 266.9451528038137],[8, 360.4608006212186],[11, 365.88079715626145],[16, 373.05267976206306],[5, 378.4057515788663],[0, 383.9269591021818],[14, 436.1547342037546],[3, 457.9875768001989],[1, 463.16764882901043],[15, 468.60131970219624],[13, 526.850049942191],[9, 532.9055171518108],[10, 538.6413439427218],[12, 578.4550625354962],[17, 7796.060226400825],[4, 15001.087068066738],[7, 22218.43528889821]],"pathLength": 22218.43528889821}
{ "path": [3,19,11,10,14,16,4,2,7,13,6,12,17,9,15,1,18,5,8],"timedPath": [[2, 0],[18, 215.21641964438558],[10, 252.55447793587007],[9, 332.2903047267811],[13, 339.3457719364009],[15, 350.59450217639574],[3, 429.85420574965843],[1, 435.03427777846997],[6, 440.7713765267537],[12, 492.2409469280889],[5, 497.77633956004513],[11, 524.9599777177975],[16, 530.1318603235992],[8, 535.7230282588811],[14, 541.6361037388237],[0, 546.8638788403965],[17, 7770.009228070947],[4, 14975.03606973686],[7, 22192.384290568334]],"pathLength": 22192.384290568334}
{ "path": [3,19,10,11,6,12,13,16,9,1,17,15,14,2,4,7,18,5,8],"timedPath": [[2, 0],[18, 215.21641964438558],[9, 300.6142117578497],[10, 375.3500385487607],[5, 381.9392585121309],[11, 387.12289666988335],[12, 406.8147108131834],[15, 412.59094914020994],[8, 432.3785227040446],[0, 438.08313401692953],[16, 443.33779432227885],[14, 457.807364723614],[13, 510.37005579901654],[1, 516.6158396219772],[3, 521.7959116507888],[6, 527.3621770248618],[17, 7745.646573254174],[4, 14950.673414920086],[7, 22168.02163575156]],"pathLength": 22168.02163575156}
{ "path": [18,5,10,3,19,15,11,6,12,9,17,1,4,16,7,2,13,14,8],"timedPath": [[17, 0],[4, 65.02684166591297],[9, 268.94960037434714],[2, 274.18145160983124],[18, 302.39787125421685],[14, 345.55214403972093],[10, 416.44082377673516],[5, 423.0300437401053],[11, 428.2136818978578],[8, 442.63367843290064],[16, 448.2248463681825],[0, 453.47950667353183],[3, 467.3558572137479],[15, 472.6155607870106],[6, 477.9223298707845],[1, 483.65942861906825],[12, 548.8651793541933],[13, 598.5488073502324],[7, 605.0899639778905]],"pathLength": 605.0899639778905}
{ "path": [18,5,11,19,10,3,4,2,15,12,17,1,7,16,9,6,14,13,8],"timedPath": [[17, 0],[4, 65.02684166591297],[10, 264.3945038511309],[18, 301.7325621426154],[9, 365.1303542560795],[2, 370.3622054915636],[3, 445.84794220366166],[1, 451.0280142324732],[14, 463.9825281043524],[11, 476.5633670192817],[16, 481.7352496250833],[0, 486.98990993043265],[6, 492.7399939329207],[15, 498.04676301669457],[8, 503.8343365805292],[5, 509.08899688587854],[13, 574.374015467067],[12, 594.0576434631062],[7, 599.4495961093802]],"pathLength": 599.4495961093802}
{ "path": [18,5,14,3,19,11,2,4,12,1,17,16,13,6,9,15,7,10,8],"timedPath": [[17, 0],[4, 65.02684166591297],[13, 266.00269971051245],[2, 271.83346322920613],[18, 302.04988287359174],[10, 377.3879411650762],[1, 383.28453191416804],[3, 448.4646039429796],[11, 457.50480461632577],[0, 462.857876433129],[16, 468.1125367384783],[15, 474.025612218421],[12, 538.8018505454475],[5, 544.3372431774037],[8, 549.591903482753],[14, 555.5049789626956],[6, 561.3646434904252],[9, 568.4896290735511],[7, 575.759679663129]],"pathLength": 575.759679663129}
{ "path": [5,18,16,1,17,12,3,19,11,14,15,13,9,6,2,4,7,10,8],"timedPath": [[4, 0],[17, 5.026841665912969],[15, 198.16732014405756],[0, 322.93082932130403],[16, 360.18548962665335],[11, 365.35737223245496],[2, 372.2137742447757],[18, 377.43019388916133],[10, 420.76825218064585],[13, 452.44404896071967],[14, 464.0067400361222],[12, 527.1278882768052],[8, 532.4091697777382],[5, 537.6638300830874],[1, 543.92204557802],[3, 549.1021176068315],[6, 554.6683829809045],[9, 561.7933685640304],[7, 569.0634191536083]],"pathLength": 569.0634191536083}
{ "path": [18,5,15,11,19,3,10,14,4,2,16,6,12,9,17,1,7,13,8],"timedPath": [[17, 0],[4, 65.02684166591297],[14, 262.80982299065255],[10, 306.6985027276668],[18, 317.03656101915124],[2, 322.25298066353685],[9, 370.48483189902095],[13, 382.5402991086408],[3, 448.73307148303445],[1, 453.913143511846],[15, 459.3468143850318],[5, 465.20530462170797],[11, 477.3889427794604],[8, 483.8089393145033],[16, 489.40010724978515],[0, 494.65476755513447],[6, 500.4048515576225],[12, 561.8744219589577],[7, 567.2663746052317]],"pathLength": 567.2663746052317}
{ "path": [5,18,6,1,15,17,13,12,9,3,10,7,16,4,2,11,19,14,8],"timedPath": [[4, 0],[17, 5.026841665912969],[5, 147.15119245119934],[0, 234.67239997451486],[14, 247.9001750760876],[16, 275.3697454774227],[12, 281.2294100051523],[11, 286.9212241484524],[8, 381.3412206834953],[2, 388.49637520455803],[9, 400.72822644004214],[6, 407.85321202316794],[15, 413.1599811069418],[3, 451.4196846802045],[1, 456.59975670901605],[10, 463.4963474581079],[18, 468.83440574959235],[13, 526.621979313427],[7, 534.1631359410851]],"pathLength": 534.1631359410851}
{ "path": [5,18,6,1,12,14,3,10,19,16,7,9,13,17,15,4,2,11,8],"timedPath": [[4, 0],[17, 5.026841665912969],[5, 147.15119245119934],[0, 234.67239997451486],[11, 240.02547179131804],[13, 246.13225984141323],[2, 251.96302336010692],[9, 331.19487459559105],[18, 337.59266670905515],[15, 349.06432029087716],[6, 354.37108937465104],[8, 410.88673719205593],[12, 443.16801869298894],[16, 449.0276832207185],[14, 461.4972536220536],[3, 473.33009621849794],[1, 478.5101682473095],[10, 484.4067589964013],[7, 496.94337364225964]],"pathLength": 496.94337364225964}
