{ "path": [18,17,12,14,3,1,6,7,16,11,19,10,15,2,5,9,13,4,8],"timedPath": [[17, 0],[16, 274.4760967188293],[11, 280.66924847410235],[13, 304.3522021885131],[2, 315.1190856141118],[0, 520.5547349843129],[5, 529.1727838753283],[6, 538.6797229696582],[15, 545.809211692855],[10, 558.6783673725395],[18, 566.0250553459276],[9, 573.7863956002244],[14, 589.2482973818743],[1, 600.8742145091691],[4, 720631.6954482347],[8, 1440662.6072913012],[12, 2160669.5598537205],[3, 2880681.7502215058],[7, 3600691.423579803]],"pathLength": 3600691.423579803}
{ "path": [18,10,3,2,12,13,17,7,6,1,19,16,9,15,11,4,5,14,8],"timedPath": [[17, 0],[9, 281.3138326873444],[2, 287.9232666803301],[1, 302.8591723875227],[11, 316.2774890574725],[12, 397.07983223554714],[16, 418.0473368322032],[6, 428.69559123314673],[5, 438.2025303274767],[0, 446.8205792184921],[18, 461.40101356262403],[15, 476.61674217643866],[8, 661.0838153320576],[14, 672.4220809553265],[10, 683.5909994631004],[3, 720695.1616623757],[4, 1440725.9202909193],[13, 2160764.758242164],[7, 2880780.456437754]],"pathLength": 2880780.456437754}
{ "path": [5,14,3,12,2,13,6,17,1,7,16,19,10,11,4,15,9,18,8],"timedPath": [[4, 0],[13, 278.83795124478496],[2, 289.60483467038364],[11, 307.4913586392435],[1, 320.90967530919335],[12, 425.2795949955198],[5, 433.9961121823494],[16, 441.44701904399153],[0, 448.2147859969579],[6, 458.42161911422903],[15, 465.55110783742583],[18, 480.76683645124047],[9, 496.5281767055373],[10, 520.6360410124446],[3, 554.2067039250518],[14, 565.9880196153692],[8, 579.3262852386381],[17, 720609.9802323034],[7, 1440638.2576951757]],"pathLength": 1440638.2576951757}
{ "path": [5,12,3,2,15,13,14,19,16,7,17,1,6,10,11,4,9,18,8],"timedPath": [[4, 0],[11, 153.66194244018442],[2, 174.5484664090443],[1, 189.48437211623687],[14, 279.1102892435316],[12, 298.89292661427197],[13, 346.5801109534436],[18, 397.04718410906247],[15, 434.2629127228771],[6, 441.3924014460739],[16, 452.04065584701743],[0, 458.8084227999838],[5, 467.4264716909992],[9, 507.03985626250636],[10, 523.1477205694137],[3, 552.7183834820208],[8, 568.9159911092506],[17, 720599.569938174],[7, 1440627.8474010464]],"pathLength": 1440627.8474010464}
{ "path": [3,16,12,2,5,18,13,14,1,17,7,19,15,9,6,4,11,10,8],"timedPath": [[2, 0],[15, 196.56293167362364],[11, 207.45548818351153],[1, 220.8738048534614],[4, 251.69503857904297],[17, 257.11170524570963],[12, 286.81428949300215],[13, 319.50147383217376],[0, 467.84066332538754],[16, 474.6084302783539],[6, 485.25668467929745],[18, 502.2569740276609],[14, 563.2695509470351],[8, 576.607816570304],[5, 583.3755835232703],[3, 595.8709524638599],[10, 607.4416153764671],[9, 617.5494796833744],[7, 641.3074141926938]],"pathLength": 641.3074141926938}
{ "path": [5,16,2,18,13,12,3,14,7,6,17,1,19,10,11,15,4,9,8],"timedPath": [[4, 0],[15, 210.17121923502668],[1, 218.18161787972477],[17, 248.6528707390213],[12, 277.3554549863138],[11, 287.15779816438845],[2, 305.04432213324833],[13, 357.81120555884695],[6, 413.46385343966756],[5, 423.97079253399755],[16, 431.4216993956397],[0, 438.18946634860606],[18, 452.76990069273796],[9, 503.5312409470348],[10, 521.6391052539421],[14, 544.8080237617161],[3, 558.5893394520335],[8, 573.7869470792632],[7, 607.4049959702786]],"pathLength": 607.4049959702786}
{ "path": [3,16,2,12,5,18,13,14,1,17,6,7,10,19,11,15,4,9,8],"timedPath": [[2, 0],[15, 196.56293167362364],[1, 204.57333031832172],[11, 217.99164698827158],[4, 251.653589428456],[17, 257.07025609512266],[12, 286.7728403424152],[13, 319.4600246815868],[0, 467.79921417480057],[16, 474.56698112776695],[5, 482.0178879894091],[6, 491.52482708373907],[9, 515.2757686732708],[18, 523.0371089275676],[10, 531.3837969009558],[14, 548.5527154087297],[3, 561.3340310990471],[8, 575.5316387262769],[7, 607.1496876172923]],"pathLength": 607.1496876172923}
{ "path": [2,1,12,3,5,18,13,14,19,17,6,7,16,10,11,4,15,9,8],"timedPath": [[1, 0],[0, 192.12292854878604],[11, 199.57383541042816],[2, 217.46035937928804],[4, 258.1100827692076],[17, 263.5267494358743],[12, 294.22933368316683],[13, 334.91651802233844],[18, 441.3835911779573],[16, 457.64346338958666],[5, 465.0943702512288],[6, 474.6013093455588],[15, 481.7307980687556],[9, 507.70780765408676],[10, 523.8156719609941],[3, 552.3863348736013],[14, 564.1676505639188],[8, 577.5059161871876],[7, 607.123965078203]],"pathLength": 607.123965078203}
{ "path": [2,16,12,5,18,13,3,14,1,17,6,19,10,11,15,4,9,7,8],"timedPath": [[1, 0],[15, 188.01039864469809],[11, 198.90295515458598],[4, 232.5648975947704],[17, 237.98156426143706],[12, 268.6841485087296],[2, 289.715368050611],[13, 319.4822514762097],[0, 467.82144096942346],[16, 474.58920792238985],[5, 482.04011478403197],[18, 500.1194666198243],[9, 509.88080687412116],[10, 524.9886711810285],[14, 546.1575896888024],[3, 559.9389053791199],[8, 575.1365130063496],[6, 583.7159682721687],[7, 605.7700608255581]],"pathLength": 605.7700608255581}
