{ "path": [5,18,13,12,2,3,14,1,19,17,16,6,7,10,11,15,4,9,8],"timedPath": [[4, 0],[17, 7.416666666666666],[12, 268.1192509139592],[11, 277.92159409203384],[1, 291.3399107619837],[2, 306.2758164691763],[13, 362.04269989477496],[0, 375.38188938798874],[18, 392.96232373212064],[16, 425.22219594374997],[15, 439.56046156701876],[5, 450.51981462661246],[6, 460.02675372094245],[9, 507.7776953104742],[10, 523.8855596173815],[14, 546.0544781251555],[3, 559.8357938154729],[8, 575.0334014427026],[7, 607.651450333718]],"pathLength": 607.651450333718}
{ "path": [3,16,12,2,18,5,13,14,1,17,6,7,19,10,11,15,4,9,8],"timedPath": [[2, 0],[15, 196.56293167362364],[11, 207.45548818351153],[1, 220.8738048534614],[17, 251.34505771275792],[4, 256.7617243794246],[12, 286.72147071456857],[13, 319.4086550537402],[0, 468.74784454695396],[16, 475.51561149992034],[5, 482.96651836156246],[6, 492.47345745589246],[18, 509.4737468042559],[9, 518.2350870585527],[10, 530.3429513654601],[14, 547.511869873234],[3, 561.2931855635514],[8, 575.4907931907812],[7, 607.1088420817966]],"pathLength": 607.1088420817966}
{ "path": [2,16,3,12,5,18,13,14,1,7,19,6,17,10,11,4,15,9,8],"timedPath": [[1, 0],[15, 188.01039864469809],[2, 204.57333031832172],[11, 222.4598542871816],[4, 256.121796727366],[17, 261.5384633940327],[12, 292.2410476413252],[13, 329.92823198049683],[0, 401.2674214737106],[6, 411.47425459098173],[18, 428.47454393934515],[5, 446.5538957751375],[16, 454.00480263677963],[9, 512.6534187652456],[10, 526.761283072153],[3, 552.3319459847602],[14, 564.1132616750776],[8, 577.4515272983465],[7, 607.0695761893619]],"pathLength": 607.0695761893619}
{ "path": [5,18,14,12,2,3,13,1,6,7,19,17,16,10,11,15,4,9,8],"timedPath": [[4, 0],[17, 7.416666666666666],[13, 277.9313815112109],[11, 290.61433522562163],[1, 304.03265189557146],[2, 318.96855760276406],[12, 421.99977714464546],[0, 433.4858733854088],[5, 442.1039222764242],[6, 451.6108613707542],[18, 468.61115071911763],[16, 484.87102293074696],[15, 496.20928855401576],[9, 517.186298139347],[10, 530.2941624462543],[14, 547.4630809540282],[3, 561.2443966443457],[8, 575.4420042715753],[7, 607.0600531625907]],"pathLength": 607.0600531625907}
{ "path": [2,12,5,18,14,3,13,1,19,6,17,16,10,11,15,4,9,7,8],"timedPath": [[1, 0],[11, 133.41831666994986],[4, 205.08025911013428],[17, 210.49692577680094],[13, 278.0116406213451],[2, 288.7785240469438],[12, 323.8097435888252],[0, 434.29583982958854],[18, 448.87627417372045],[5, 466.9556260095128],[16, 474.4065328711549],[15, 485.7447984944237],[9, 509.7218080797549],[10, 524.8296723866622],[14, 545.9985908944361],[3, 559.7799065847536],[8, 574.9775142119834],[6, 583.5569694778025],[7, 605.6110620311919]],"pathLength": 605.6110620311919}
