{ "path": [18,3,7,11,15,5,16,10,9,2,19,4,17,13,1,6,14,12,8],"timedPath": [[17, 0],[2, 162.01415213131327],[6, 285.92597101822616],[10, 6237.319355712444],[14, 726243.2080354494],[4, 1446268.0084282625],[15, 2166287.508667724],[9, 2886294.3781048795],[8, 3606301.7608085778],[1, 4326307.977091126],[18, 5046314.196686835],[3, 5766320.47799911],[16, 6486326.549658841],[12, 7206332.409323369],[0, 7926338.3436949765],[5, 8646343.8649025],[13, 9366350.149921082],[11, 10086356.256709132],[7, 10806362.043641983]],"pathLength": 10806362.043641983}
{ "path": [18,10,13,15,11,9,2,5,19,16,3,12,4,1,14,17,7,6,8],"timedPath": [[17, 0],[9, 272.22297334564644],[12, 283.7542791315965],[14, 2694.8754273722793],[10, 722700.7641071093],[8, 1442707.4535457455],[1, 2162713.669828294],[4, 2882733.920055979],[18, 3602762.5880430313],[15, 4322769.059696613],[2, 5042775.7254250655],[11, 5762782.581827078],[3, 6482788.622027751],[0, 7202794.498378292],[13, 7922800.267529239],[16, 8642806.226787282],[6, 9362812.040461386],[5, 10082817.68972032],[7, 10802823.394331632]],"pathLength": 10802823.394331632}
{ "path": [18,15,13,3,9,19,14,5,11,12,4,17,2,1,16,10,6,7,8],"timedPath": [[17, 0],[14, 264.96803000353873],[12, 273.0891782442216],[2, 280.39859762600526],[8, 9286.553752147067],[18, 729293.5569360014],[13, 1449299.3445095653],[4, 2169327.5107265874],[10, 2889353.9816371407],[11, 3609360.4290498905],[3, 4329366.4692505635],[16, 5049372.540910295],[1, 5769378.7754802955],[0, 6489384.8015924515],[15, 7209390.565101629],[9, 7929397.434538784],[5, 8649404.683765853],[6, 9369410.333024787],[7, 10089415.484874854]],"pathLength": 10089415.484874854}
{ "path": [3,12,18,14,5,7,11,9,16,17,10,15,19,13,4,1,2,6,8],"timedPath": [[2, 0],[11, 126.85640201232076],[17, 149.8565949125217],[13, 268.3856844732241],[4, 296.5519014952394],[6, 3309.4763005447094],[10, 723315.8696852389],[8, 1443322.559123875],[15, 2163328.346697439],[16, 2883334.259772919],[9, 3603341.2259601164],[14, 4323347.733076819],[18, 5043353.887349605],[12, 5763361.028549982],[3, 6483367.064377274],[0, 7203372.940727815],[1, 7923378.966839971],[5, 8643385.225055465],[7, 9363390.929666778]],"pathLength": 9363390.929666778}
{ "path": [5,19,18,3,2,6,10,16,14,13,17,4,9,11,1,7,12,15,8],"timedPath": [[4, 0],[18, 238.66798705236909],[17, 268.21739867690934],[2, 299.2315508082226],[1, 305.66289376724194],[5, 824.9211092621745],[9, 720832.1703363312],[15, 1440839.0397734866],[13, 2160845.2885037265],[12, 2880851.9721317226],[16, 3600857.8317962503],[3, 4320863.903455982],[8, 5040869.940326229],[10, 5760876.629764865],[0, 6480882.735250045],[6, 7200888.485334047],[11, 7920894.184607319],[14, 8640899.765446234],[7, 9360905.770987248]],"pathLength": 9360905.770987248}
{ "path": [18,14,5,3,2,12,11,6,19,7,15,13,10,16,9,4,17,1,8],"timedPath": [[17, 0],[13, 268.5290895607024],[4, 296.6953065827177],[2, 326.8517614645611],[1, 333.2831044235804],[11, 339.495827113129],[10, 7296.943239862739],[5, 727303.5324598261],[18, 1447310.4166401625],[6, 2167317.145373322],[14, 2887323.00503785],[12, 3607329.1261860905],[9, 4327336.657491877],[15, 5047343.526929032],[8, 5767349.314502596],[3, 6487355.351372843],[16, 7207361.423032574],[0, 7927366.67769288],[7, 8647372.560515271]],"pathLength": 8647372.560515271}
{ "path": [5,4,3,6,17,10,14,12,18,1,13,2,15,11,7,19,9,16,8],"timedPath": [[4, 0],[3, 320.1164461578919],[2, 326.60218286999],[5, 540.6205967383024],[16, 545.9736685551056],[9, 552.9398557524837],[13, 4725.995322962103],[11, 724732.1021110122],[17, 1444755.1023039124],[0, 2164779.230526226],[12, 2884785.1648978335],[1, 3604791.3706485685],[14, 4324797.325162441],[10, 5044803.213842178],[6, 5764809.607226872],[18, 6484816.3359600315],[8, 7204823.339143886],[15, 7924829.12671745],[7, 8644834.548938468]],"pathLength": 8644834.548938468}
{ "path": [18,16,5,4,15,11,12,19,9,3,7,14,13,2,10,6,1,17,8],"timedPath": [[17, 0],[15, 199.9064210623774],[4, 219.40666052400164],[3, 566.5231066818935],[14, 572.3559492783378],[10, 578.2446290153521],[11, 4279.692041764962],[18, 724286.422899418],[8, 1444293.4260832723],[2, 2164300.5812377934],[6, 2884307.49305668],[13, 3604313.88359419],[12, 4324320.567222185],[1, 5044326.772972921],[9, 5764333.379330258],[5, 6484340.628557327],[0, 7204346.149764851],[16, 7924351.404425156],[7, 8644357.323243553]],"pathLength": 8644357.323243553}
{ "path": [3,16,14,5,13,2,12,10,17,18,19,6,11,9,4,1,7,15,8],"timedPath": [[2, 0],[15, 186.66572845238275],[13, 245.91445869237754],[4, 274.08067571439284],[12, 297.84102535465354],[1, 304.0467760897786],[11, 310.25949877932715],[9, 5597.347437210411],[16, 725604.3136244077],[17, 1445628.4145987867],[18, 2165657.9640104114],[5, 2885664.848190748],[10, 3605671.4374107113],[8, 4325678.126849348],[3, 5045684.1637195945],[0, 5765690.040070135],[6, 6485695.790154138],[14, 7205701.649818665],[7, 7925707.655359678]],"pathLength": 7925707.655359678}
{ "path": [18,14,5,13,6,19,17,10,2,15,9,3,16,1,7,4,11,12,8],"timedPath": [[17, 0],[13, 268.5290895607024],[4, 296.6953065827177],[12, 338.4556562229784],[5, 461.99104885493466],[18, 468.87522919142333],[16, 475.4972996180686],[9, 493.4634868154467],[1, 500.0698441524841],[14, 561.0243580243633],[8, 568.937433504306],[2, 720576.0925880254],[15, 1440582.7583164778],[0, 2160588.521825655],[6, 2880594.2719096574],[3, 3600599.8381750314],[10, 4320605.784729112],[11, 5040612.232141862],[7, 5760618.019074712]],"pathLength": 5760618.019074712}
{ "path": [5,3,18,11,2,17,19,1,4,9,10,13,14,16,12,7,6,15,8],"timedPath": [[4, 0],[2, 161.1564548818434],[17, 192.17060701315665],[10, 551.454133564301],[1, 557.3507243133928],[16, 563.5852943140826],[18, 570.2073647407279],[0, 576.5874993401227],[3, 582.4638498803388],[8, 588.5007201267584],[9, 595.883423824906],[12, 1254.414729610856],[13, 721261.0983576069],[15, 1441267.347087847],[11, 2161273.1959555317],[6, 2881278.895228803],[5, 3601284.544487736],[14, 4321290.290815758],[7, 5041296.29635677]],"pathLength": 5041296.29635677}
{ "path": [5,15,18,3,12,19,16,10,1,11,9,4,14,17,2,13,6,7,8],"timedPath": [[4, 0],[14, 264.80039281316294],[17, 289.7684228167017],[2, 320.78257494801494],[11, 327.6389769603357],[18, 494.3698346134179],[15, 500.8414881952399],[9, 509.71092535038963],[0, 516.4458165274787],[10, 525.5513017071397],[8, 551.240740343389],[3, 559.2776105898087],[13, 4363.470382964202],[16, 724369.4296410074],[1, 1444375.6642110082],[12, 2164381.8699617432],[5, 2884387.405354375],[6, 3604393.054613308],[7, 4324398.206463376]],"pathLength": 4324398.206463376}
{ "path": [18,11,5,3,13,10,9,2,6,19,16,17,4,1,14,15,7,12,8],"timedPath": [[17, 0],[10, 267.28352655114435],[4, 293.75443710472825],[2, 323.91089198657164],[12, 437.2203113683553],[9, 539.7516171543053],[8, 556.1343208524529],[1, 562.350603400998],[5, 568.6088188959305],[18, 575.4929992324193],[15, 581.9646528142413],[16, 587.877728294184],[3, 593.9493880255872],[0, 599.8257385658032],[13, 2246.594889513205],[14, 722252.1575805886],[6, 1442258.0172451162],[11, 2162263.7165183877],[7, 2882269.5034512384]],"pathLength": 2882269.5034512384}
{ "path": [5,3,18,12,4,7,11,17,19,6,10,9,16,15,2,13,14,1,8],"timedPath": [[4, 0],[2, 161.1564548818434],[17, 192.17060701315665],[11, 215.1707999133576],[3, 502.2110005867038],[6, 507.7772659607768],[10, 520.170650654995],[16, 526.5272463895944],[18, 533.1493168162398],[5, 540.0334971527285],[9, 547.2827242218532],[8, 560.6654279200008],[15, 566.4530014838355],[14, 572.2421288994199],[1, 578.196642771299],[12, 1802.4023935064242],[13, 721809.0860215024],[0, 1441814.8551724497],[7, 2161820.7379948418]],"pathLength": 2161820.7379948418}
{ "path": [18,14,5,3,13,19,7,10,17,11,1,16,2,9,15,4,12,6,8],