{ "path": [18,5,15,6,9,12,17,4,16,7,10,11,14,1,19,3,13,2,8],"timedPath": [[17, 0],[4, 65.02684166591297],[14, 262.80982299065255],[5, 290.55615101189477],[8, 383.8108113172441],[11, 389.23080785228694],[16, 394.40269045808856],[3, 450.47435018949176],[15, 455.73405376275446],[6, 461.04082284652833],[9, 468.16580842965413],[10, 473.90163522056514],[13, 533.577432000639],[0, 539.3465829480407],[18, 545.7267175474354],[2, 7750.943137191821],[12, 14958.252556573603],[1, 22164.458307308727],[7, 29370.290890304375]],"pathLength": 29370.290890304375}
{ "path": [18,5,1,17,12,6,9,13,2,16,4,10,19,11,7,3,14,15,8],"timedPath": [[17, 0],[4, 65.02684166591297],[0, 202.17219089646295],[16, 244.42685120181224],[11, 249.59873380761388],[5, 287.78237196536634],[8, 382.0370322707156],[12, 399.3183137716486],[1, 405.52406450677364],[15, 410.95773537995944],[3, 451.21743895322214],[9, 457.89373233984065],[18, 463.29152445330476],[10, 469.6295827447892],[6, 476.0229674390074],[2, 7682.93478632592],[13, 14888.765549844615],[14, 22094.32824092002],[7, 29300.333781932808]],"pathLength": 29300.333781932808}
{ "path": [3,19,11,10,13,9,1,12,17,15,14,7,6,16,4,2,18,5,8],"timedPath": [[2, 0],[18, 215.21641964438558],[10, 252.55447793587007],[9, 332.2903047267811],[12, 340.8216105127311],[8, 407.10289201366413],[0, 412.80750332654907],[11, 418.1605751433523],[16, 423.3324577491539],[14, 447.80202815048904],[13, 495.3647192258916],[6, 501.75525673573367],[5, 507.40451566889044],[15, 513.2630059055666],[3, 518.5227094788294],[1, 523.7027815076409],[17, 7743.959903298643],[4, 14948.986744964557],[7, 22166.334965796028]],"pathLength": 22166.334965796028}
{ "path": [18,5,1,12,6,9,17,14,2,16,13,7,15,11,4,19,3,10,8],"timedPath": [[17, 0],[4, 65.02684166591297],[0, 202.17219089646295],[11, 207.52526271326613],[5, 290.70890087101856],[8, 383.9635611763679],[16, 389.55472911164975],[13, 407.51398715491376],[1, 413.75977097787444],[15, 419.19344185106024],[12, 456.9696801780868],[6, 462.4392505794219],[14, 472.2989151071515],[10, 478.18759484416574],[3, 486.1341489252136],[18, 492.41546120027976],[2, 7697.631880844665],[9, 14902.86373208015],[7, 22110.133782669727]],"pathLength": 22110.133782669727}
{ "path": [3,2,16,15,14,4,7,13,9,6,17,1,12,11,19,10,5,18,8],"timedPath": [[2, 0],[1, 65.43134295901933],[15, 184.86501383220514],[14, 245.6541412477895],[13, 251.21683232319205],[3, 315.40960469758573],[6, 332.97587007165873],[12, 339.4454404729939],[8, 406.7267219739269],[5, 411.9813822792762],[16, 417.3344540960794],[0, 422.58911440142873],[11, 427.94218621823194],[10, 441.38959896784195],[18, 446.7276572593264],[9, 452.1254493727905],[4, 7682.048208081224],[17, 14887.075049747138],[7, 22104.423270578613]],"pathLength": 22104.423270578613}
{ "path": [18,5,16,2,4,13,19,14,7,6,12,15,3,10,9,1,17,11,8],"timedPath": [[17, 0],[4, 65.02684166591297],[15, 197.78200953464741],[1, 203.21568040783322],[3, 305.3957524366447],[12, 311.4315797286548],[18, 322.57278010640744],[13, 328.3603536702421],[6, 339.7508911800842],[5, 346.40015011324095],[11, 351.5837882709934],[14, 416.1646271859227],[2, 422.44019035126627],[9, 428.6720415867504],[8, 445.054745284898],[0, 450.7593565977829],[16, 456.01401690313224],[10, 463.3706126377317],[7, 480.90722728359003]],"pathLength": 480.90722728359003}
