{ "path": [2,4,15,14,10,3,19,1,12,6,17,16,7,9,13,11,5,18,8],"timedPath": [[1, 0],[3, 305.18007202881154],[14, 350.0129146252558],[13, 358.57560570065834],[9, 383.6310729102782],[2, 388.86292414576235],[18, 394.07934379014796],[0, 400.4594783895427],[11, 405.8125502063459],[5, 410.9961883640984],[16, 416.3492601809016],[15, 422.26233566084426],[6, 427.56910474461813],[8, 442.084752562023],[12, 494.36603406295603],[10, 501.1797526557303],[4, 7726.5474148409485],[17, 14931.574256506861],[7, 22148.922477338332]],"pathLength": 22148.922477338332}
{ "path": [18,5,19,3,10,13,9,16,4,2,17,1,12,15,14,6,7,11,8],"timedPath": [[17, 0],[4, 65.02684166591297],[18, 236.47868709108522],[2, 241.6951067354708],[9, 317.92695797095496],[12, 325.458263756905],[8, 402.739545257838],[15, 408.5271188216727],[3, 450.78682239493537],[1, 455.9668944237469],[16, 462.2014644244367],[0, 467.45612472978604],[11, 480.80919654658925],[14, 487.39003546151855],[13, 550.9527265369211],[5, 557.2377451181095],[6, 562.8870040512663],[10, 569.2803887454845],[7, 575.8170033913428]],"pathLength": 575.8170033913428}
{ "path": [18,5,12,11,19,3,1,4,16,2,9,17,6,13,7,15,14,10,8],"timedPath": [[17, 0],[4, 65.02684166591297],[11, 141.37083048159656],[10, 245.81824323120657],[18, 299.156301522691],[2, 304.37272116707663],[0, 313.8760560103229],[3, 376.752406550539],[15, 382.0121101238017],[1, 387.4457809969875],[8, 420.6620635455326],[16, 426.25323148081446],[5, 431.60630329761767],[12, 477.1416959295739],[6, 482.6112663309091],[14, 489.47093085863867],[13, 554.0336219340412],[9, 560.089089143661],[7, 567.3591397332389]],"pathLength": 567.3591397332389}
{ "path": [18,5,13,2,16,7,6,9,3,19,11,10,14,1,12,17,15,4,8],"timedPath": [[17, 0],[4, 65.02684166591297],[12, 257.08013776734606],[1, 263.2858885024711],[15, 321.7195593756569],[6, 335.0263284594308],[5, 341.67558739258754],[8, 407.9302476979368],[2, 415.08540221899955],[18, 420.30182186338516],[10, 435.6398801548696],[9, 442.3757069457806],[13, 486.43117415540047],[0, 492.2003251028022],[11, 516.5533969196053],[16, 521.725279525407],[14, 527.1948499267421],[3, 533.0276925231864],[7, 539.7009254111964]],"pathLength": 539.7009254111964}
{ "path": [18,5,3,10,14,15,17,12,7,4,2,6,9,1,13,19,11,16,8],"timedPath": [[17, 0],[4, 65.02684166591297],[2, 105.89067238386717],[9, 247.12252361935128],[13, 253.17799082897113],[14, 266.7406819043737],[16, 316.2102523057088],[11, 321.38213491151043],[6, 335.08140818302115],[3, 411.6476735570942],[1, 416.82774558590575],[5, 423.0859610808383],[8, 439.3406213861876],[0, 445.0452326990725],[12, 499.9796043063854],[18, 507.120804684138],[10, 512.4588629756225],[15, 518.5924748382422],[7, 526.014695856131]],"pathLength": 526.014695856131}
{ "path": [5,18,16,4,2,15,1,6,14,3,19,11,7,13,17,9,12,10,8],"timedPath": [[4, 0],[17, 5.026841665912969],[15, 198.16732014405756],[3, 304.42702371732025],[1, 309.6070957461318],[14, 357.561609618011],[0, 362.7893847195838],[5, 368.3105922428993],[13, 380.59561082408777],[2, 386.42637434278146],[18, 391.64279398716707],[10, 422.9808522786515],[6, 429.3742369728697],[12, 473.84380737420486],[16, 479.70347190193445],[8, 486.2946398372163],[11, 507.7146363722592],[9, 514.8025748033427],[7, 524.0726253929206]],"pathLength": 524.0726253929206}
{ "path": [18,5,16,11,3,14,4,2,7,1,15,13,9,17,6,12,19,10,8],"timedPath": [[17, 0],[4, 65.02684166591297],[15, 197.78200953464741],[10, 248.91562139726705],[2, 254.45490296858077],[13, 260.28566648727445],[3, 319.4784388616681],[1, 324.65851089047965],[6, 336.3956096387634],[0, 342.14569364125146],[14, 406.37346874282423],[12, 436.4946169835071],[8, 448.7758984844401],[16, 454.367066419722],[5, 459.7201382365252],[11, 470.90377639427766],[18, 477.6346340473599],[9, 483.032426160824],[7, 496.3024767504018]],"pathLength": 496.3024767504018}
{ "path": [5,18,14,15,1,7,13,6,2,16,17,12,10,3,19,11,4,9,8],"timedPath": [[4, 0],[17, 5.026841665912969],[13, 266.34692662468206],[14, 284.9096177000846],[0, 302.13739280165737],[6, 330.8874768041454],[12, 337.35704720548057],[5, 343.8924398374368],[1, 350.15065533236935],[15, 358.58432620555516],[16, 368.49740168549783],[11, 373.66928429129945],[9, 392.757222722383],[2, 397.98907395786716],[18, 403.2054936022528],[10, 426.54355189373723],[3, 455.4901059747851],[8, 464.52697622120473],[7, 480.04818374452026]],"pathLength": 480.04818374452026}
{ "path": [5,18,1,14,15,13,9,6,7,17,12,19,3,10,11,16,2,4,8],"timedPath": [[4, 0],[17, 5.026841665912969],[0, 202.17219089646295],[13, 244.9413418438647],[14, 256.5040329192673],[12, 262.62518115995016],[8, 354.90646266088316],[5, 360.1611229662325],[6, 365.81038189938926],[16, 373.62405600276645],[11, 378.79593860856806],[18, 385.5267962616503],[2, 390.7432159060359],[9, 401.97506714152007],[10, 426.7108939324311],[15, 432.8445057950507],[1, 438.2781766682365],[3, 458.458248697048],[7, 476.1314815850581]],"pathLength": 476.1314815850581}
{ "path": [5,18,6,9,13,3,19,2,4,16,7,12,17,1,14,11,10,15,8],"timedPath": [[4, 0],[17, 5.026841665912969],[5, 147.15119245119934],[8, 258.4058527565486],[12, 263.6871342574816],[2, 270.99655363926524],[18, 302.21297328365085],[1, 308.4325689924692],[3, 366.61264102128075],[15, 372.87234459454345],[6, 378.1791136783173],[11, 383.87838694982804],[16, 389.05026955562965],[0, 394.304929860979],[13, 414.0740808083807],[10, 431.7498775884545],[9, 438.48570437936553],[14, 455.9928210826044],[7, 474.99836209539535]],"pathLength": 474.99836209539535}
