{
  "path": [18, 5, 3, 2, 6, 19, 16, 8, 7, 1, 4, 15, 14, 13, 10, 17, 9, 12, 11],
  "timedPath": [
    [17, 0],
    [4, 65.02684166591297],
    [2, 105.89067238386717],
    [1, 112.32201534288652],
    [5, 224.58023083781904],
    [18, 290.46441117430777],
    [15, 325.9360647561298],
    [7, 416.3582857740186],
    [6, 421.51013584173376],
    [0, 427.2602198442218],
    [3, 455.1365703844379],
    [14, 466.9694129808822],
    [13, 524.5321040562848],
    [12, 574.2157320523239],
    [9, 581.747037838274],
    [16, 588.713225035652],
    [8, 594.3043929709339],
    [11, 626.7243895059768],
    [10, 633.1718022555867]
  ],
  "pathLength": 633.1718022555867
}
