{ "path": [3,2,5,18,11,9,1,16,7,6,12,14,10,15,4,17,19,13,8],"timedPath": [[2, 0],[1, 6.43134295901934],[4, 25.89796210684866],[17, 30.924803772761628],[10, 266.06332698333335],[8, 272.7527656195827],[0, 278.45737693246764],[15, 284.2208861097141],[6, 289.527655193488],[5, 295.17691412664476],[11, 300.3605522843972],[13, 306.4673403344924],[9, 312.52280754411225],[14, 319.0299242473511],[3, 324.86276684379544],[16, 330.93442657519864],[18, 337.5564970018439],[12, 344.69769737959655],[7, 350.0896500258706]],"pathLength": 350.0896500258706}
{ "path": [2,3,5,18,1,16,12,6,19,10,15,17,7,13,9,11,14,4,8],"timedPath": [[1, 0],[2, 6.43134295901934],[4, 35.29517367697355],[17, 40.322015342886516],[0, 202.4673645734365],[15, 208.23087375068297],[11, 214.07974143518064],[5, 219.2633795929331],[18, 226.1475599294218],[9, 244.54535204288592],[14, 251.05246874612482],[16, 256.52203914745996],[6, 262.33571325083716],[12, 267.8052836521723],[8, 273.0865651531053],[10, 279.77600378935466],[13, 285.4518005694285],[3, 305.64457294382214],[7, 311.31780583183223]],"pathLength": 311.31780583183223}
{ "path": [2,3,18,5,1,12,6,16,19,10,7,15,9,13,17,14,11,4,8],"timedPath": [[1, 0],[2, 6.43134295901934],[17, 36.10879952627304],[4, 41.13564119218601],[0, 202.28099042273598],[11, 207.63406223953916],[5, 212.81770039729162],[15, 218.6761906339678],[18, 225.14784421578983],[9, 244.54563632925397],[6, 251.6706219123798],[14, 257.53028644010936],[8, 263.44336192005204],[12, 268.72464342098505],[16, 274.5843079487146],[13, 280.5435659919786],[10, 286.2193627720524],[3, 305.16591685310027],[7, 310.83914974111036]],"pathLength": 310.83914974111036}
{ "path": [18,5,2,3,1,16,12,6,19,14,15,10,11,13,9,17,7,4,8],"timedPath": [[17, 0],[4, 5.026841665912969],[1, 24.49346081374229],[2, 30.924803772761628],[0, 186.42813861600789],[15, 192.19164779325436],[11, 198.04051547775202],[5, 203.22415363550448],[18, 216.10833397199318],[13, 244.89590753582783],[14, 250.45859861123037],[9, 256.96571531446926],[10, 262.70154210538027],[12, 269.5152606981545],[8, 274.7965421990875],[16, 280.3877101343694],[6, 286.2013842377466],[3, 304.7676496118196],[7, 310.4408824998297]],"pathLength": 310.4408824998297}
{ "path": [18,5,2,3,12,6,1,16,14,19,11,17,15,10,9,13,7,4,8],"timedPath": [[17, 0],[4, 5.026841665912969],[1, 24.49346081374229],[2, 30.924803772761628],[11, 126.78120578508239],[5, 131.96484394283485],[0, 185.4860514661504],[15, 191.24956064339688],[13, 245.4982908833917],[18, 251.28586444722634],[10, 256.6239227387108],[16, 262.9805184733102],[14, 268.45008887464536],[9, 274.9572055778842],[8, 282.33990927603185],[12, 287.62119077696485],[6, 293.0907611783],[3, 304.65702655237305],[7, 310.33025944038314]],"pathLength": 310.33025944038314}
{ "path": [5,18,2,3,6,12,16,1,19,9,11,17,14,10,15,13,7,4,8],"timedPath": [[4, 0],[17, 5.026841665912969],[1, 25.28396345691596],[2, 31.7153064159353],[5, 126.73372028424772],[11, 131.91735844200016],[15, 185.76622612649783],[0, 191.5297353037443],[18, 215.90986990313905],[8, 246.91305375750795],[10, 253.6024923937573],[16, 259.9590881283567],[13, 265.9183461716207],[9, 271.9738133812406],[14, 278.48093008447944],[12, 284.6020783251623],[6, 290.0716487264975],[3, 304.63791410057047],[7, 310.31114698858056]],"pathLength": 310.31114698858056}
{ "path": [18,5,2,3,19,12,6,1,7,15,17,10,14,11,13,9,16,4,8],"timedPath": [[17, 0],[4, 5.026841665912969],[1, 24.49346081374229],[2, 30.924803772761628],[18, 215.14122341714722],[11, 221.87208107022943],[5, 227.05571922798188],[0, 232.57692675129744],[6, 245.32701075378546],[14, 251.18667528151502],[16, 256.65624568285017],[9, 263.62243288022825],[13, 269.6779000898481],[10, 275.3536968699219],[12, 282.16741546269617],[8, 287.4486969636292],[15, 293.23627052746383],[3, 304.4959741007265],[7, 310.1692069887366]],"pathLength": 310.1692069887366}
{ "path": [18,5,2,3,19,1,12,14,15,7,13,6,9,17,10,11,16,4,8],"timedPath": [[17, 0],[4, 5.026841665912969],[1, 24.49346081374229],[2, 30.924803772761628],[18, 215.14122341714722],[0, 221.52135801654197],[11, 226.87442983334515],[13, 245.98121788344034],[14, 251.54390895884288],[6, 257.40357348657244],[12, 262.8731438879076],[5, 268.40853651986384],[8, 273.66319682521316],[16, 279.25436476049504],[9, 286.2205519578731],[10, 291.9563787487841],[15, 298.0899906114037],[3, 304.3496941846664],[7, 310.0229270726765]],"pathLength": 310.0229270726765}
{ "path": [5,18,3,2,19,12,6,1,7,13,9,15,14,11,10,17,16,4,8],"timedPath": [[4, 0],[17, 5.026841665912969],[2, 34.70429823316667],[1, 41.13564119218601],[18, 215.35523690100436],[11, 222.08609455408657],[5, 227.26973271183903],[0, 232.79094023515458],[6, 245.5410242376426],[12, 251.01059463897772],[8, 256.29187613991076],[14, 262.20495161985343],[13, 267.767642695256],[10, 273.4434394753298],[9, 279.1792662662408],[16, 286.1454534636189],[15, 292.05852894356156],[3, 304.31823251682425],[7, 309.99146540483434]],"pathLength": 309.99146540483434}
